id,fecha_creacion,fecha_cierre,area,categoria,prioridad,canal,solicitante,asunto,descripcion,estado,reaperturas
TK-00183,2025-03-08,2025-04-19,Operaciones,Hardware,alta,Telefono,usuario117@lafortuna.com.co,El teclado dejó de responder,El solicitante indica que la novedad se presenta de forma intermitente desde hace tres días.,REABIERTO,2
TK-00378,2026-06-12,,Compras,Vacaciones,1-Alta,correo,usuario085@lafortuna.com.co,Me negaron las vacaciones solicitadas,Se adjunta captura de pantalla del mensaje de error recibido.,abierto,0
TK-00888,2025-06-30,2025-07-05,Talento Humano,Sin clasificar,2-Media,Mesa de ayuda,usuario109@lafortuna.com.co,Pendiente por definir,El caso fue reportado por teléfono y se registra para trazabilidad.,Cerrado,0
TK-01545,2025-01-20,,Comercial,Compras,Alta,correo,usuario061@lafortuna.com.co,Necesito cotización para equipos de la bodega,El solicitante indica que la novedad se presenta de forma intermitente desde hace tres días.,abierto,0
TK-01349,2026-05-12,2026-05-31,Talento Humano,Hardware,Baja,Mesa de ayuda,usuario044@lafortuna.com.co,El portátil no enciende desde ayer,El usuario reporta la novedad desde el inicio de la jornada y requiere solución para continuar con su labor.,En proceso,0
TK-01244,2025-08-19,2025-08-29,Calidad,Compras,2-Media,Formulario web,usuario103@lafortuna.com.co,Estado de la orden de compra 4471,El usuario reporta la novedad desde el inicio de la jornada y requiere solución para continuar con su labor.,Escalado,0
TK-00240,2026-01-20,,Operaciones,Vacaciones,3-Baja,Correo,usuario078@lafortuna.com.co,Cuántos días tengo acumulados,Se solicita atención prioritaria porque afecta la operación del área y el cierre del periodo.,Abierto,0
TK-01276,2026-05-16,2026-06-22,Contabilidad,Hardware,Baja,Formulario web,usuario180@lafortuna.com.co,El portátil no enciende desde ayer,El usuario reporta la novedad desde el inicio de la jornada y requiere solución para continuar con su labor.,Cerrado,0
TK-01025,2026-03-11,2026-03-21,Comercial,Incidente,baja,Telefono,usuario085@lafortuna.com.co,Pérdida de información en el módulo de inventario,,CERRADO,0
TK-00048,2025-07-20,2025-08-29,Calidad,Accesos,media,Correo,usuario120@lafortuna.com.co,Se bloqueó mi usuario tras varios intentos,Se adjunta captura de pantalla del mensaje de error recibido.,CERRADO,0
TK-01492,2026-02-27,,Talento Humano,Software,baja,Formulario web,usuario149@lafortuna.com.co,La aplicación se cierra al generar el informe,Se adjunta captura de pantalla del mensaje de error recibido.,Abierto,0
TK-00452,2025-06-03,,Talento Humano,Software,2-Media,Correo,usuario048@lafortuna.com.co,Error al guardar el formulario de ingreso,Requerimiento remitido por la jefatura del área para gestión.,Escalado,0
TK-01120,2026-03-07,2026-03-30,Calidad,Viáticos,ALTA,Formulario web,usuario038@lafortuna.com.co,Cuál es el monto autorizado para hospedaje,El solicitante indica que la novedad se presenta de forma intermitente desde hace tres días.,Escalado,0
TK-00417,2025-06-12,,Aplicaciones,Red,Media,correo,usuario033@lafortuna.com.co,Muy lenta la conexión en la bodega,El usuario reporta la novedad desde el inicio de la jornada y requiere solución para continuar con su labor.,en proceso,0
TK-00238,2025-05-26,,Calidad,Nómina,CRITICA,Teléfono,usuario172@lafortuna.com.co,Error en el descuento de la quincena,El usuario reporta la novedad desde el inicio de la jornada y requiere solución para continuar con su labor.,En proceso,0
TK-01764,2025-10-10,,Talento Humano,Vacaciones,baja,correo,usuario148@lafortuna.com.co,Con cuánta anticipación debo solicitar vacaciones,Se solicita atención prioritaria porque afecta la operación del área y el cierre del periodo.,reabierto,2
TK-00614,2026-03-16,,Infraestructura,Accesos,1-Alta,Teléfono,usuario012@lafortuna.com.co,Se bloqueó mi usuario tras varios intentos,Requerimiento remitido por la jefatura del área para gestión.,Reabierto,2
TK-00607,2025-02-15,,Infraestructura,Incidente,baja,Telefono,usuario176@lafortuna.com.co,Se cayó el servicio de facturación,El usuario reporta la novedad desde el inicio de la jornada y requiere solución para continuar con su labor.,abierto,0
TK-01847,2025-11-28,2025-12-02,Contabilidad,Accesos,MEDIA,Correo,usuario109@lafortuna.com.co,Necesito acceso a la carpeta compartida de mi área,Se solicita atención prioritaria porque afecta la operación del área y el cierre del periodo.,cerrado,0
TK-00682,2025-11-07,2025-11-12,Calidad,Sin clasificar,CRITICA,Mesa de ayuda,usuario170@lafortuna.com.co,Requerimiento del área,Se adjunta captura de pantalla del mensaje de error recibido.,Cerrado,0
TK-00390,2025-06-10,2025-07-24,Contabilidad,Accesos,Baja,formulario,usuario113@lafortuna.com.co,No puedo entrar al sistema Centrica,Se adjunta captura de pantalla del mensaje de error recibido.,cerrado,0
TK-01836,2026-04-17,,Comercial,Sin clasificar,baja,Teléfono,usuario118@lafortuna.com.co,La impresora de la sede norte imprime rayada,El usuario reporta la novedad desde el inicio de la jornada y requiere solución para continuar con su labor.,Escalado,0
TK-00088,2026-01-26,,Operaciones,Sin clasificar,Alta,formulario,usuario117@lafortuna.com.co,Cuándo es la próxima inducción,Requerimiento remitido por la jefatura del área para gestión.,En proceso,0
TK-01729,2025-07-26,2025-09-04,Infraestructura,Accesos,Crítica,Formulario web,usuario006@lafortuna.com.co,Solicito permiso al módulo de cartera,Se adjunta captura de pantalla del mensaje de error recibido.,Reabierto,2
TK-01642,2025-10-16,,Contabilidad,Hardware,2-Media,Correo,usuario138@lafortuna.com.co,Necesito un monitor adicional para el puesto,El usuario reporta la novedad desde el inicio de la jornada y requiere solución para continuar con su labor.,reabierto,2
TK-01517,2025-08-15,2025-09-04,Calidad,Software,3-Baja,correo,usuario030@lafortuna.com.co,Necesito que instalen el visor de planos,Se adjunta captura de pantalla del mensaje de error recibido.,Reabierto,1
TK-01342,2026-04-26,,Aplicaciones,Sin clasificar,Media,Mesa de ayuda,usuario140@lafortuna.com.co,La versión instalada no coincide con la del área,Requerimiento remitido por la jefatura del área para gestión.,abierto,0
TK-01409,2025-10-23,2025-11-09,Infraestructura,Accesos,media,correo,usuario095@lafortuna.com.co,Se bloqueó mi usuario tras varios intentos,El caso fue reportado por teléfono y se registra para trazabilidad.,CERRADO,0
TK-00855,2026-03-10,,Talento Humano,Compras,baja,Telefono,usuario030@lafortuna.com.co,El proveedor no ha entregado lo solicitado,El usuario reporta la novedad desde el inicio de la jornada y requiere solución para continuar con su labor.,Abierto,0
TK-01591,2025-03-01,,Aplicaciones,Software,3-Baja,correo,usuario106@lafortuna.com.co,La versión instalada no coincide con la del área,,Abierto,0
TK-01906,2025-06-15,,Talento Humano,Hardware,3-Baja,Correo,usuario147@lafortuna.com.co,El portátil no enciende desde ayer,El usuario reporta la novedad desde el inicio de la jornada y requiere solución para continuar con su labor.,abierto,0
TK-00252,2026-02-19,2026-02-23,Infraestructura,Sin clasificar,ALTA,Formulario web,usuario167@lafortuna.com.co,Pendiente por definir,Se adjunta captura de pantalla del mensaje de error recibido.,Cerrado,0
TK-01635,2025-07-05,,Operaciones,Software,Alta,Teléfono,usuario109@lafortuna.com.co,La aplicación se cierra al generar el informe,El usuario reporta la novedad desde el inicio de la jornada y requiere solución para continuar con su labor.,REABIERTO,3
TK-01552,2026-03-21,,Calidad,Viáticos,CRITICA,Telefono,usuario158@lafortuna.com.co,Cómo legalizo los viáticos del viaje a la costa,Se solicita atención prioritaria porque afecta la operación del área y el cierre del periodo.,Escalado,0
TK-00493,2026-05-07,2026-05-18,Talento Humano,Vacaciones,Crítica,Teléfono,usuario120@lafortuna.com.co,Cuántos días tengo acumulados,El usuario reporta la novedad desde el inicio de la jornada y requiere solución para continuar con su labor.,en proceso,0
TK-01632,2025-11-20,2025-12-24,Operaciones,Sin clasificar,3-Baja,Mesa de ayuda,usuario180@lafortuna.com.co,El reporte no incluye la sede nueva,El solicitante indica que la novedad se presenta de forma intermitente desde hace tres días.,Cerrado,0
TK-01441,2025-10-13,,Operaciones,Compras,MEDIA,Correo,usuario066@lafortuna.com.co,Estado de la orden de compra 4471,El usuario reporta la novedad desde el inicio de la jornada y requiere solución para continuar con su labor.,REABIERTO,1
TK-01684,2025-11-09,2025-11-22,Compras,Nómina,CRITICA,formulario,usuario118@lafortuna.com.co,Solicito certificado laboral con salario,,CERRADO,0
TK-01542,2026-03-04,,Calidad,Viáticos,Alta,Formulario web,usuario078@lafortuna.com.co,Necesito anticipo para comisión,El caso fue reportado por teléfono y se registra para trazabilidad.,reabierto,2
TK-00955,2026-01-06,,Calidad,Compras,Critica,Telefono,usuario051@lafortuna.com.co,Cómo registro un proveedor nuevo,,REABIERTO,2
TK-00539,2025-01-29,,Talento Humano,Accesos,Baja,Mesa de ayuda,usuario043@lafortuna.com.co,Solicito permiso al módulo de cartera,Se solicita atención prioritaria porque afecta la operación del área y el cierre del periodo.,abierto,0
TK-00991,2025-05-06,,Contabilidad,Accesos,Alta,Correo,usuario157@lafortuna.com.co,Necesito acceso a la carpeta compartida de mi área,Se solicita atención prioritaria porque afecta la operación del área y el cierre del periodo.,en proceso,0
TK-00191,2025-04-24,,Comercial,Hardware,Baja,formulario,usuario040@lafortuna.com.co,El teclado dejó de responder,Requerimiento remitido por la jefatura del área para gestión.,En proceso,0
TK-01118,2025-05-08,,Operaciones,Vacaciones,media,Formulario web,usuario071@lafortuna.com.co,Puedo dividir mis vacaciones en dos periodos,Se adjunta captura de pantalla del mensaje de error recibido.,reabierto,0
TK-01424,2025-04-18,2025-05-31,Infraestructura,Sin clasificar,Media,Correo,usuario149@lafortuna.com.co,Solicitud varias,El usuario reporta la novedad desde el inicio de la jornada y requiere solución para continuar con su labor.,cerrado,0
TK-01843,2025-02-25,,Talento Humano,Accesos,Critica,Telefono,usuario161@lafortuna.com.co,Se bloqueó mi usuario tras varios intentos,,reabierto,3
TK-00021,2026-03-25,2026-04-11,Talento Humano,Viáticos,media,Correo,usuario088@lafortuna.com.co,Cuál es el monto autorizado para hospedaje,Se solicita atención prioritaria porque afecta la operación del área y el cierre del periodo.,cerrado,1
TK-00293,2026-01-05,,Infraestructura,Accesos,Crítica,correo,usuario057@lafortuna.com.co,Necesito acceso a la carpeta compartida de mi área,,En proceso,0
TK-00396,2025-10-08,,Comercial,Vacaciones,baja,correo,usuario081@lafortuna.com.co,Con cuánta anticipación debo solicitar vacaciones,El caso fue reportado por teléfono y se registra para trazabilidad.,Escalado,0
TK-01100,2026-06-26,,Operaciones,Hardware,baja,Telefono,usuario127@lafortuna.com.co,El teclado dejó de responder,Requerimiento remitido por la jefatura del área para gestión.,abierto,0
TK-00812,2025-03-03,2025-03-28,Aplicaciones,Sin clasificar,Alta,Telefono,usuario143@lafortuna.com.co,Cómo registro un proveedor nuevo,El caso fue reportado por teléfono y se registra para trazabilidad.,Cerrado,0
TK-01141,2025-03-06,,Calidad,Sin clasificar,Baja,correo,usuario144@lafortuna.com.co,Se bloqueó mi usuario tras varios intentos,El usuario reporta la novedad desde el inicio de la jornada y requiere solución para continuar con su labor.,Abierto,0
TK-00154,2025-07-19,2025-08-31,Operaciones,Sin clasificar,media,Formulario web,usuario122@lafortuna.com.co,Necesito que instalen el visor de planos,El solicitante indica que la novedad se presenta de forma intermitente desde hace tres días.,En proceso,0
TK-00529,2025-11-29,,Talento Humano,Software,Media,Telefono,usuario074@lafortuna.com.co,Necesito que instalen el visor de planos,,REABIERTO,2
TK-00124,2025-10-29,,Comercial,Viáticos,MEDIA,Mesa de ayuda,usuario053@lafortuna.com.co,Necesito anticipo para comisión,El solicitante indica que la novedad se presenta de forma intermitente desde hace tres días.,Abierto,0
TK-01512,2025-04-19,2025-05-05,Calidad,Software,ALTA,formulario,usuario059@lafortuna.com.co,La versión instalada no coincide con la del área,El caso fue reportado por teléfono y se registra para trazabilidad.,CERRADO,0
TK-00490,2025-03-05,2025-03-14,Calidad,Hardware,media,Correo,usuario132@lafortuna.com.co,Necesito un monitor adicional para el puesto,El caso fue reportado por teléfono y se registra para trazabilidad.,Cerrado,0
TK-00257,2025-10-20,,Operaciones,Sin clasificar,Alta,formulario,usuario149@lafortuna.com.co,Se bloqueó mi usuario tras varios intentos,El caso fue reportado por teléfono y se registra para trazabilidad.,Reabierto,2
TK-01327,2026-02-27,,Infraestructura,Reportes,Critica,Mesa de ayuda,usuario050@lafortuna.com.co,Necesito el reporte de ventas del trimestre,El usuario reporta la novedad desde el inicio de la jornada y requiere solución para continuar con su labor.,En proceso,0
TK-00623,2025-05-08,2025-06-06,Compras,Sin clasificar,CRITICA,Mesa de ayuda,usuario166@lafortuna.com.co,La aplicación se cierra al generar el informe,Se adjunta captura de pantalla del mensaje de error recibido.,cerrado,0
TK-00761,2025-08-28,,Contabilidad,Software,MEDIA,Mesa de ayuda,usuario092@lafortuna.com.co,La aplicación se cierra al generar el informe,El solicitante indica que la novedad se presenta de forma intermitente desde hace tres días.,Escalado,0
TK-01388,2025-09-08,,Talento Humano,Viáticos,Media,Teléfono,usuario062@lafortuna.com.co,Cuál es el monto autorizado para hospedaje,Se adjunta captura de pantalla del mensaje de error recibido.,abierto,0
TK-01475,2025-03-02,,Operaciones,Nómina,alta,Teléfono,usuario009@lafortuna.com.co,Diferencia en el pago de horas extras,El solicitante indica que la novedad se presenta de forma intermitente desde hace tres días.,REABIERTO,2
TK-01837,2026-02-19,2026-03-25,Aplicaciones,Software,CRITICA,correo,usuario145@lafortuna.com.co,Error al guardar el formulario de ingreso,El solicitante indica que la novedad se presenta de forma intermitente desde hace tres días.,reabierto,0
TK-01018,2026-05-15,,Talento Humano,Sin clasificar,ALTA,Correo,usuario014@lafortuna.com.co,Solicito exportar el listado a Excel,,REABIERTO,1
TK-01404,2025-07-25,,Compras,Sin clasificar,CRITICA,Mesa de ayuda,usuario021@lafortuna.com.co,La aplicación se cierra al generar el informe,,reabierto,2
TK-00405,2026-01-11,,Compras,Sin clasificar,2-Media,correo,usuario054@lafortuna.com.co,Necesito acceso a la carpeta compartida de mi área,,Abierto,0
TK-01035,2025-04-18,,Calidad,Incidente,Baja,Formulario web,usuario162@lafortuna.com.co,Los usuarios reportan lentitud generalizada,Requerimiento remitido por la jefatura del área para gestión.,En proceso,0
TK-00133,2026-06-29,,Comercial,Vacaciones,media,Correo,usuario067@lafortuna.com.co,Me negaron las vacaciones solicitadas,,Escalado,0
TK-00833,2025-01-18,2025-02-28,Calidad,Sin clasificar,2-Media,Formulario web,usuario070@lafortuna.com.co,Solicito reposición de diadema dañada,El usuario reporta la novedad desde el inicio de la jornada y requiere solución para continuar con su labor.,Cerrado,0
TK-00029,2025-02-26,2025-03-08,Infraestructura,Accesos,Crítica,Correo,usuario027@lafortuna.com.co,Solicito permiso al módulo de cartera,El solicitante indica que la novedad se presenta de forma intermitente desde hace tres días.,CERRADO,0
TK-01253,2026-06-30,2026-07-11,Infraestructura,Incidente,baja,Mesa de ayuda,usuario042@lafortuna.com.co,Caída total del sistema en la sede principal,Se adjunta captura de pantalla del mensaje de error recibido.,Escalado,0
TK-00285,2026-06-05,,Infraestructura,Sin clasificar,Baja,Correo,usuario147@lafortuna.com.co,Aparece un mensaje de sesión expirada cada cinco minutos,El caso fue reportado por teléfono y se registra para trazabilidad.,en proceso,0
TK-01673,2026-05-29,2026-07-12,Contabilidad,Reportes,Media,Correo,usuario144@lafortuna.com.co,Solicito exportar el listado a Excel,Se adjunta captura de pantalla del mensaje de error recibido.,REABIERTO,1
TK-01336,2026-04-19,,Comercial,Sin clasificar,Crítica,Correo,usuario180@lafortuna.com.co,Aparece un mensaje de sesión expirada cada cinco minutos,,abierto,0
TK-01931,2026-05-29,,Contabilidad,Accesos,Critica,Correo,usuario138@lafortuna.com.co,Solicito permiso al módulo de cartera,Se adjunta captura de pantalla del mensaje de error recibido.,Escalado,0
TK-00215,2025-04-28,2025-06-07,Comercial,Sin clasificar,Media,formulario,usuario031@lafortuna.com.co,Cuándo es la próxima inducción,El usuario reporta la novedad desde el inicio de la jornada y requiere solución para continuar con su labor.,Cerrado,0
TK-01918,2025-03-29,2025-04-07,Aplicaciones,Viáticos,3-Baja,formulario,usuario063@lafortuna.com.co,Necesito anticipo para comisión,,Cerrado,1
TK-01003,2025-10-20,,Talento Humano,Software,media,Telefono,usuario059@lafortuna.com.co,Necesito que instalen el visor de planos,,Reabierto,3
TK-00881,2025-07-08,,Calidad,Incidente,ALTA,Teléfono,usuario123@lafortuna.com.co,Caída total del sistema en la sede principal,El caso fue reportado por teléfono y se registra para trazabilidad.,Abierto,0
TK-00262,2025-11-16,,Calidad,Software,Crítica,Telefono,usuario140@lafortuna.com.co,La versión instalada no coincide con la del área,El caso fue reportado por teléfono y se registra para trazabilidad.,En proceso,0
TK-00439,2026-02-13,,Infraestructura,Vacaciones,2-Media,Correo,usuario135@lafortuna.com.co,Me negaron las vacaciones solicitadas,Requerimiento remitido por la jefatura del área para gestión.,en proceso,0
TK-01307,2025-06-04,,Compras,Sin clasificar,baja,Teléfono,usuario004@lafortuna.com.co,Necesito el reporte de ventas del trimestre,Se solicita atención prioritaria porque afecta la operación del área y el cierre del periodo.,reabierto,3
TK-01668,2026-03-12,,Aplicaciones,Incidente,Crítica,Telefono,usuario053@lafortuna.com.co,Pérdida de información en el módulo de inventario,El caso fue reportado por teléfono y se registra para trazabilidad.,REABIERTO,3
TK-01637,2025-02-10,2025-03-19,Comercial,Accesos,2-Media,formulario,usuario001@lafortuna.com.co,Necesito acceso a la carpeta compartida de mi área,El solicitante indica que la novedad se presenta de forma intermitente desde hace tres días.,Cerrado,0
TK-01493,2025-03-18,,Infraestructura,Red,Media,correo,usuario013@lafortuna.com.co,Muy lenta la conexión en la bodega,El solicitante indica que la novedad se presenta de forma intermitente desde hace tres días.,En proceso,0
TK-00650,2025-06-03,2025-06-18,Calidad,Sin clasificar,CRITICA,formulario,usuario177@lafortuna.com.co,Cuándo es la próxima inducción,El solicitante indica que la novedad se presenta de forma intermitente desde hace tres días.,Cerrado,1
TK-00862,2026-06-21,,Infraestructura,Red,alta,Formulario web,usuario168@lafortuna.com.co,Sin internet en el segundo piso,El solicitante indica que la novedad se presenta de forma intermitente desde hace tres días.,En proceso,0
TK-01506,2025-12-04,,Aplicaciones,Red,2-Media,Correo,usuario029@lafortuna.com.co,La VPN se desconecta cada media hora,Se solicita atención prioritaria porque afecta la operación del área y el cierre del periodo.,abierto,0
TK-01630,2025-12-16,2025-12-19,Compras,Vacaciones,baja,Correo,usuario168@lafortuna.com.co,Me negaron las vacaciones solicitadas,Requerimiento remitido por la jefatura del área para gestión.,En proceso,0
TK-00560,2025-02-18,2025-04-02,Infraestructura,Red,2-Media,correo,usuario163@lafortuna.com.co,Sin internet en el segundo piso,El caso fue reportado por teléfono y se registra para trazabilidad.,CERRADO,0
TK-01896,2025-02-18,,Compras,Vacaciones,ALTA,Mesa de ayuda,usuario144@lafortuna.com.co,Con cuánta anticipación debo solicitar vacaciones,Se solicita atención prioritaria porque afecta la operación del área y el cierre del periodo.,abierto,0
TK-01372,2025-07-11,,Infraestructura,Red,1-Alta,Formulario web,usuario131@lafortuna.com.co,No carga el sistema desde la sede sur,Requerimiento remitido por la jefatura del área para gestión.,REABIERTO,1
TK-00698,2025-10-15,,Infraestructura,Software,Media,Mesa de ayuda,usuario174@lafortuna.com.co,Necesito que instalen el visor de planos,El caso fue reportado por teléfono y se registra para trazabilidad.,en proceso,0
TK-01908,2025-05-10,,Comercial,Viáticos,alta,Mesa de ayuda,usuario151@lafortuna.com.co,Necesito anticipo para comisión,El solicitante indica que la novedad se presenta de forma intermitente desde hace tres días.,Escalado,0
TK-00045,2025-12-16,,Aplicaciones,Red,baja,Correo,usuario081@lafortuna.com.co,Sin internet en el segundo piso,Requerimiento remitido por la jefatura del área para gestión.,reabierto,1
TK-01407,2025-07-21,,Operaciones,Sin clasificar,2-Media,formulario,usuario027@lafortuna.com.co,Solicito reposición de diadema dañada,El caso fue reportado por teléfono y se registra para trazabilidad.,Reabierto,2
TK-01267,2025-06-13,2025-07-20,Operaciones,Accesos,Media,Telefono,usuario066@lafortuna.com.co,Necesito acceso a la carpeta compartida de mi área,Se adjunta captura de pantalla del mensaje de error recibido.,CERRADO,0
TK-01771,2025-10-23,,Compras,Sin clasificar,MEDIA,Mesa de ayuda,usuario019@lafortuna.com.co,Estado de la orden de compra 4471,Requerimiento remitido por la jefatura del área para gestión.,abierto,0
TK-00612,2025-08-30,,Aplicaciones,Software,Baja,Correo,usuario031@lafortuna.com.co,Error al guardar el formulario de ingreso,El usuario reporta la novedad desde el inicio de la jornada y requiere solución para continuar con su labor.,reabierto,2
TK-01589,2025-09-27,,Aplicaciones,Sin clasificar,Crítica,formulario,usuario157@lafortuna.com.co,Necesito que instalen el visor de planos,El usuario reporta la novedad desde el inicio de la jornada y requiere solución para continuar con su labor.,Escalado,0
TK-00182,2026-03-09,,Compras,Sin clasificar,1-Alta,Correo,usuario134@lafortuna.com.co,Necesito que instalen el visor de planos,,Abierto,0
TK-01362,2025-01-02,2025-01-21,Talento Humano,Hardware,baja,formulario,usuario125@lafortuna.com.co,La impresora de la sede norte imprime rayada,Se solicita atención prioritaria porque afecta la operación del área y el cierre del periodo.,cerrado,0
TK-00780,2025-07-22,,Calidad,Vacaciones,alta,correo,usuario073@lafortuna.com.co,Me negaron las vacaciones solicitadas,El usuario reporta la novedad desde el inicio de la jornada y requiere solución para continuar con su labor.,abierto,0
TK-00072,2025-10-14,2025-11-21,Infraestructura,Software,baja,Formulario web,usuario092@lafortuna.com.co,La aplicación se cierra al generar el informe,Se adjunta captura de pantalla del mensaje de error recibido.,Cerrado,0
TK-00189,2025-04-11,,Compras,Hardware,1-Alta,Teléfono,usuario056@lafortuna.com.co,Solicito reposición de diadema dañada,El usuario reporta la novedad desde el inicio de la jornada y requiere solución para continuar con su labor.,REABIERTO,2
TK-01234,2025-08-19,,Calidad,Nómina,baja,Telefono,usuario095@lafortuna.com.co,Error en el descuento de la quincena,Requerimiento remitido por la jefatura del área para gestión.,REABIERTO,1
TK-01816,2025-05-16,,Infraestructura,Nómina,alta,Formulario web,usuario120@lafortuna.com.co,Diferencia en el pago de horas extras,,Reabierto,2
TK-01145,2025-04-26,,Compras,Accesos,MEDIA,correo,usuario164@lafortuna.com.co,Solicito permiso al módulo de cartera,,En proceso,0
TK-01352,2025-12-29,2026-01-29,Contabilidad,Accesos,Crítica,Correo,usuario139@lafortuna.com.co,No puedo entrar al sistema Centrica,Requerimiento remitido por la jefatura del área para gestión.,Cerrado,0
TK-00692,2026-06-02,,Infraestructura,Sin clasificar,baja,Mesa de ayuda,usuario073@lafortuna.com.co,Necesito que instalen el visor de planos,El caso fue reportado por teléfono y se registra para trazabilidad.,Abierto,0
TK-00728,2025-05-30,,Compras,Compras,Alta,Telefono,usuario074@lafortuna.com.co,Estado de la orden de compra 4471,,Escalado,0
TK-00018,2025-06-16,,Contabilidad,Sin clasificar,CRITICA,Telefono,usuario025@lafortuna.com.co,El informe muestra cifras distintas al sistema,Se adjunta captura de pantalla del mensaje de error recibido.,reabierto,1
TK-00765,2025-03-26,2025-04-27,Compras,Hardware,3-Baja,formulario,usuario110@lafortuna.com.co,El teclado dejó de responder,Se solicita atención prioritaria porque afecta la operación del área y el cierre del periodo.,CERRADO,1
TK-01017,2026-05-01,2026-06-11,Contabilidad,Red,Baja,Teléfono,usuario140@lafortuna.com.co,La VPN se desconecta cada media hora,El usuario reporta la novedad desde el inicio de la jornada y requiere solución para continuar con su labor.,Cerrado,1
TK-01929,2025-08-09,,Talento Humano,Accesos,1-Alta,Teléfono,usuario043@lafortuna.com.co,Necesito acceso a la carpeta compartida de mi área,El usuario reporta la novedad desde el inicio de la jornada y requiere solución para continuar con su labor.,Abierto,0
TK-01420,2025-11-15,,Compras,Software,baja,Formulario web,usuario039@lafortuna.com.co,La aplicación se cierra al generar el informe,El caso fue reportado por teléfono y se registra para trazabilidad.,abierto,0
TK-01265,2025-06-24,2025-06-25,Compras,Software,Baja,Formulario web,usuario009@lafortuna.com.co,Aparece un mensaje de sesión expirada cada cinco minutos,,Cerrado,0
TK-00435,2025-07-18,,Talento Humano,Sin clasificar,media,Teléfono,usuario122@lafortuna.com.co,La aplicación se cierra al generar el informe,El solicitante indica que la novedad se presenta de forma intermitente desde hace tres días.,reabierto,3
TK-01016,2026-06-11,2026-07-25,Aplicaciones,Red,2-Media,Mesa de ayuda,usuario150@lafortuna.com.co,La VPN se desconecta cada media hora,Se solicita atención prioritaria porque afecta la operación del área y el cierre del periodo.,cerrado,0
TK-00949,2025-11-19,2025-12-10,Infraestructura,Incidente,Media,correo,usuario051@lafortuna.com.co,Pérdida de información en el módulo de inventario,Requerimiento remitido por la jefatura del área para gestión.,CERRADO,0
TK-01666,2025-01-11,,Comercial,Incidente,Crítica,correo,usuario133@lafortuna.com.co,Los usuarios reportan lentitud generalizada,Requerimiento remitido por la jefatura del área para gestión.,En proceso,0
TK-00229,2025-01-22,,Operaciones,Sin clasificar,Alta,Correo,usuario053@lafortuna.com.co,Requerimiento del área,Se adjunta captura de pantalla del mensaje de error recibido.,reabierto,1
TK-00321,2025-04-05,,Comercial,Accesos,1-Alta,Telefono,usuario095@lafortuna.com.co,Solicito permiso al módulo de cartera,El usuario reporta la novedad desde el inicio de la jornada y requiere solución para continuar con su labor.,REABIERTO,3
TK-01127,2025-04-29,2025-05-07,Infraestructura,Sin clasificar,alta,Formulario web,usuario102@lafortuna.com.co,Cuándo es la próxima inducción,Se solicita atención prioritaria porque afecta la operación del área y el cierre del periodo.,Escalado,0
TK-01454,2025-02-01,2025-03-03,Infraestructura,Red,2-Media,Correo,usuario167@lafortuna.com.co,La VPN se desconecta cada media hora,,cerrado,1
TK-01326,2025-02-12,,Aplicaciones,Accesos,alta,correo,usuario053@lafortuna.com.co,Me retiraron el acceso y aún trabajo en el proceso,Se solicita atención prioritaria porque afecta la operación del área y el cierre del periodo.,REABIERTO,3
TK-00052,2025-08-21,,Talento Humano,Nómina,Media,Correo,usuario003@lafortuna.com.co,Diferencia en el pago de horas extras,El usuario reporta la novedad desde el inicio de la jornada y requiere solución para continuar con su labor.,Reabierto,1
TK-01444,2025-05-21,,Aplicaciones,Sin clasificar,Baja,correo,usuario019@lafortuna.com.co,Cuándo es la próxima inducción,El solicitante indica que la novedad se presenta de forma intermitente desde hace tres días.,Abierto,0
TK-00667,2026-02-22,,Contabilidad,Sin clasificar,Baja,Telefono,usuario009@lafortuna.com.co,Necesito un monitor adicional para el puesto,Se adjunta captura de pantalla del mensaje de error recibido.,abierto,0
TK-00840,2025-01-13,,Compras,Accesos,CRITICA,Teléfono,usuario039@lafortuna.com.co,Necesito acceso a la carpeta compartida de mi área,,Abierto,0
TK-00081,2025-06-26,,Infraestructura,Software,1-Alta,Formulario web,usuario024@lafortuna.com.co,La versión instalada no coincide con la del área,,abierto,0
TK-01615,2025-11-08,,Comercial,Incidente,1-Alta,correo,usuario112@lafortuna.com.co,Pérdida de información en el módulo de inventario,El usuario reporta la novedad desde el inicio de la jornada y requiere solución para continuar con su labor.,Abierto,0
TK-00485,2026-05-11,,Aplicaciones,Red,alta,formulario,usuario146@lafortuna.com.co,Sin internet en el segundo piso,,abierto,0
TK-01056,2026-04-18,,Calidad,Hardware,Alta,Mesa de ayuda,usuario131@lafortuna.com.co,La impresora de la sede norte imprime rayada,El usuario reporta la novedad desde el inicio de la jornada y requiere solución para continuar con su labor.,Reabierto,3
TK-00725,2026-05-05,,Compras,Accesos,alta,Mesa de ayuda,usuario121@lafortuna.com.co,Necesito acceso a la carpeta compartida de mi área,El caso fue reportado por teléfono y se registra para trazabilidad.,Escalado,0
TK-01503,2026-06-14,,Compras,Sin clasificar,ALTA,Correo,usuario058@lafortuna.com.co,Solicitud varias,Se adjunta captura de pantalla del mensaje de error recibido.,REABIERTO,1
TK-01531,2026-06-30,2026-08-12,Comercial,Nómina,Baja,Mesa de ayuda,usuario141@lafortuna.com.co,No me llegó el desprendible de pago ,El usuario reporta la novedad desde el inicio de la jornada y requiere solución para continuar con su labor.,Cerrado,0
TK-01251,2025-06-08,2025-07-22,Contabilidad,Incidente,ALTA,formulario,usuario143@lafortuna.com.co,Se cayó el servicio de facturación,Requerimiento remitido por la jefatura del área para gestión.,cerrado,0
TK-01624,2025-03-22,,Talento Humano,Sin clasificar,Media,formulario,usuario153@lafortuna.com.co,El teclado dejó de responder,Se solicita atención prioritaria porque afecta la operación del área y el cierre del periodo.,Escalado,0
TK-00752,2026-05-08,,Operaciones,Hardware,2-Media,Telefono,usuario053@lafortuna.com.co,El teclado dejó de responder,El solicitante indica que la novedad se presenta de forma intermitente desde hace tres días.,Reabierto,1
TK-00068,2025-09-09,,Contabilidad,Hardware,ALTA,correo,usuario174@lafortuna.com.co,El teclado dejó de responder,Se adjunta captura de pantalla del mensaje de error recibido.,Abierto,0
TK-00791,2026-02-07,2026-03-18,Comercial,Sin clasificar,Crítica,Telefono,usuario124@lafortuna.com.co,Los usuarios reportan lentitud generalizada,,cerrado,0
TK-00310,2025-10-03,,Calidad,Red,Crítica,correo,usuario042@lafortuna.com.co,Muy lenta la conexión en la bodega,El usuario reporta la novedad desde el inicio de la jornada y requiere solución para continuar con su labor.,reabierto,3
TK-00024,2025-07-15,2025-08-18,Aplicaciones,Red,Alta,correo,usuario065@lafortuna.com.co,Sin internet en el segundo piso,Se solicita atención prioritaria porque afecta la operación del área y el cierre del periodo.,Cerrado,0
TK-01702,2025-05-14,,Talento Humano,Sin clasificar,2-Media,correo,usuario102@lafortuna.com.co,Cuándo es la próxima inducción,El solicitante indica que la novedad se presenta de forma intermitente desde hace tres días.,reabierto,1
TK-00438,2025-06-16,,Comercial,Red,Media,Formulario web,usuario118@lafortuna.com.co,Muy lenta la conexión en la bodega,El solicitante indica que la novedad se presenta de forma intermitente desde hace tres días.,Abierto,0
TK-00843,2026-03-31,2026-05-13,Infraestructura,Sin clasificar,baja,formulario,usuario132@lafortuna.com.co,La versión instalada no coincide con la del área,Se solicita atención prioritaria porque afecta la operación del área y el cierre del periodo.,Cerrado,0
TK-00295,2025-02-01,,Infraestructura,Sin clasificar,Media,Correo,usuario133@lafortuna.com.co,Consulta general,El solicitante indica que la novedad se presenta de forma intermitente desde hace tres días.,Reabierto,3
TK-00528,2025-10-03,,Contabilidad,Sin clasificar,Baja,Formulario web,usuario152@lafortuna.com.co,El informe muestra cifras distintas al sistema,,abierto,0
TK-00398,2025-04-27,,Compras,Accesos,CRITICA,Formulario web,usuario016@lafortuna.com.co,Me retiraron el acceso y aún trabajo en el proceso,Se solicita atención prioritaria porque afecta la operación del área y el cierre del periodo.,REABIERTO,1
TK-00400,2025-10-26,,Comercial,Software,Critica,Formulario web,usuario173@lafortuna.com.co,Aparece un mensaje de sesión expirada cada cinco minutos,El usuario reporta la novedad desde el inicio de la jornada y requiere solución para continuar con su labor.,reabierto,3
TK-00388,2026-03-04,2026-03-10,Compras,Hardware,Crítica,Mesa de ayuda,usuario070@lafortuna.com.co,La impresora de la sede norte imprime rayada,Requerimiento remitido por la jefatura del área para gestión.,cerrado,0
TK-00358,2026-05-10,,Compras,Sin clasificar,Baja,Formulario web,usuario175@lafortuna.com.co,Necesito un monitor adicional para el puesto,Se adjunta captura de pantalla del mensaje de error recibido.,REABIERTO,2
TK-01947,2026-05-10,,Infraestructura,Reportes,Media,correo,usuario107@lafortuna.com.co,El reporte no incluye la sede nueva,Requerimiento remitido por la jefatura del área para gestión.,reabierto,1
TK-00280,2025-06-27,,Talento Humano,Hardware,CRITICA,Telefono,usuario025@lafortuna.com.co,Solicito reposición de diadema dañada,El solicitante indica que la novedad se presenta de forma intermitente desde hace tres días.,Reabierto,3
TK-00572,2025-05-06,2025-05-21,Operaciones,Incidente,3-Baja,Teléfono,usuario138@lafortuna.com.co,Pérdida de información en el módulo de inventario,Se adjunta captura de pantalla del mensaje de error recibido.,REABIERTO,3
TK-01321,2026-06-26,2026-07-04,Talento Humano,Vacaciones,Media,Formulario web,usuario048@lafortuna.com.co,Me negaron las vacaciones solicitadas,Se solicita atención prioritaria porque afecta la operación del área y el cierre del periodo.,Cerrado,0
TK-01030,2025-01-25,,Comercial,Hardware,1-Alta,Mesa de ayuda,usuario112@lafortuna.com.co,Necesito un monitor adicional para el puesto,Se adjunta captura de pantalla del mensaje de error recibido.,Abierto,0
TK-00907,2025-02-25,,Calidad,Red,Media,Correo,usuario068@lafortuna.com.co,Sin internet en el segundo piso,El usuario reporta la novedad desde el inicio de la jornada y requiere solución para continuar con su labor.,REABIERTO,3
TK-00041,2026-05-24,,Operaciones,Sin clasificar,3-Baja,Correo,usuario164@lafortuna.com.co,La aplicación se cierra al generar el informe,El usuario reporta la novedad desde el inicio de la jornada y requiere solución para continuar con su labor.,REABIERTO,2
TK-00269,2026-01-13,,Infraestructura,Software,Alta,correo,usuario109@lafortuna.com.co,Necesito que instalen el visor de planos,,Reabierto,1
TK-01346,2026-01-29,,Comercial,Viáticos,Media,formulario,usuario067@lafortuna.com.co,Cuál es el monto autorizado para hospedaje,,abierto,0
TK-01781,2025-07-04,2025-07-11,Aplicaciones,Vacaciones,Media,Telefono,usuario111@lafortuna.com.co,Puedo dividir mis vacaciones en dos periodos,Se adjunta captura de pantalla del mensaje de error recibido.,CERRADO,0
TK-00364,2026-04-15,2026-04-26,Infraestructura,Red,Media,Formulario web,usuario161@lafortuna.com.co,Muy lenta la conexión en la bodega,Se solicita atención prioritaria porque afecta la operación del área y el cierre del periodo.,CERRADO,0
TK-00757,2025-07-02,,Infraestructura,Vacaciones,CRITICA,correo,usuario002@lafortuna.com.co,Cuántos días tengo acumulados,Requerimiento remitido por la jefatura del área para gestión.,reabierto,2
TK-00057,2026-06-19,,Talento Humano,Sin clasificar,2-Media,Teléfono,usuario047@lafortuna.com.co,La impresora de la sede norte imprime rayada,Requerimiento remitido por la jefatura del área para gestión.,Escalado,0
TK-01489,2025-06-27,2025-08-04,Talento Humano,Viáticos,MEDIA,Formulario web,usuario141@lafortuna.com.co,Necesito anticipo para comisión,Requerimiento remitido por la jefatura del área para gestión.,CERRADO,0
TK-01936,2026-03-06,2026-03-06,Comercial,Sin clasificar,Crítica,Formulario web,usuario043@lafortuna.com.co,Aparece un mensaje de sesión expirada cada cinco minutos,,CERRADO,0
TK-01470,2025-07-28,,Aplicaciones,Sin clasificar,baja,Formulario web,usuario008@lafortuna.com.co,Solicitud varias,Requerimiento remitido por la jefatura del área para gestión.,reabierto,1
TK-01524,2025-01-11,,Compras,Sin clasificar,baja,formulario,usuario169@lafortuna.com.co,Estado de la orden de compra 4471,El solicitante indica que la novedad se presenta de forma intermitente desde hace tres días.,Abierto,0
TK-00545,2026-05-31,,Compras,Sin clasificar,1-Alta,formulario,usuario165@lafortuna.com.co,Necesito cotización para equipos de la bodega,Se adjunta captura de pantalla del mensaje de error recibido.,abierto,0
TK-01636,2025-01-14,,Contabilidad,Accesos,Alta,Mesa de ayuda,usuario091@lafortuna.com.co,Me retiraron el acceso y aún trabajo en el proceso,Requerimiento remitido por la jefatura del área para gestión.,Reabierto,2
TK-01515,2025-07-05,2025-07-27,Talento Humano,Accesos,alta,Telefono,usuario159@lafortuna.com.co,Necesito acceso a la carpeta compartida de mi área,Se adjunta captura de pantalla del mensaje de error recibido.,CERRADO,0
TK-00705,2026-06-05,,Operaciones,Hardware,Baja,Formulario web,usuario089@lafortuna.com.co,Necesito un monitor adicional para el puesto,Se solicita atención prioritaria porque afecta la operación del área y el cierre del periodo.,REABIERTO,3
TK-01287,2025-07-04,2025-08-08,Contabilidad,Hardware,alta,Teléfono,usuario033@lafortuna.com.co,Solicito reposición de diadema dañada,Se solicita atención prioritaria porque afecta la operación del área y el cierre del periodo.,CERRADO,1
TK-01741,2025-03-29,,Infraestructura,Hardware,3-Baja,correo,usuario149@lafortuna.com.co,El portátil no enciende desde ayer,Requerimiento remitido por la jefatura del área para gestión.,abierto,0
TK-01922,2026-05-15,,Comercial,Sin clasificar,1-Alta,Teléfono,usuario134@lafortuna.com.co,Caída total del sistema en la sede principal,El caso fue reportado por teléfono y se registra para trazabilidad.,abierto,0
TK-01191,2025-04-06,2025-04-25,Contabilidad,Hardware,MEDIA,correo,usuario001@lafortuna.com.co,El teclado dejó de responder,Se solicita atención prioritaria porque afecta la operación del área y el cierre del periodo.,cerrado,0
TK-00678,2026-03-03,,Operaciones,Sin clasificar,Alta,correo,usuario148@lafortuna.com.co,Requerimiento del área,El caso fue reportado por teléfono y se registra para trazabilidad.,REABIERTO,3
TK-01274,2026-03-25,,Calidad,Accesos,Baja,formulario,usuario143@lafortuna.com.co,Solicito permiso al módulo de cartera,El usuario reporta la novedad desde el inicio de la jornada y requiere solución para continuar con su labor.,reabierto,3
TK-01088,2025-03-30,,Compras,Incidente,1-Alta,formulario,usuario052@lafortuna.com.co,Se cayó el servicio de facturación,,reabierto,1
TK-00578,2026-05-13,,Contabilidad,Sin clasificar,Media,Formulario web,usuario160@lafortuna.com.co,Solicitud varias,Se adjunta captura de pantalla del mensaje de error recibido.,en proceso,0
TK-01850,2026-01-07,2026-01-17,Aplicaciones,Nómina,ALTA,correo,usuario177@lafortuna.com.co,No me llegó el desprendible de pago,Se adjunta captura de pantalla del mensaje de error recibido.,Escalado,0
TK-00089,2026-03-29,,Compras,Nómina,media,correo,usuario171@lafortuna.com.co,No me llegó el desprendible de pago,El caso fue reportado por teléfono y se registra para trazabilidad.,Escalado,0
TK-01425,2025-12-10,2025-12-31,Comercial,Vacaciones,alta,Mesa de ayuda,usuario110@lafortuna.com.co,Cuántos días tengo acumulados,Se adjunta captura de pantalla del mensaje de error recibido.,cerrado,0
TK-00535,2025-12-08,2026-01-05,Talento Humano,Nómina,Critica,Mesa de ayuda,usuario001@lafortuna.com.co,Diferencia en el pago de horas extras,,cerrado,0
TK-00559,2025-09-19,,Talento Humano,Incidente,2-Media,formulario,usuario093@lafortuna.com.co,Caída total del sistema en la sede principal,Se adjunta captura de pantalla del mensaje de error recibido.,Abierto,0
TK-00586,2025-08-29,,Compras,Red,Critica,Teléfono,usuario068@lafortuna.com.co,Muy lenta la conexión en la bodega,Se solicita atención prioritaria porque afecta la operación del área y el cierre del periodo.,Escalado,0
TK-00392,2026-01-07,,Calidad,Sin clasificar,media,Mesa de ayuda,usuario062@lafortuna.com.co,El portátil no enciende desde ayer,El usuario reporta la novedad desde el inicio de la jornada y requiere solución para continuar con su labor.,En proceso,0
TK-00892,2025-12-19,,Talento Humano,Nómina,Baja,Formulario web,usuario105@lafortuna.com.co,Diferencia en el pago de horas extras,El caso fue reportado por teléfono y se registra para trazabilidad.,reabierto,1
TK-01260,2025-09-07,,Operaciones,Compras,baja,Telefono,usuario178@lafortuna.com.co,El proveedor no ha entregado lo solicitado,El solicitante indica que la novedad se presenta de forma intermitente desde hace tres días.,En proceso,0
TK-00962,2025-01-18,,Infraestructura,Sin clasificar,Baja,Telefono,usuario073@lafortuna.com.co,El proveedor no ha entregado lo solicitado,El solicitante indica que la novedad se presenta de forma intermitente desde hace tres días.,abierto,0
TK-00105,2025-12-21,,Comercial,Red,1-Alta,formulario,usuario163@lafortuna.com.co,La VPN se desconecta cada media hora,Se adjunta captura de pantalla del mensaje de error recibido.,REABIERTO,2
TK-01160,2025-12-23,2025-12-25,Compras,Nómina,alta,Formulario web,usuario060@lafortuna.com.co,Error en el descuento de la quincena,El caso fue reportado por teléfono y se registra para trazabilidad.,en proceso,0
TK-00599,2026-04-06,2026-05-19,Operaciones,Hardware,MEDIA,Formulario web,usuario141@lafortuna.com.co,Solicito reposición de diadema dañada,El usuario reporta la novedad desde el inicio de la jornada y requiere solución para continuar con su labor.,CERRADO,0
TK-01870,2025-04-15,,Calidad,Sin clasificar,3-Baja,Teléfono,usuario068@lafortuna.com.co,No puedo entrar al sistema Centrica,Requerimiento remitido por la jefatura del área para gestión.,abierto,0
TK-01438,2025-06-01,2025-06-14,Infraestructura,Sin clasificar,Media,formulario,usuario157@lafortuna.com.co,Estado de la orden de compra 4471,El solicitante indica que la novedad se presenta de forma intermitente desde hace tres días.,cerrado,0
TK-00896,2026-03-14,,Talento Humano,Compras,2-Media,Formulario web,usuario068@lafortuna.com.co,Estado de la orden de compra 4471,El usuario reporta la novedad desde el inicio de la jornada y requiere solución para continuar con su labor.,Reabierto,3
TK-00469,2025-09-07,2025-09-22,Contabilidad,Sin clasificar,CRITICA,Correo,usuario009@lafortuna.com.co,Error al guardar el formulario de ingreso,El solicitante indica que la novedad se presenta de forma intermitente desde hace tres días.,Cerrado,0
TK-01052,2025-08-25,,Aplicaciones,Nómina,2-Media,correo,usuario123@lafortuna.com.co,No me llegó el desprendible de pago,El usuario reporta la novedad desde el inicio de la jornada y requiere solución para continuar con su labor.,En proceso,0
TK-00524,2025-09-24,,Contabilidad,Sin clasificar,MEDIA,correo,usuario079@lafortuna.com.co,El proveedor no ha entregado lo solicitado,El caso fue reportado por teléfono y se registra para trazabilidad.,Abierto,0
TK-01181,2026-01-01,,Talento Humano,Compras,1-Alta,Formulario web,usuario055@lafortuna.com.co,El proveedor no ha entregado lo solicitado,Requerimiento remitido por la jefatura del área para gestión.,abierto,0
TK-00744,2025-09-25,,Infraestructura,Accesos,Alta,correo,usuario125@lafortuna.com.co,Necesito acceso a la carpeta compartida de mi área,Se solicita atención prioritaria porque afecta la operación del área y el cierre del periodo.,reabierto,2
TK-01273,2025-10-22,2025-11-20,Comercial,Accesos,2-Media,formulario,usuario019@lafortuna.com.co,No puedo entrar al sistema Centrica,Requerimiento remitido por la jefatura del área para gestión.,CERRADO,0
TK-00289,2026-05-29,,Contabilidad,Nómina,alta,correo,usuario128@lafortuna.com.co,No me llegó el desprendible de pago,Se adjunta captura de pantalla del mensaje de error recibido.,reabierto,1
TK-00898,2025-04-04,2025-05-13,Infraestructura,Sin clasificar,MEDIA,correo,usuario079@lafortuna.com.co,La aplicación se cierra al generar el informe,Se adjunta captura de pantalla del mensaje de error recibido.,cerrado,0
TK-01557,2025-09-04,,Infraestructura,Software,1-Alta,formulario,usuario055@lafortuna.com.co,Aparece un mensaje de sesión expirada cada cinco minutos,Requerimiento remitido por la jefatura del área para gestión.,Escalado,0
TK-01413,2025-07-24,,Contabilidad,Sin clasificar,2-Media,Telefono,usuario096@lafortuna.com.co,Solicito reposición de diadema dañada,Se adjunta captura de pantalla del mensaje de error recibido.,en proceso,0
TK-00822,2025-05-30,2025-06-28,Comercial,Sin clasificar,alta,Mesa de ayuda,usuario099@lafortuna.com.co,El portátil no enciende desde ayer,El usuario reporta la novedad desde el inicio de la jornada y requiere solución para continuar con su labor.,Cerrado,0
TK-01655,2025-04-08,,Contabilidad,Sin clasificar,2-Media,Telefono,usuario174@lafortuna.com.co,Solicito exportar el listado a Excel,El caso fue reportado por teléfono y se registra para trazabilidad.,abierto,0
TK-01459,2025-12-01,,Contabilidad,Sin clasificar,CRITICA,formulario,usuario033@lafortuna.com.co,Consulta general,El solicitante indica que la novedad se presenta de forma intermitente desde hace tres días.,Abierto,0
TK-00546,2025-09-24,,Comercial,Nómina,ALTA,Mesa de ayuda,usuario121@lafortuna.com.co,Diferencia en el pago de horas extras,Se adjunta captura de pantalla del mensaje de error recibido.,Reabierto,1
TK-00849,2025-06-27,,Aplicaciones,Sin clasificar,Alta,Correo,usuario092@lafortuna.com.co,El teclado dejó de responder,Requerimiento remitido por la jefatura del área para gestión.,Escalado,0
TK-00781,2025-12-23,,Calidad,Red,1-Alta,Mesa de ayuda,usuario065@lafortuna.com.co,Sin internet en el segundo piso,El usuario reporta la novedad desde el inicio de la jornada y requiere solución para continuar con su labor.,Abierto,0
TK-00920,2026-03-21,2026-04-12,Compras,Nómina,Baja,Mesa de ayuda,usuario138@lafortuna.com.co,Error en el descuento de la quincena,El solicitante indica que la novedad se presenta de forma intermitente desde hace tres días.,Cerrado,0
TK-00207,2025-05-17,,Talento Humano,Accesos,alta,Correo,usuario120@lafortuna.com.co,Solicito permiso al módulo de cartera,El usuario reporta la novedad desde el inicio de la jornada y requiere solución para continuar con su labor.,abierto,0
TK-00443,2025-05-20,2025-06-13,Compras,Nómina,Crítica,Mesa de ayuda,usuario029@lafortuna.com.co,No me llegó el desprendible de pago,El solicitante indica que la novedad se presenta de forma intermitente desde hace tres días.,reabierto,0
TK-00641,2025-11-02,,Calidad,Software,3-Baja,formulario,usuario115@lafortuna.com.co,Necesito que instalen el visor de planos,,Abierto,0
TK-00359,2025-06-19,,Contabilidad,Red,media,formulario,usuario127@lafortuna.com.co,Sin internet en el segundo piso,Se adjunta captura de pantalla del mensaje de error recibido.,REABIERTO,2
TK-00928,2026-05-02,2026-06-11,Comercial,Accesos,alta,Correo,usuario043@lafortuna.com.co,Necesito acceso a la carpeta compartida de mi área,El usuario reporta la novedad desde el inicio de la jornada y requiere solución para continuar con su labor.,Cerrado,0
TK-00421,2025-01-31,,Contabilidad,Nómina,Alta,Telefono,usuario152@lafortuna.com.co,Error en el descuento de la quincena,Se solicita atención prioritaria porque afecta la operación del área y el cierre del periodo.,abierto,0
TK-00260,2026-02-15,,Compras,Incidente,ALTA,Mesa de ayuda,usuario050@lafortuna.com.co,Pérdida de información en el módulo de inventario,El usuario reporta la novedad desde el inicio de la jornada y requiere solución para continuar con su labor.,Escalado,0
TK-00366,2026-06-19,,Compras,Sin clasificar,Baja,Correo,usuario116@lafortuna.com.co,Necesito el reporte de ventas del trimestre,El usuario reporta la novedad desde el inicio de la jornada y requiere solución para continuar con su labor.,Abierto,0
TK-00030,2026-05-27,2026-06-03,Infraestructura,Red,1-Alta,Mesa de ayuda,usuario076@lafortuna.com.co,Sin internet en el segundo piso,Se solicita atención prioritaria porque afecta la operación del área y el cierre del periodo.,cerrado,0
TK-01135,2026-01-13,,Compras,Accesos,Crítica,correo,usuario007@lafortuna.com.co,Se bloqueó mi usuario tras varios intentos,Se solicita atención prioritaria porque afecta la operación del área y el cierre del periodo.,Abierto,0
TK-00626,2026-01-10,,Aplicaciones,Reportes,2-Media,correo,usuario091@lafortuna.com.co,Solicito exportar el listado a Excel,El solicitante indica que la novedad se presenta de forma intermitente desde hace tres días.,REABIERTO,1
TK-00451,2025-07-27,,Operaciones,Reportes,MEDIA,correo,usuario111@lafortuna.com.co,Necesito el reporte de ventas del trimestre,Se adjunta captura de pantalla del mensaje de error recibido.,Escalado,0
TK-00885,2025-01-09,,Infraestructura,Accesos,alta,correo,usuario052@lafortuna.com.co,Me retiraron el acceso y aún trabajo en el proceso,Requerimiento remitido por la jefatura del área para gestión.,Abierto,0
TK-00094,2026-06-06,,Talento Humano,Reportes,media,formulario,usuario056@lafortuna.com.co,Solicito exportar el listado a Excel,Se solicita atención prioritaria porque afecta la operación del área y el cierre del periodo.,REABIERTO,3
TK-01911,2025-08-21,,Comercial,Incidente,2-Media,correo,usuario151@lafortuna.com.co,Pérdida de información en el módulo de inventario,Requerimiento remitido por la jefatura del área para gestión.,abierto,0
TK-01627,2025-04-15,,Infraestructura,Vacaciones,Media,Formulario web,usuario033@lafortuna.com.co,Cuántos días tengo acumulados,El caso fue reportado por teléfono y se registra para trazabilidad.,en proceso,0
TK-00482,2025-01-15,,Infraestructura,Sin clasificar,2-Media,Correo,usuario179@lafortuna.com.co,La impresora de la sede norte imprime rayada,El caso fue reportado por teléfono y se registra para trazabilidad.,en proceso,0
TK-00726,2025-12-09,2026-01-23,Contabilidad,Sin clasificar,1-Alta,Mesa de ayuda,usuario036@lafortuna.com.co,Necesito un monitor adicional para el puesto,Se adjunta captura de pantalla del mensaje de error recibido.,REABIERTO,3
TK-00829,2025-02-07,,Operaciones,Sin clasificar,1-Alta,Teléfono,usuario045@lafortuna.com.co,Estado de la orden de compra 4471,Se solicita atención prioritaria porque afecta la operación del área y el cierre del periodo.,Escalado,0
TK-00350,2025-04-29,,Calidad,Sin clasificar,3-Baja,Correo,usuario069@lafortuna.com.co,Solicitud varias,Requerimiento remitido por la jefatura del área para gestión.,Reabierto,0
TK-01840,2025-08-26,,Comercial,Sin clasificar,ALTA,formulario,usuario110@lafortuna.com.co,Error al guardar el formulario de ingreso,Requerimiento remitido por la jefatura del área para gestión.,Abierto,0
TK-00567,2025-03-30,2025-04-24,Calidad,Incidente,ALTA,Telefono,usuario108@lafortuna.com.co,Se cayó el servicio de facturación,El caso fue reportado por teléfono y se registra para trazabilidad.,Cerrado,0
TK-00510,2026-04-03,,Aplicaciones,Red,Critica,correo,usuario120@lafortuna.com.co,Muy lenta la conexión en la bodega,El usuario reporta la novedad desde el inicio de la jornada y requiere solución para continuar con su labor.,REABIERTO,2
TK-01903,2026-05-28,,Contabilidad,Vacaciones,Critica,Teléfono,usuario154@lafortuna.com.co,Cuántos días tengo acumulados,El usuario reporta la novedad desde el inicio de la jornada y requiere solución para continuar con su labor.,Reabierto,2
TK-01874,2026-06-16,,Operaciones,Accesos,Crítica,correo,usuario028@lafortuna.com.co,Se bloqueó mi usuario tras varios intentos,El usuario reporta la novedad desde el inicio de la jornada y requiere solución para continuar con su labor.,Reabierto,1
TK-01873,2025-02-25,2025-03-21,Compras,Software,baja,Formulario web,usuario051@lafortuna.com.co,Error al guardar el formulario de ingreso ,Requerimiento remitido por la jefatura del área para gestión.,Cerrado,0
TK-00901,2025-09-17,,Talento Humano,Red,alta,formulario,usuario013@lafortuna.com.co,La VPN se desconecta cada media hora,Requerimiento remitido por la jefatura del área para gestión.,en proceso,0
TK-00307,2025-11-02,2025-12-04,Comercial,Sin clasificar,2-Media,correo,usuario080@lafortuna.com.co,Consulta general,Requerimiento remitido por la jefatura del área para gestión.,Reabierto,2
TK-01749,2025-06-07,2025-07-02,Calidad,Hardware,media,Mesa de ayuda,usuario011@lafortuna.com.co,El portátil no enciende desde ayer,El usuario reporta la novedad desde el inicio de la jornada y requiere solución para continuar con su labor.,Reabierto,2
TK-00010,2025-07-10,2025-08-11,Calidad,Sin clasificar,alta,Formulario web,usuario089@lafortuna.com.co,Los usuarios reportan lentitud generalizada,El solicitante indica que la novedad se presenta de forma intermitente desde hace tres días.,CERRADO,0
TK-00369,2025-01-04,2025-02-14,Compras,Viáticos,MEDIA,Telefono,usuario171@lafortuna.com.co,Cómo legalizo los viáticos del viaje a la costa,El caso fue reportado por teléfono y se registra para trazabilidad.,cerrado,0
TK-00222,2025-08-09,,Talento Humano,Sin clasificar,Baja,Telefono,usuario023@lafortuna.com.co,El proveedor no ha entregado lo solicitado,El usuario reporta la novedad desde el inicio de la jornada y requiere solución para continuar con su labor.,reabierto,1
TK-00031,2025-11-13,2025-12-24,Contabilidad,Software,baja,Teléfono,usuario133@lafortuna.com.co,Error al guardar el formulario de ingreso,El usuario reporta la novedad desde el inicio de la jornada y requiere solución para continuar con su labor.,CERRADO,0
TK-01601,2025-02-18,2025-03-21,Comercial,Vacaciones,CRITICA,Telefono,usuario115@lafortuna.com.co,Me negaron las vacaciones solicitadas,Se adjunta captura de pantalla del mensaje de error recibido.,Cerrado,0
TK-01011,2026-04-10,2026-05-09,Aplicaciones,Sin clasificar,Media,Formulario web,usuario096@lafortuna.com.co,Necesito que instalen el visor de planos,Requerimiento remitido por la jefatura del área para gestión.,CERRADO,0
TK-00494,2025-05-02,,Infraestructura,Vacaciones,alta,Mesa de ayuda,usuario154@lafortuna.com.co,Con cuánta anticipación debo solicitar vacaciones,El usuario reporta la novedad desde el inicio de la jornada y requiere solución para continuar con su labor.,en proceso,0
TK-01226,2025-12-01,2025-12-03,Calidad,Sin clasificar,Crítica,Telefono,usuario080@lafortuna.com.co,Solicito exportar el listado a Excel,El usuario reporta la novedad desde el inicio de la jornada y requiere solución para continuar con su labor.,cerrado,0
TK-00882,2025-03-13,,Infraestructura,Sin clasificar,alta,Correo,usuario018@lafortuna.com.co,Solicito capacitación en el módulo nuevo,El caso fue reportado por teléfono y se registra para trazabilidad.,REABIERTO,2
TK-00701,2025-07-15,,Comercial,Sin clasificar,CRITICA,Telefono,usuario157@lafortuna.com.co,Necesito acceso a la carpeta compartida de mi área,,Abierto,0
TK-01488,2026-04-29,2026-06-01,Comercial,Accesos,CRITICA,correo,usuario156@lafortuna.com.co,Me retiraron el acceso y aún trabajo en el proceso,El solicitante indica que la novedad se presenta de forma intermitente desde hace tres días.,cerrado,0
TK-00712,2026-05-04,,Operaciones,Sin clasificar,Crítica,Formulario web,usuario162@lafortuna.com.co,Solicitud varias,El solicitante indica que la novedad se presenta de forma intermitente desde hace tres días.,En proceso,0
TK-00132,2026-04-12,2026-04-24,Infraestructura,Sin clasificar,Crítica,Mesa de ayuda,usuario179@lafortuna.com.co,El informe muestra cifras distintas al sistema,Se adjunta captura de pantalla del mensaje de error recibido.,CERRADO,0
TK-01614,2025-04-08,2025-04-21,Compras,Incidente,3-Baja,Teléfono,usuario037@lafortuna.com.co,Se cayó el servicio de facturación,Requerimiento remitido por la jefatura del área para gestión.,En proceso,0
TK-01844,2026-01-26,,Infraestructura,Red,MEDIA,Teléfono,usuario159@lafortuna.com.co,La VPN se desconecta cada media hora,Requerimiento remitido por la jefatura del área para gestión.,REABIERTO,2
TK-01561,2026-06-11,,Infraestructura,Sin clasificar,media,Mesa de ayuda,usuario058@lafortuna.com.co,Solicito capacitación en el módulo nuevo,El caso fue reportado por teléfono y se registra para trazabilidad.,abierto,0
TK-01334,2025-02-11,,Compras,Accesos,ALTA,Formulario web,usuario110@lafortuna.com.co,Solicito permiso al módulo de cartera,El solicitante indica que la novedad se presenta de forma intermitente desde hace tres días.,en proceso,0
TK-01610,2026-01-26,,Contabilidad,Software,Critica,Telefono,usuario101@lafortuna.com.co,Aparece un mensaje de sesión expirada cada cinco minutos,El caso fue reportado por teléfono y se registra para trazabilidad.,abierto,0
TK-00548,2026-01-04,,Contabilidad,Nómina,Baja,Mesa de ayuda,usuario083@lafortuna.com.co,No me llegó el desprendible de pago,El usuario reporta la novedad desde el inicio de la jornada y requiere solución para continuar con su labor.,reabierto,3
TK-00602,2026-01-13,2026-01-17,Infraestructura,Compras,baja,Teléfono,usuario037@lafortuna.com.co,Necesito cotización para equipos de la bodega ,El caso fue reportado por teléfono y se registra para trazabilidad.,CERRADO,0
TK-01410,2025-03-13,,Aplicaciones,Sin clasificar,ALTA,Correo,usuario121@lafortuna.com.co,Aparece un mensaje de sesión expirada cada cinco minutos,El solicitante indica que la novedad se presenta de forma intermitente desde hace tres días.,REABIERTO,3
TK-00015,2025-11-25,,Contabilidad,Nómina,3-Baja,formulario,usuario007@lafortuna.com.co,Error en el descuento de la quincena,El solicitante indica que la novedad se presenta de forma intermitente desde hace tres días.,reabierto,2
TK-00100,2025-03-15,2025-04-02,Compras,Accesos,3-Baja,formulario,usuario077@lafortuna.com.co,No puedo entrar al sistema Centrica,,cerrado,0
TK-00899,2026-04-01,,Compras,Accesos,3-Baja,correo,usuario065@lafortuna.com.co,Solicito permiso al módulo de cartera,Se solicita atención prioritaria porque afecta la operación del área y el cierre del periodo.,Abierto,0
TK-01766,2026-01-14,,Calidad,Incidente,Critica,Mesa de ayuda,usuario028@lafortuna.com.co,Caída total del sistema en la sede principal,,REABIERTO,1
TK-00617,2025-03-11,2025-03-24,Infraestructura,Software,Baja,Telefono,usuario141@lafortuna.com.co,La aplicación se cierra al generar el informe,El usuario reporta la novedad desde el inicio de la jornada y requiere solución para continuar con su labor.,cerrado,0
TK-01105,2026-05-30,2026-07-12,Infraestructura,Sin clasificar,alta,formulario,usuario105@lafortuna.com.co,Error al guardar el formulario de ingreso,Se adjunta captura de pantalla del mensaje de error recibido.,cerrado,0
TK-01063,2025-09-09,2025-09-17,Operaciones,Incidente,Alta,correo,usuario008@lafortuna.com.co,Los usuarios reportan lentitud generalizada,,Cerrado,0
TK-00543,2025-12-02,,Compras,Sin clasificar,2-Media,correo,usuario086@lafortuna.com.co,El proveedor no ha entregado lo solicitado,Se adjunta captura de pantalla del mensaje de error recibido.,En proceso,0
TK-01033,2026-03-08,,Comercial,Hardware,CRITICA,Correo,usuario119@lafortuna.com.co,El teclado dejó de responder,,abierto,0
TK-00492,2025-01-30,2025-02-28,Comercial,Accesos,MEDIA,formulario,usuario019@lafortuna.com.co,Necesito acceso a la carpeta compartida de mi área,El caso fue reportado por teléfono y se registra para trazabilidad.,CERRADO,0
TK-00255,2025-08-20,2025-09-14,Contabilidad,Reportes,Media,Teléfono,usuario111@lafortuna.com.co,Solicito exportar el listado a Excel,,Cerrado,0
TK-00973,2026-05-04,2026-05-25,Infraestructura,Vacaciones,ALTA,Teléfono,usuario179@lafortuna.com.co,Me negaron las vacaciones solicitadas,El caso fue reportado por teléfono y se registra para trazabilidad.,Cerrado,0
TK-00218,2026-05-20,,Talento Humano,Accesos,ALTA,Correo,usuario101@lafortuna.com.co,No puedo entrar al sistema Centrica,El caso fue reportado por teléfono y se registra para trazabilidad.,Reabierto,1
TK-00415,2026-06-26,,Comercial,Sin clasificar,MEDIA,Correo,usuario006@lafortuna.com.co,La aplicación se cierra al generar el informe,,Abierto,0
TK-01823,2025-05-26,,Operaciones,Reportes,Media,Formulario web,usuario018@lafortuna.com.co,Solicito exportar el listado a Excel,El solicitante indica que la novedad se presenta de forma intermitente desde hace tres días.,en proceso,0
TK-01629,2025-09-19,,Aplicaciones,Accesos,Crítica,Correo,usuario171@lafortuna.com.co,No puedo entrar al sistema Centrica,El usuario reporta la novedad desde el inicio de la jornada y requiere solución para continuar con su labor.,Reabierto,1
TK-01024,2025-05-13,,Comercial,Sin clasificar,media,Formulario web,usuario154@lafortuna.com.co,Solicitud varias,Se adjunta captura de pantalla del mensaje de error recibido.,Abierto,0
TK-00848,2026-06-12,,Infraestructura,Sin clasificar,Crítica,correo,usuario020@lafortuna.com.co,Solicitud varias,El caso fue reportado por teléfono y se registra para trazabilidad.,En proceso,0
TK-01359,2025-04-21,,Operaciones,Red,MEDIA,correo,usuario034@lafortuna.com.co,No carga el sistema desde la sede sur,Requerimiento remitido por la jefatura del área para gestión.,Reabierto,1
TK-01048,2026-06-23,,Infraestructura,Software,Baja,Telefono,usuario173@lafortuna.com.co,Necesito que instalen el visor de planos,Requerimiento remitido por la jefatura del área para gestión.,Reabierto,1
TK-00169,2026-01-22,,Comercial,Sin clasificar,baja,Teléfono,usuario144@lafortuna.com.co,Error al guardar el formulario de ingreso,,Reabierto,3
TK-00630,2026-02-09,,Talento Humano,Hardware,alta,Mesa de ayuda,usuario102@lafortuna.com.co,Necesito un monitor adicional para el puesto,El caso fue reportado por teléfono y se registra para trazabilidad.,Escalado,0
TK-00006,2025-05-01,,Comercial,Incidente,1-Alta,Teléfono,usuario118@lafortuna.com.co,Los usuarios reportan lentitud generalizada,El caso fue reportado por teléfono y se registra para trazabilidad.,Abierto,0
TK-01436,2025-01-09,2025-02-05,Operaciones,Sin clasificar,MEDIA,formulario,usuario144@lafortuna.com.co,Solicito capacitación en el módulo nuevo,El solicitante indica que la novedad se presenta de forma intermitente desde hace tres días.,En proceso,0
TK-00680,2025-09-21,,Aplicaciones,Sin clasificar,Media,Telefono,usuario034@lafortuna.com.co,Necesito que instalen el visor de planos,,En proceso,0
TK-01080,2025-01-24,,Aplicaciones,Compras,ALTA,Correo,usuario014@lafortuna.com.co,El proveedor no ha entregado lo solicitado,Se adjunta captura de pantalla del mensaje de error recibido.,Abierto,0
TK-01620,2025-12-21,,Talento Humano,Incidente,3-Baja,Correo,usuario142@lafortuna.com.co,Pérdida de información en el módulo de inventario,Se solicita atención prioritaria porque afecta la operación del área y el cierre del periodo.,REABIERTO,2
TK-00788,2025-10-20,,Comercial,Sin clasificar,Alta,Correo,usuario134@lafortuna.com.co,Necesito que instalen el visor de planos,Se adjunta captura de pantalla del mensaje de error recibido.,Abierto,0
TK-00810,2025-04-21,2025-05-27,Compras,Hardware,ALTA,Correo,usuario007@lafortuna.com.co,El portátil no enciende desde ayer,,cerrado,0
TK-00806,2025-12-15,,Operaciones,Red,MEDIA,formulario,usuario169@lafortuna.com.co,Sin internet en el segundo piso,El usuario reporta la novedad desde el inicio de la jornada y requiere solución para continuar con su labor.,Escalado,0
TK-01822,2025-02-24,,Calidad,Incidente,MEDIA,formulario,usuario028@lafortuna.com.co,Se cayó el servicio de facturación,Se solicita atención prioritaria porque afecta la operación del área y el cierre del periodo.,REABIERTO,1
TK-01568,2025-12-09,,Aplicaciones,Sin clasificar,Crítica,Telefono,usuario106@lafortuna.com.co,Pendiente por definir,,Reabierto,2
TK-00802,2025-12-01,,Aplicaciones,Sin clasificar,Critica,Correo,usuario019@lafortuna.com.co,Solicitud varias,,Escalado,0
TK-00074,2026-05-15,2026-06-01,Operaciones,Accesos,media,Mesa de ayuda,usuario133@lafortuna.com.co,Me retiraron el acceso y aún trabajo en el proceso,,reabierto,3
TK-01516,2025-12-08,,Comercial,Sin clasificar,Critica,Correo,usuario159@lafortuna.com.co,Requerimiento del área,El usuario reporta la novedad desde el inicio de la jornada y requiere solución para continuar con su labor.,reabierto,1
TK-01895,2025-08-31,2025-09-22,Comercial,Software,Alta,formulario,usuario002@lafortuna.com.co,Necesito que instalen el visor de planos,Se solicita atención prioritaria porque afecta la operación del área y el cierre del periodo.,cerrado,0
TK-00818,2025-10-27,,Infraestructura,Vacaciones,1-Alta,Formulario web,usuario035@lafortuna.com.co,Me negaron las vacaciones solicitadas,Se solicita atención prioritaria porque afecta la operación del área y el cierre del periodo.,En proceso,0
TK-00797,2026-05-17,,Infraestructura,Sin clasificar,Baja,correo,usuario114@lafortuna.com.co,Necesito cotización para equipos de la bodega,El usuario reporta la novedad desde el inicio de la jornada y requiere solución para continuar con su labor.,reabierto,1
TK-01098,2026-06-30,,Compras,Reportes,Critica,correo,usuario047@lafortuna.com.co,Solicito exportar el listado a Excel,Se solicita atención prioritaria porque afecta la operación del área y el cierre del periodo.,reabierto,2
TK-01193,2025-01-29,,Comercial,Sin clasificar,Critica,Telefono,usuario022@lafortuna.com.co,La impresora de la sede norte imprime rayada,Requerimiento remitido por la jefatura del área para gestión.,En proceso,0
TK-00387,2025-04-15,,Calidad,Sin clasificar,baja,Mesa de ayuda,usuario137@lafortuna.com.co,Aparece un mensaje de sesión expirada cada cinco minutos,Requerimiento remitido por la jefatura del área para gestión.,REABIERTO,1
TK-01921,2025-04-05,2025-05-02,Talento Humano,Accesos,Alta,Mesa de ayuda,usuario035@lafortuna.com.co,Necesito acceso a la carpeta compartida de mi área,El caso fue reportado por teléfono y se registra para trazabilidad.,Cerrado,0
TK-00210,2026-02-15,,Aplicaciones,Red,CRITICA,Mesa de ayuda,usuario162@lafortuna.com.co,Muy lenta la conexión en la bodega ,El solicitante indica que la novedad se presenta de forma intermitente desde hace tres días.,Escalado,0
TK-00453,2026-02-28,2026-04-06,Calidad,Sin clasificar,Baja,formulario,usuario089@lafortuna.com.co,Solicito permiso al módulo de cartera,El caso fue reportado por teléfono y se registra para trazabilidad.,Escalado,0
TK-01079,2025-01-08,,Talento Humano,Sin clasificar,MEDIA,Telefono,usuario055@lafortuna.com.co,Necesito que instalen el visor de planos,,Abierto,0
TK-00665,2026-04-22,,Compras,Hardware,baja,Telefono,usuario116@lafortuna.com.co,El teclado dejó de responder,El usuario reporta la novedad desde el inicio de la jornada y requiere solución para continuar con su labor.,En proceso,0
TK-00631,2026-03-07,2026-03-22,Operaciones,Sin clasificar,ALTA,Mesa de ayuda,usuario009@lafortuna.com.co,Cuándo es la próxima inducción,,Cerrado,0
TK-00209,2025-04-10,,Infraestructura,Viáticos,Baja,Correo,usuario092@lafortuna.com.co,Cuál es el monto autorizado para hospedaje,,abierto,0
TK-01046,2025-05-07,,Contabilidad,Sin clasificar,Media,Correo,usuario078@lafortuna.com.co,Error al guardar el formulario de ingreso,El usuario reporta la novedad desde el inicio de la jornada y requiere solución para continuar con su labor.,reabierto,2
TK-01403,2026-06-19,2026-06-22,Calidad,Sin clasificar,Alta,correo,usuario038@lafortuna.com.co,Se cayó el servicio de facturación,El usuario reporta la novedad desde el inicio de la jornada y requiere solución para continuar con su labor.,Cerrado,0
TK-01057,2025-07-17,,Comercial,Incidente,Alta,Formulario web,usuario100@lafortuna.com.co,Pérdida de información en el módulo de inventario,,En proceso,0
TK-00777,2025-03-23,,Comercial,Incidente,baja,Correo,usuario030@lafortuna.com.co,Caída total del sistema en la sede principal,,REABIERTO,3
TK-00314,2026-05-11,,Operaciones,Sin clasificar,CRITICA,formulario,usuario086@lafortuna.com.co,Pendiente por definir,El usuario reporta la novedad desde el inicio de la jornada y requiere solución para continuar con su labor.,Reabierto,2
TK-00109,2026-06-18,2026-07-12,Comercial,Nómina,1-Alta,Telefono,usuario088@lafortuna.com.co,Error en el descuento de la quincena,Se adjunta captura de pantalla del mensaje de error recibido.,Cerrado,0
TK-00128,2026-03-23,,Aplicaciones,Incidente,baja,formulario,usuario003@lafortuna.com.co,Caída total del sistema en la sede principal,Requerimiento remitido por la jefatura del área para gestión.,En proceso,0
TK-00383,2025-07-06,,Talento Humano,Viáticos,Critica,correo,usuario013@lafortuna.com.co,Cuál es el monto autorizado para hospedaje,El caso fue reportado por teléfono y se registra para trazabilidad.,abierto,0
TK-00069,2025-09-23,,Contabilidad,Sin clasificar,Media,Teléfono,usuario098@lafortuna.com.co,Solicito capacitación en el módulo nuevo,El caso fue reportado por teléfono y se registra para trazabilidad.,En proceso,0
TK-00768,2026-05-30,2026-06-22,Contabilidad,Nómina,MEDIA,correo,usuario077@lafortuna.com.co,Diferencia en el pago de horas extras,El solicitante indica que la novedad se presenta de forma intermitente desde hace tres días.,CERRADO,0
TK-00104,2026-05-20,,Compras,Hardware,CRITICA,correo,usuario095@lafortuna.com.co,Solicito reposición de diadema dañada,El usuario reporta la novedad desde el inicio de la jornada y requiere solución para continuar con su labor.,en proceso,0
TK-01072,2025-05-26,,Contabilidad,Viáticos,MEDIA,Telefono,usuario010@lafortuna.com.co,No me han reembolsado los gastos del mes pasado,,REABIERTO,1
TK-01031,2026-02-01,,Talento Humano,Viáticos,MEDIA,formulario,usuario118@lafortuna.com.co,No me han reembolsado los gastos del mes pasado,El caso fue reportado por teléfono y se registra para trazabilidad.,En proceso,0
TK-01190,2025-07-07,,Calidad,Hardware,MEDIA,formulario,usuario026@lafortuna.com.co,Solicito reposición de diadema dañada,Requerimiento remitido por la jefatura del área para gestión.,reabierto,2
TK-00254,2026-01-14,2026-01-14,Contabilidad,Compras,Critica,Mesa de ayuda,usuario131@lafortuna.com.co,Estado de la orden de compra 4471,El solicitante indica que la novedad se presenta de forma intermitente desde hace tres días.,Cerrado,0
TK-01366,2025-05-21,,Aplicaciones,Nómina,3-Baja,formulario,usuario093@lafortuna.com.co,Error en el descuento de la quincena,Se adjunta captura de pantalla del mensaje de error recibido.,en proceso,0
TK-00379,2026-01-29,,Infraestructura,Sin clasificar,media,Teléfono,usuario077@lafortuna.com.co,La versión instalada no coincide con la del área,El solicitante indica que la novedad se presenta de forma intermitente desde hace tres días.,Abierto,0
TK-00598,2026-05-16,,Talento Humano,Nómina,Critica,formulario,usuario086@lafortuna.com.co,Diferencia en el pago de horas extras,El usuario reporta la novedad desde el inicio de la jornada y requiere solución para continuar con su labor.,Reabierto,3
TK-01081,2025-03-19,,Compras,Sin clasificar,Critica,Teléfono,usuario166@lafortuna.com.co,Solicito reposición de diadema dañada,El usuario reporta la novedad desde el inicio de la jornada y requiere solución para continuar con su labor.,en proceso,0
TK-00356,2025-11-22,,Comercial,Accesos,ALTA,Mesa de ayuda,usuario032@lafortuna.com.co,Se bloqueó mi usuario tras varios intentos,Requerimiento remitido por la jefatura del área para gestión.,Abierto,0
TK-01875,2025-10-30,,Talento Humano,Sin clasificar,Critica,correo,usuario109@lafortuna.com.co,La versión instalada no coincide con la del área,El solicitante indica que la novedad se presenta de forma intermitente desde hace tres días.,Abierto,0
TK-01333,2025-02-15,,Talento Humano,Sin clasificar,baja,Teléfono,usuario093@lafortuna.com.co,Necesito el reporte de ventas del trimestre,El caso fue reportado por teléfono y se registra para trazabilidad.,En proceso,0
TK-00395,2026-05-21,2026-06-01,Calidad,Nómina,MEDIA,Formulario web,usuario166@lafortuna.com.co,Solicito certificado laboral con salario,El solicitante indica que la novedad se presenta de forma intermitente desde hace tres días.,CERRADO,0
TK-00461,2025-10-21,,Compras,Viáticos,Critica,Formulario web,usuario166@lafortuna.com.co,Necesito anticipo para comisión,,abierto,0
TK-00184,2025-10-10,2025-11-06,Calidad,Incidente,1-Alta,Formulario web,usuario039@lafortuna.com.co,Se cayó el servicio de facturación,El caso fue reportado por teléfono y se registra para trazabilidad.,En proceso,0
TK-01479,2026-06-27,,Comercial,Software,Alta,formulario,usuario115@lafortuna.com.co,Necesito que instalen el visor de planos,Se adjunta captura de pantalla del mensaje de error recibido.,REABIERTO,1
TK-00735,2025-10-19,2025-10-20,Compras,Reportes,Baja,formulario,usuario105@lafortuna.com.co,Necesito el reporte de ventas del trimestre,El usuario reporta la novedad desde el inicio de la jornada y requiere solución para continuar con su labor.,CERRADO,0
TK-00404,2025-04-25,2025-05-05,Compras,Accesos,1-Alta,Teléfono,usuario042@lafortuna.com.co,Se bloqueó mi usuario tras varios intentos,Se solicita atención prioritaria porque afecta la operación del área y el cierre del periodo.,CERRADO,1
TK-01339,2025-12-23,,Talento Humano,Accesos,MEDIA,formulario,usuario016@lafortuna.com.co,Se bloqueó mi usuario tras varios intentos,Se solicita atención prioritaria porque afecta la operación del área y el cierre del periodo.,abierto,0
TK-01179,2025-09-18,2025-09-30,Infraestructura,Vacaciones,Baja,Teléfono,usuario048@lafortuna.com.co,Me negaron las vacaciones solicitadas,El solicitante indica que la novedad se presenta de forma intermitente desde hace tres días.,CERRADO,0
TK-00856,2025-07-09,2025-07-19,Compras,Viáticos,media,correo,usuario100@lafortuna.com.co,Cómo legalizo los viáticos del viaje a la costa,El solicitante indica que la novedad se presenta de forma intermitente desde hace tres días.,CERRADO,0
TK-01898,2025-10-19,,Compras,Accesos,Alta,formulario,usuario119@lafortuna.com.co,Necesito acceso a la carpeta compartida de mi área,Se solicita atención prioritaria porque afecta la operación del área y el cierre del periodo.,Escalado,0
TK-01174,2025-12-26,,Aplicaciones,Sin clasificar,3-Baja,correo,usuario111@lafortuna.com.co,Error al guardar el formulario de ingreso,El solicitante indica que la novedad se presenta de forma intermitente desde hace tres días.,En proceso,0
TK-00165,2026-02-01,2026-02-23,Calidad,Sin clasificar,Alta,formulario,usuario040@lafortuna.com.co,Caída total del sistema en la sede principal,Se solicita atención prioritaria porque afecta la operación del área y el cierre del periodo.,CERRADO,0
TK-00365,2025-06-09,,Comercial,Software,Baja,Telefono,usuario071@lafortuna.com.co,La aplicación se cierra al generar el informe,Se adjunta captura de pantalla del mensaje de error recibido.,Abierto,0
TK-00587,2025-10-22,2025-11-22,Aplicaciones,Accesos,MEDIA,Formulario web,usuario161@lafortuna.com.co,Me retiraron el acceso y aún trabajo en el proceso,El usuario reporta la novedad desde el inicio de la jornada y requiere solución para continuar con su labor.,CERRADO,0
TK-00732,2025-12-25,,Infraestructura,Nómina,Baja,Teléfono,usuario172@lafortuna.com.co,Solicito certificado laboral con salario,El usuario reporta la novedad desde el inicio de la jornada y requiere solución para continuar con su labor.,Reabierto,3
TK-01548,2025-11-28,,Contabilidad,Red,ALTA,Teléfono,usuario166@lafortuna.com.co,La VPN se desconecta cada media hora,El usuario reporta la novedad desde el inicio de la jornada y requiere solución para continuar con su labor.,abierto,0
TK-01659,2025-01-02,,Talento Humano,Incidente,Critica,Correo,usuario123@lafortuna.com.co,Se cayó el servicio de facturación,,en proceso,0
TK-01188,2025-01-20,2025-01-25,Aplicaciones,Sin clasificar,MEDIA,Correo,usuario049@lafortuna.com.co,La versión instalada no coincide con la del área,Requerimiento remitido por la jefatura del área para gestión.,cerrado,0
TK-00357,2025-04-30,,Calidad,Accesos,media,Teléfono,usuario039@lafortuna.com.co,Se bloqueó mi usuario tras varios intentos,Se solicita atención prioritaria porque afecta la operación del área y el cierre del periodo.,Abierto,0
TK-01496,2026-04-09,2026-04-21,Operaciones,Sin clasificar,CRITICA,Telefono,usuario117@lafortuna.com.co,Necesito el reporte de ventas del trimestre,El caso fue reportado por teléfono y se registra para trazabilidad.,reabierto,3
TK-00610,2025-01-19,,Comercial,Sin clasificar,Media,Formulario web,usuario046@lafortuna.com.co,Necesito un monitor adicional para el puesto,El caso fue reportado por teléfono y se registra para trazabilidad.,En proceso,0
TK-00472,2025-09-22,2025-10-02,Contabilidad,Sin clasificar,ALTA,correo,usuario053@lafortuna.com.co,La aplicación se cierra al generar el informe,El solicitante indica que la novedad se presenta de forma intermitente desde hace tres días.,cerrado,0
TK-00706,2025-01-18,,Calidad,Viáticos,baja,Correo,usuario125@lafortuna.com.co,Cómo legalizo los viáticos del viaje a la costa,,Escalado,0
TK-00867,2026-04-25,2026-05-12,Infraestructura,Sin clasificar,Alta,Correo,usuario007@lafortuna.com.co,Pérdida de información en el módulo de inventario,Requerimiento remitido por la jefatura del área para gestión.,Cerrado,0
TK-01905,2025-09-22,2025-11-05,Talento Humano,Vacaciones,3-Baja,Correo,usuario071@lafortuna.com.co,Con cuánta anticipación debo solicitar vacaciones,Se adjunta captura de pantalla del mensaje de error recibido.,Cerrado,0
TK-01173,2026-02-28,,Operaciones,Sin clasificar,1-Alta,Telefono,usuario061@lafortuna.com.co,El teclado dejó de responder,El solicitante indica que la novedad se presenta de forma intermitente desde hace tres días.,en proceso,0
TK-01801,2025-03-23,2025-04-12,Infraestructura,Hardware,MEDIA,Teléfono,usuario019@lafortuna.com.co,Solicito reposición de diadema dañada,,Cerrado,0
TK-00994,2026-03-09,2026-04-13,Comercial,Nómina,Alta,Teléfono,usuario123@lafortuna.com.co,Error en el descuento de la quincena,Requerimiento remitido por la jefatura del área para gestión.,cerrado,1
TK-01713,2025-11-07,2025-11-18,Calidad,Sin clasificar,Media,Mesa de ayuda,usuario169@lafortuna.com.co,Se cayó el servicio de facturación,El usuario reporta la novedad desde el inicio de la jornada y requiere solución para continuar con su labor.,CERRADO,0
TK-01490,2026-06-21,2026-06-22,Comercial,Vacaciones,CRITICA,Telefono,usuario016@lafortuna.com.co,Me negaron las vacaciones solicitadas,Se adjunta captura de pantalla del mensaje de error recibido.,Cerrado,0
TK-00643,2025-07-18,,Comercial,Accesos,Alta,correo,usuario085@lafortuna.com.co,Necesito acceso a la carpeta compartida de mi área,El usuario reporta la novedad desde el inicio de la jornada y requiere solución para continuar con su labor.,Escalado,0
TK-01599,2025-08-23,2025-09-13,Calidad,Compras,CRITICA,Teléfono,usuario108@lafortuna.com.co,Estado de la orden de compra 4471,Se solicita atención prioritaria porque afecta la operación del área y el cierre del periodo.,cerrado,0
TK-00581,2025-07-07,,Talento Humano,Nómina,2-Media,Correo,usuario019@lafortuna.com.co,Diferencia en el pago de horas extras,El caso fue reportado por teléfono y se registra para trazabilidad.,en proceso,0
TK-00583,2026-03-03,2026-03-20,Infraestructura,Sin clasificar,2-Media,Telefono,usuario002@lafortuna.com.co,El proveedor no ha entregado lo solicitado,Se solicita atención prioritaria porque afecta la operación del área y el cierre del periodo.,Cerrado,0
TK-01560,2025-10-28,,Aplicaciones,Vacaciones,CRITICA,correo,usuario068@lafortuna.com.co,Con cuánta anticipación debo solicitar vacaciones,,Reabierto,1
TK-00512,2026-05-23,2026-06-02,Infraestructura,Viáticos,baja,Correo,usuario087@lafortuna.com.co,No me han reembolsado los gastos del mes pasado,El caso fue reportado por teléfono y se registra para trazabilidad.,Reabierto,2
TK-01261,2026-05-10,,Infraestructura,Sin clasificar,Critica,Teléfono,usuario047@lafortuna.com.co,Consulta general,El solicitante indica que la novedad se presenta de forma intermitente desde hace tres días.,abierto,0
TK-01597,2025-11-22,,Operaciones,Software,3-Baja,Mesa de ayuda,usuario057@lafortuna.com.co,La aplicación se cierra al generar el informe,Requerimiento remitido por la jefatura del área para gestión.,abierto,0
TK-00186,2025-06-09,,Aplicaciones,Sin clasificar,ALTA,Mesa de ayuda,usuario016@lafortuna.com.co,Necesito que instalen el visor de planos,El caso fue reportado por teléfono y se registra para trazabilidad.,Abierto,0
TK-01008,2025-08-09,,Operaciones,Hardware,CRITICA,correo,usuario103@lafortuna.com.co,El portátil no enciende desde ayer,,en proceso,0
TK-00747,2026-05-08,,Operaciones,Accesos,MEDIA,Formulario web,usuario108@lafortuna.com.co,Se bloqueó mi usuario tras varios intentos,El caso fue reportado por teléfono y se registra para trazabilidad.,abierto,0
TK-01550,2025-08-20,,Aplicaciones,Accesos,Critica,correo,usuario078@lafortuna.com.co,Solicito permiso al módulo de cartera,Se solicita atención prioritaria porque afecta la operación del área y el cierre del periodo.,Reabierto,1
TK-01651,2025-05-12,2025-06-20,Contabilidad,Compras,baja,Formulario web,usuario079@lafortuna.com.co,Estado de la orden de compra 4471,,Cerrado,0
TK-00115,2025-12-19,2025-12-22,Contabilidad,Nómina,ALTA,Telefono,usuario170@lafortuna.com.co,Diferencia en el pago de horas extras,,cerrado,0
TK-01153,2025-05-26,,Comercial,Hardware,Critica,Formulario web,usuario115@lafortuna.com.co,Solicito reposición de diadema dañada,El usuario reporta la novedad desde el inicio de la jornada y requiere solución para continuar con su labor.,En proceso,0
TK-00831,2025-09-24,2025-10-06,Comercial,Reportes,Crítica,Telefono,usuario069@lafortuna.com.co,Necesito el reporte de ventas del trimestre,El solicitante indica que la novedad se presenta de forma intermitente desde hace tres días.,cerrado,1
TK-01369,2026-04-20,,Comercial,Nómina,2-Media,Mesa de ayuda,usuario119@lafortuna.com.co,Diferencia en el pago de horas extras,Se adjunta captura de pantalla del mensaje de error recibido.,en proceso,0
TK-00832,2025-08-03,,Compras,Reportes,baja,correo,usuario114@lafortuna.com.co,Solicito exportar el listado a Excel,El solicitante indica que la novedad se presenta de forma intermitente desde hace tres días.,Reabierto,2
TK-01373,2025-01-20,2025-02-06,Talento Humano,Accesos,media,Mesa de ayuda,usuario038@lafortuna.com.co,Se bloqueó mi usuario tras varios intentos,El caso fue reportado por teléfono y se registra para trazabilidad.,Cerrado,0
TK-01068,2026-03-27,2026-04-29,Talento Humano,Accesos,media,Formulario web,usuario083@lafortuna.com.co,Necesito acceso a la carpeta compartida de mi área,El usuario reporta la novedad desde el inicio de la jornada y requiere solución para continuar con su labor.,Cerrado,0
TK-01151,2026-01-22,2026-02-23,Talento Humano,Sin clasificar,media,Teléfono,usuario165@lafortuna.com.co,El informe muestra cifras distintas al sistema,El caso fue reportado por teléfono y se registra para trazabilidad.,cerrado,0
TK-01451,2026-06-05,2026-06-15,Calidad,Compras,MEDIA,formulario,usuario071@lafortuna.com.co,Cómo registro un proveedor nuevo,Se solicita atención prioritaria porque afecta la operación del área y el cierre del periodo.,cerrado,0
TK-01792,2025-06-04,2025-07-18,Infraestructura,Sin clasificar,Critica,Mesa de ayuda,usuario095@lafortuna.com.co,Cuándo es la próxima inducción,Se solicita atención prioritaria porque afecta la operación del área y el cierre del periodo.,CERRADO,0
TK-01069,2025-12-06,,Operaciones,Nómina,baja,Teléfono,usuario096@lafortuna.com.co,Diferencia en el pago de horas extras,El usuario reporta la novedad desde el inicio de la jornada y requiere solución para continuar con su labor.,REABIERTO,3
TK-00126,2025-03-16,,Aplicaciones,Sin clasificar,Media,Correo,usuario018@lafortuna.com.co,Estado de la orden de compra 4471,Requerimiento remitido por la jefatura del área para gestión.,Abierto,0
TK-00473,2025-05-02,2025-05-16,Calidad,Red,ALTA,Mesa de ayuda,usuario001@lafortuna.com.co,Sin internet en el segundo piso,El caso fue reportado por teléfono y se registra para trazabilidad.,en proceso,0
TK-00993,2025-07-29,,Talento Humano,Hardware,baja,Correo,usuario056@lafortuna.com.co,El portátil no enciende desde ayer,Se solicita atención prioritaria porque afecta la operación del área y el cierre del periodo.,en proceso,0
TK-00150,2026-06-06,,Compras,Hardware,Crítica,Formulario web,usuario061@lafortuna.com.co,La impresora de la sede norte imprime rayada,El usuario reporta la novedad desde el inicio de la jornada y requiere solución para continuar con su labor.,Escalado,0
TK-00913,2026-05-18,,Comercial,Incidente,CRITICA,Telefono,usuario176@lafortuna.com.co,Pérdida de información en el módulo de inventario,El solicitante indica que la novedad se presenta de forma intermitente desde hace tres días.,REABIERTO,1
TK-01295,2025-03-18,2025-04-11,Calidad,Sin clasificar,Critica,correo,usuario172@lafortuna.com.co,Cómo registro un proveedor nuevo,Se adjunta captura de pantalla del mensaje de error recibido.,CERRADO,0
TK-01575,2025-05-02,2025-06-06,Comercial,Accesos,1-Alta,Correo,usuario100@lafortuna.com.co,Solicito permiso al módulo de cartera,El caso fue reportado por teléfono y se registra para trazabilidad.,cerrado,0
TK-00304,2025-07-04,,Comercial,Software,2-Media,correo,usuario026@lafortuna.com.co,Necesito que instalen el visor de planos,Se adjunta captura de pantalla del mensaje de error recibido.,Abierto,0
TK-00711,2026-02-08,,Infraestructura,Software,1-Alta,correo,usuario012@lafortuna.com.co,La aplicación se cierra al generar el informe,El solicitante indica que la novedad se presenta de forma intermitente desde hace tres días.,en proceso,0
TK-00938,2026-06-24,2026-08-04,Talento Humano,Hardware,Crítica,Mesa de ayuda,usuario031@lafortuna.com.co,La impresora de la sede norte imprime rayada,Requerimiento remitido por la jefatura del área para gestión.,Cerrado,0
TK-01667,2026-04-30,2026-06-11,Contabilidad,Nómina,Crítica,correo,usuario173@lafortuna.com.co,Error en el descuento de la quincena,Se solicita atención prioritaria porque afecta la operación del área y el cierre del periodo.,cerrado,0
TK-00632,2025-11-30,,Talento Humano,Vacaciones,Media,Teléfono,usuario114@lafortuna.com.co,Cuántos días tengo acumulados,Requerimiento remitido por la jefatura del área para gestión.,En proceso,0
TK-00440,2025-05-27,,Compras,Incidente,Media,Mesa de ayuda,usuario171@lafortuna.com.co,Caída total del sistema en la sede principal,Se adjunta captura de pantalla del mensaje de error recibido.,abierto,0
TK-01282,2025-04-24,2025-05-02,Calidad,Viáticos,ALTA,Teléfono,usuario179@lafortuna.com.co,Cuál es el monto autorizado para hospedaje,El caso fue reportado por teléfono y se registra para trazabilidad.,Cerrado,0
TK-01793,2025-05-21,2025-06-06,Operaciones,Nómina,CRITICA,Mesa de ayuda,usuario027@lafortuna.com.co,Diferencia en el pago de horas extras,El solicitante indica que la novedad se presenta de forma intermitente desde hace tres días.,Cerrado,0
TK-00531,2025-05-07,2025-06-20,Contabilidad,Software,Baja,Telefono,usuario093@lafortuna.com.co,La aplicación se cierra al generar el informe,Requerimiento remitido por la jefatura del área para gestión.,cerrado,0
TK-00591,2026-04-05,2026-04-28,Operaciones,Sin clasificar,ALTA,Mesa de ayuda,usuario010@lafortuna.com.co,Aparece un mensaje de sesión expirada cada cinco minutos,El solicitante indica que la novedad se presenta de forma intermitente desde hace tres días.,cerrado,0
TK-00783,2025-09-17,2025-10-07,Contabilidad,Sin clasificar,2-Media,Telefono,usuario088@lafortuna.com.co,Requerimiento del área,Se adjunta captura de pantalla del mensaje de error recibido.,CERRADO,0
TK-01787,2025-12-30,,Aplicaciones,Sin clasificar,baja,correo,usuario003@lafortuna.com.co,Solicitud varias,El solicitante indica que la novedad se presenta de forma intermitente desde hace tres días.,REABIERTO,1
TK-00279,2026-02-03,,Calidad,Sin clasificar,baja,Mesa de ayuda,usuario178@lafortuna.com.co,La impresora de la sede norte imprime rayada,,abierto,0
TK-01328,2026-03-04,,Comercial,Sin clasificar,CRITICA,Teléfono,usuario113@lafortuna.com.co,Los usuarios reportan lentitud generalizada,Se adjunta captura de pantalla del mensaje de error recibido.,Escalado,0
TK-01036,2026-06-23,2026-07-30,Aplicaciones,Sin clasificar,1-Alta,Teléfono,usuario120@lafortuna.com.co,Solicito reposición de diadema dañada,El solicitante indica que la novedad se presenta de forma intermitente desde hace tres días.,cerrado,0
TK-01166,2025-04-28,,Compras,Software,baja,Mesa de ayuda,usuario103@lafortuna.com.co,Aparece un mensaje de sesión expirada cada cinco minutos,Se adjunta captura de pantalla del mensaje de error recibido.,Reabierto,2
TK-01886,2025-11-03,,Contabilidad,Accesos,alta,Correo,usuario024@lafortuna.com.co,Solicito permiso al módulo de cartera,El caso fue reportado por teléfono y se registra para trazabilidad.,en proceso,0
TK-00980,2025-08-17,,Compras,Sin clasificar,alta,Formulario web,usuario114@lafortuna.com.co,Requerimiento del área,El usuario reporta la novedad desde el inicio de la jornada y requiere solución para continuar con su labor.,Reabierto,2
TK-01091,2025-11-09,,Aplicaciones,Sin clasificar,2-Media,correo,usuario023@lafortuna.com.co,La versión instalada no coincide con la del área,El caso fue reportado por teléfono y se registra para trazabilidad.,REABIERTO,2
TK-00486,2026-02-04,2026-03-14,Comercial,Sin clasificar,alta,Correo,usuario079@lafortuna.com.co,Solicitud varias,El usuario reporta la novedad desde el inicio de la jornada y requiere solución para continuar con su labor.,Cerrado,0
TK-01640,2026-04-05,,Aplicaciones,Vacaciones,2-Media,Correo,usuario150@lafortuna.com.co,Puedo dividir mis vacaciones en dos periodos,Se solicita atención prioritaria porque afecta la operación del área y el cierre del periodo.,Abierto,0
TK-01948,2026-05-21,,Calidad,Software,Alta,correo,usuario142@lafortuna.com.co,Aparece un mensaje de sesión expirada cada cinco minutos,,REABIERTO,2
TK-00059,2026-04-25,,Calidad,Accesos,Crítica,formulario,usuario115@lafortuna.com.co,No puedo entrar al sistema Centrica,Requerimiento remitido por la jefatura del área para gestión.,Abierto,0
TK-01000,2025-04-02,2025-04-13,Talento Humano,Reportes,Alta,correo,usuario060@lafortuna.com.co,Necesito el reporte de ventas del trimestre,Se solicita atención prioritaria porque afecta la operación del área y el cierre del periodo.,CERRADO,0
TK-01220,2025-09-12,,Compras,Nómina,1-Alta,formulario,usuario069@lafortuna.com.co,No me llegó el desprendible de pago,El solicitante indica que la novedad se presenta de forma intermitente desde hace tres días.,en proceso,0
TK-00004,2026-05-09,,Aplicaciones,Hardware,alta,Telefono,usuario064@lafortuna.com.co,Necesito un monitor adicional para el puesto,El usuario reporta la novedad desde el inicio de la jornada y requiere solución para continuar con su labor.,en proceso,0
TK-00234,2025-10-03,2025-11-12,Aplicaciones,Viáticos,ALTA,Correo,usuario180@lafortuna.com.co,Cuál es el monto autorizado para hospedaje,El caso fue reportado por teléfono y se registra para trazabilidad.,Cerrado,0
TK-01368,2025-05-26,,Talento Humano,Reportes,Media,Formulario web,usuario112@lafortuna.com.co,El reporte no incluye la sede nueva,Se adjunta captura de pantalla del mensaje de error recibido.,Escalado,0
TK-01384,2025-06-14,,Aplicaciones,Viáticos,1-Alta,Correo,usuario064@lafortuna.com.co,No me han reembolsado los gastos del mes pasado,Se adjunta captura de pantalla del mensaje de error recibido.,Abierto,0
TK-00020,2026-06-14,2026-06-23,Contabilidad,Hardware,MEDIA,Teléfono,usuario012@lafortuna.com.co,La impresora de la sede norte imprime rayada,El solicitante indica que la novedad se presenta de forma intermitente desde hace tres días.,cerrado,1
TK-00507,2025-05-03,,Contabilidad,Accesos,MEDIA,Telefono,usuario042@lafortuna.com.co,Solicito permiso al módulo de cartera,Se solicita atención prioritaria porque afecta la operación del área y el cierre del periodo.,En proceso,0
TK-00615,2026-04-16,2026-04-19,Aplicaciones,Sin clasificar,alta,Telefono,usuario048@lafortuna.com.co,Solicito exportar el listado a Excel,Se solicita atención prioritaria porque afecta la operación del área y el cierre del periodo.,CERRADO,0
TK-01648,2025-09-28,2025-11-10,Compras,Incidente,Alta,Formulario web,usuario015@lafortuna.com.co,Pérdida de información en el módulo de inventario,Se adjunta captura de pantalla del mensaje de error recibido.,Cerrado,0
TK-00178,2025-09-13,,Comercial,Software,2-Media,correo,usuario036@lafortuna.com.co,La versión instalada no coincide con la del área,Se adjunta captura de pantalla del mensaje de error recibido.,Reabierto,3
TK-01831,2025-10-17,,Talento Humano,Hardware,3-Baja,correo,usuario082@lafortuna.com.co,La impresora de la sede norte imprime rayada,El solicitante indica que la novedad se presenta de forma intermitente desde hace tres días.,reabierto,1
TK-01901,2025-04-08,2025-04-12,Comercial,Incidente,baja,correo,usuario028@lafortuna.com.co,Se cayó el servicio de facturación,Se solicita atención prioritaria porque afecta la operación del área y el cierre del periodo.,CERRADO,0
TK-00927,2026-02-17,,Talento Humano,Nómina,ALTA,formulario,usuario175@lafortuna.com.co,Error en el descuento de la quincena,El solicitante indica que la novedad se presenta de forma intermitente desde hace tres días.,En proceso,0
TK-00519,2025-04-12,2025-05-23,Calidad,Software,1-Alta,Formulario web,usuario060@lafortuna.com.co,Error al guardar el formulario de ingreso,Requerimiento remitido por la jefatura del área para gestión.,En proceso,0
TK-00835,2025-04-12,,Infraestructura,Hardware,2-Media,Teléfono,usuario174@lafortuna.com.co,El portátil no enciende desde ayer,Se adjunta captura de pantalla del mensaje de error recibido.,Abierto,0
TK-01945,2025-10-28,2025-11-01,Talento Humano,Sin clasificar,Alta,Correo,usuario177@lafortuna.com.co,Necesito un monitor adicional para el puesto,El solicitante indica que la novedad se presenta de forma intermitente desde hace tres días.,CERRADO,0
TK-01389,2026-01-09,2026-02-20,Aplicaciones,Vacaciones,Media,Correo,usuario006@lafortuna.com.co,Puedo dividir mis vacaciones en dos periodos,El usuario reporta la novedad desde el inicio de la jornada y requiere solución para continuar con su labor.,Cerrado,0
TK-01168,2026-05-08,,Infraestructura,Vacaciones,MEDIA,Teléfono,usuario086@lafortuna.com.co,Me negaron las vacaciones solicitadas,El solicitante indica que la novedad se presenta de forma intermitente desde hace tres días.,Abierto,0
TK-00636,2026-05-04,,Compras,Hardware,alta,Teléfono,usuario173@lafortuna.com.co,Solicito reposición de diadema dañada,Se solicita atención prioritaria porque afecta la operación del área y el cierre del periodo.,Abierto,0
TK-01294,2025-11-26,,Calidad,Sin clasificar,2-Media,correo,usuario157@lafortuna.com.co,Se bloqueó mi usuario tras varios intentos,Se solicita atención prioritaria porque afecta la operación del área y el cierre del periodo.,Escalado,0
TK-01662,2025-07-23,,Aplicaciones,Vacaciones,ALTA,correo,usuario128@lafortuna.com.co,Puedo dividir mis vacaciones en dos periodos,Se solicita atención prioritaria porque afecta la operación del área y el cierre del periodo.,REABIERTO,1
TK-00049,2026-01-12,,Compras,Hardware,Media,correo,usuario028@lafortuna.com.co,El portátil no enciende desde ayer,El caso fue reportado por teléfono y se registra para trazabilidad.,reabierto,3
TK-00148,2025-01-03,2025-02-13,Talento Humano,Hardware,Media,Telefono,usuario148@lafortuna.com.co,El portátil no enciende desde ayer,El solicitante indica que la novedad se presenta de forma intermitente desde hace tres días.,CERRADO,0
TK-00657,2025-09-29,2025-10-19,Comercial,Accesos,media,correo,usuario163@lafortuna.com.co,Necesito acceso a la carpeta compartida de mi área,Se solicita atención prioritaria porque afecta la operación del área y el cierre del periodo.,cerrado,1
TK-00416,2025-08-21,,Contabilidad,Accesos,MEDIA,correo,usuario121@lafortuna.com.co,Necesito acceso a la carpeta compartida de mi área,,REABIERTO,3
TK-00016,2026-01-19,,Infraestructura,Sin clasificar,3-Baja,Teléfono,usuario065@lafortuna.com.co,El teclado dejó de responder,,reabierto,3
TK-00134,2025-09-26,,Contabilidad,Hardware,ALTA,Formulario web,usuario075@lafortuna.com.co,La impresora de la sede norte imprime rayada,Se solicita atención prioritaria porque afecta la operación del área y el cierre del periodo.,Escalado,0
TK-00776,2026-02-02,2026-03-06,Operaciones,Vacaciones,CRITICA,Formulario web,usuario178@lafortuna.com.co,Cuántos días tengo acumulados,El solicitante indica que la novedad se presenta de forma intermitente desde hace tres días.,CERRADO,0
TK-01264,2025-10-24,2025-11-18,Talento Humano,Red,Media,Mesa de ayuda,usuario107@lafortuna.com.co,No carga el sistema desde la sede sur,Se adjunta captura de pantalla del mensaje de error recibido.,Cerrado,0
TK-01010,2026-02-20,,Talento Humano,Sin clasificar,MEDIA,Mesa de ayuda,usuario163@lafortuna.com.co,El portátil no enciende desde ayer,Se solicita atención prioritaria porque afecta la operación del área y el cierre del periodo.,En proceso,0
TK-01009,2025-08-31,,Compras,Sin clasificar,media,correo,usuario167@lafortuna.com.co,La versión instalada no coincide con la del área,Se adjunta captura de pantalla del mensaje de error recibido.,reabierto,2
TK-00028,2025-03-31,,Contabilidad,Sin clasificar,MEDIA,Formulario web,usuario166@lafortuna.com.co,Cómo registro un proveedor nuevo,Requerimiento remitido por la jefatura del área para gestión.,Reabierto,1
TK-00979,2025-04-16,2025-05-14,Aplicaciones,Software,Crítica,Telefono,usuario145@lafortuna.com.co,Necesito que instalen el visor de planos,El solicitante indica que la novedad se presenta de forma intermitente desde hace tres días.,CERRADO,0
TK-00338,2025-03-22,2025-05-04,Aplicaciones,Hardware,media,correo,usuario119@lafortuna.com.co,Solicito reposición de diadema dañada,El caso fue reportado por teléfono y se registra para trazabilidad.,cerrado,0
TK-01393,2026-02-11,,Aplicaciones,Red,Media,Teléfono,usuario040@lafortuna.com.co,La VPN se desconecta cada media hora,El solicitante indica que la novedad se presenta de forma intermitente desde hace tres días.,REABIERTO,2
TK-00162,2025-08-26,2025-08-26,Talento Humano,Sin clasificar,MEDIA,Telefono,usuario109@lafortuna.com.co,Necesito material del curso de la semana pasada,Se solicita atención prioritaria porque afecta la operación del área y el cierre del periodo.,Reabierto,2
TK-01074,2025-08-11,,Infraestructura,Sin clasificar,2-Media,Mesa de ayuda,usuario100@lafortuna.com.co,Requerimiento del área,El caso fue reportado por teléfono y se registra para trazabilidad.,En proceso,0
TK-01218,2025-01-05,,Aplicaciones,Sin clasificar,2-Media,Telefono,usuario077@lafortuna.com.co,Cómo registro un proveedor nuevo,Se solicita atención prioritaria porque afecta la operación del área y el cierre del periodo.,abierto,0
TK-01169,2026-01-06,,Compras,Software,2-Media,Mesa de ayuda,usuario041@lafortuna.com.co,Error al guardar el formulario de ingreso,El solicitante indica que la novedad se presenta de forma intermitente desde hace tres días.,abierto,0
TK-00152,2026-03-21,,Operaciones,Accesos,MEDIA,Telefono,usuario033@lafortuna.com.co,Necesito acceso a la carpeta compartida de mi área,El solicitante indica que la novedad se presenta de forma intermitente desde hace tres días.,En proceso,0
TK-00063,2025-04-06,2025-05-09,Talento Humano,Accesos,1-Alta,Formulario web,usuario013@lafortuna.com.co,Solicito permiso al módulo de cartera,El caso fue reportado por teléfono y se registra para trazabilidad.,cerrado,1
TK-01446,2025-01-02,,Infraestructura,Accesos,ALTA,Mesa de ayuda,usuario044@lafortuna.com.co,No puedo entrar al sistema Centrica,El solicitante indica que la novedad se presenta de forma intermitente desde hace tres días.,Abierto,0
TK-01590,2026-03-23,2026-03-30,Operaciones,Accesos,media,Correo,usuario108@lafortuna.com.co,Se bloqueó mi usuario tras varios intentos,El solicitante indica que la novedad se presenta de forma intermitente desde hace tres días.,cerrado,0
TK-00894,2025-04-08,,Calidad,Compras,CRITICA,Teléfono,usuario048@lafortuna.com.co,Cómo registro un proveedor nuevo,,REABIERTO,2
TK-00787,2025-05-22,,Talento Humano,Accesos,2-Media,Formulario web,usuario145@lafortuna.com.co,Necesito acceso a la carpeta compartida de mi área,El solicitante indica que la novedad se presenta de forma intermitente desde hace tres días.,Reabierto,3
TK-01855,2025-05-12,,Contabilidad,Incidente,Alta,Mesa de ayuda,usuario010@lafortuna.com.co,Los usuarios reportan lentitud generalizada,El usuario reporta la novedad desde el inicio de la jornada y requiere solución para continuar con su labor.,Reabierto,1
TK-01652,2025-08-23,,Comercial,Reportes,ALTA,Teléfono,usuario148@lafortuna.com.co,El informe muestra cifras distintas al sistema,Requerimiento remitido por la jefatura del área para gestión.,reabierto,2
TK-01721,2025-03-17,,Aplicaciones,Accesos,media,Correo,usuario055@lafortuna.com.co,Se bloqueó mi usuario tras varios intentos,Se solicita atención prioritaria porque afecta la operación del área y el cierre del periodo.,REABIERTO,1
TK-01323,2025-04-06,2025-05-16,Calidad,Accesos,Crítica,Formulario web,usuario123@lafortuna.com.co,Se bloqueó mi usuario tras varios intentos,Requerimiento remitido por la jefatura del área para gestión.,cerrado,0
TK-01628,2025-03-26,,Infraestructura,Nómina,ALTA,Telefono,usuario149@lafortuna.com.co,No me llegó el desprendible de pago,Se adjunta captura de pantalla del mensaje de error recibido.,en proceso,0
TK-01187,2026-05-13,,Calidad,Sin clasificar,alta,Correo,usuario159@lafortuna.com.co,Cuándo es la próxima inducción,El usuario reporta la novedad desde el inicio de la jornada y requiere solución para continuar con su labor.,Abierto,0
TK-01305,2025-04-25,,Contabilidad,Accesos,ALTA,Mesa de ayuda,usuario136@lafortuna.com.co,Solicito permiso al módulo de cartera,Se solicita atención prioritaria porque afecta la operación del área y el cierre del periodo.,REABIERTO,1
TK-01102,2025-02-15,2025-03-27,Calidad,Accesos,Critica,correo,usuario075@lafortuna.com.co,Solicito permiso al módulo de cartera,Se adjunta captura de pantalla del mensaje de error recibido.,cerrado,0
TK-00741,2025-02-26,,Contabilidad,Accesos,1-Alta,formulario,usuario025@lafortuna.com.co,Me retiraron el acceso y aún trabajo en el proceso,,abierto,0
TK-00574,2026-05-17,,Infraestructura,Nómina,ALTA,Formulario web,usuario140@lafortuna.com.co,Error en el descuento de la quincena,Se solicita atención prioritaria porque afecta la operación del área y el cierre del periodo.,En proceso,0
TK-01832,2025-01-03,,Aplicaciones,Nómina,ALTA,Formulario web,usuario073@lafortuna.com.co,Solicito certificado laboral con salario,El usuario reporta la novedad desde el inicio de la jornada y requiere solución para continuar con su labor.,en proceso,0
TK-01121,2026-01-26,2026-03-02,Talento Humano,Hardware,media,Correo,usuario136@lafortuna.com.co,Solicito reposición de diadema dañada,El usuario reporta la novedad desde el inicio de la jornada y requiere solución para continuar con su labor.,Cerrado,0
TK-00034,2025-05-13,2025-06-14,Comercial,Sin clasificar,MEDIA,Correo,usuario169@lafortuna.com.co,Se cayó el servicio de facturación,Se solicita atención prioritaria porque afecta la operación del área y el cierre del periodo.,cerrado,0
TK-01808,2026-02-16,,Comercial,Sin clasificar,media,Telefono,usuario136@lafortuna.com.co,Cuándo es la próxima inducción,El solicitante indica que la novedad se presenta de forma intermitente desde hace tres días.,reabierto,3
TK-01448,2026-06-26,,Infraestructura,Sin clasificar,Baja,Mesa de ayuda,usuario091@lafortuna.com.co,Requerimiento del área,El solicitante indica que la novedad se presenta de forma intermitente desde hace tres días.,Escalado,0
TK-00989,2025-01-19,2025-02-01,Contabilidad,Accesos,Critica,Telefono,usuario062@lafortuna.com.co,Necesito acceso a la carpeta compartida de mi área,El usuario reporta la novedad desde el inicio de la jornada y requiere solución para continuar con su labor.,Cerrado,0
TK-00263,2025-10-03,,Calidad,Incidente,3-Baja,Telefono,usuario078@lafortuna.com.co,Se cayó el servicio de facturación,Requerimiento remitido por la jefatura del área para gestión.,Escalado,0
TK-01125,2026-06-28,,Aplicaciones,Red,Alta,Correo,usuario025@lafortuna.com.co,Sin internet en el segundo piso,Se solicita atención prioritaria porque afecta la operación del área y el cierre del periodo.,Reabierto,2
TK-01838,2025-11-16,,Contabilidad,Sin clasificar,alta,Correo,usuario110@lafortuna.com.co,Consulta general,El usuario reporta la novedad desde el inicio de la jornada y requiere solución para continuar con su labor.,Abierto,0
TK-01455,2026-05-26,2026-06-08,Operaciones,Reportes,2-Media,Teléfono,usuario168@lafortuna.com.co,El reporte no incluye la sede nueva,El caso fue reportado por teléfono y se registra para trazabilidad.,reabierto,3
TK-00487,2026-04-17,,Operaciones,Sin clasificar,MEDIA,formulario,usuario082@lafortuna.com.co,Solicito reposición de diadema dañada,,Abierto,0
TK-01675,2026-05-29,2026-06-12,Operaciones,Sin clasificar,2-Media,correo,usuario150@lafortuna.com.co,Necesito que instalen el visor de planos,Se adjunta captura de pantalla del mensaje de error recibido.,Cerrado,0
TK-01297,2026-05-14,2026-06-11,Compras,Sin clasificar,alta,formulario,usuario039@lafortuna.com.co,Necesito material del curso de la semana pasada,El caso fue reportado por teléfono y se registra para trazabilidad.,en proceso,0
TK-01723,2025-09-27,,Talento Humano,Software,alta,Telefono,usuario089@lafortuna.com.co,Error al guardar el formulario de ingreso,Requerimiento remitido por la jefatura del área para gestión.,REABIERTO,1
TK-00332,2025-01-14,,Operaciones,Red,media,Formulario web,usuario075@lafortuna.com.co,La VPN se desconecta cada media hora,Requerimiento remitido por la jefatura del área para gestión.,En proceso,0
TK-00595,2026-01-10,,Calidad,Software,Baja,correo,usuario005@lafortuna.com.co,Aparece un mensaje de sesión expirada cada cinco minutos,El usuario reporta la novedad desde el inicio de la jornada y requiere solución para continuar con su labor.,REABIERTO,2
TK-00983,2026-05-27,,Contabilidad,Red,media,Telefono,usuario138@lafortuna.com.co,Sin internet en el segundo piso,El usuario reporta la novedad desde el inicio de la jornada y requiere solución para continuar con su labor.,reabierto,3
TK-00003,2026-04-14,,Operaciones,Sin clasificar,1-Alta,Mesa de ayuda,usuario159@lafortuna.com.co,No puedo entrar al sistema Centrica,Se solicita atención prioritaria porque afecta la operación del área y el cierre del periodo.,REABIERTO,1
TK-00551,2026-04-18,,Operaciones,Sin clasificar,CRITICA,Telefono,usuario083@lafortuna.com.co,Se bloqueó mi usuario tras varios intentos,El caso fue reportado por teléfono y se registra para trazabilidad.,en proceso,0
TK-00476,2026-05-04,2026-05-15,Aplicaciones,Sin clasificar,ALTA,Formulario web,usuario079@lafortuna.com.co,Se cayó el servicio de facturación,El caso fue reportado por teléfono y se registra para trazabilidad.,Cerrado,0
TK-00850,2025-05-27,2025-07-08,Contabilidad,Sin clasificar,Critica,correo,usuario180@lafortuna.com.co,La aplicación se cierra al generar el informe,Requerimiento remitido por la jefatura del área para gestión.,en proceso,0
TK-01872,2026-03-05,2026-03-06,Aplicaciones,Sin clasificar,Crítica,Formulario web,usuario024@lafortuna.com.co,Se bloqueó mi usuario tras varios intentos,El usuario reporta la novedad desde el inicio de la jornada y requiere solución para continuar con su labor.,cerrado,0
TK-01786,2025-07-29,2025-08-03,Aplicaciones,Incidente,1-Alta,Mesa de ayuda,usuario050@lafortuna.com.co,Pérdida de información en el módulo de inventario,Se solicita atención prioritaria porque afecta la operación del área y el cierre del periodo.,cerrado,0
TK-00419,2025-12-26,,Contabilidad,Compras,1-Alta,Telefono,usuario169@lafortuna.com.co,El proveedor no ha entregado lo solicitado,El solicitante indica que la novedad se presenta de forma intermitente desde hace tres días.,Reabierto,3
TK-00809,2026-02-25,2026-03-24,Infraestructura,Hardware,CRITICA,correo,usuario083@lafortuna.com.co,El portátil no enciende desde ayer,El caso fue reportado por teléfono y se registra para trazabilidad.,en proceso,0
TK-00544,2025-09-05,,Operaciones,Software,media,Telefono,usuario002@lafortuna.com.co,La versión instalada no coincide con la del área,Se solicita atención prioritaria porque afecta la operación del área y el cierre del periodo.,Escalado,0
TK-01853,2025-07-28,,Compras,Accesos,alta,Teléfono,usuario053@lafortuna.com.co,Se bloqueó mi usuario tras varios intentos,El usuario reporta la novedad desde el inicio de la jornada y requiere solución para continuar con su labor.,reabierto,1
TK-00407,2026-01-04,2026-01-19,Calidad,Hardware,media,Mesa de ayuda,usuario137@lafortuna.com.co,Solicito reposición de diadema dañada,Se solicita atención prioritaria porque afecta la operación del área y el cierre del periodo.,en proceso,0
TK-00505,2025-10-02,2025-10-25,Aplicaciones,Viáticos,CRITICA,Mesa de ayuda,usuario057@lafortuna.com.co,Cuál es el monto autorizado para hospedaje,El usuario reporta la novedad desde el inicio de la jornada y requiere solución para continuar con su labor.,cerrado,0
TK-01813,2026-01-20,2026-02-16,Comercial,Incidente,Critica,Teléfono,usuario154@lafortuna.com.co,Caída total del sistema en la sede principal,El solicitante indica que la novedad se presenta de forma intermitente desde hace tres días.,CERRADO,0
TK-00511,2025-06-15,2025-07-28,Operaciones,Sin clasificar,Media,formulario,usuario154@lafortuna.com.co,Consulta general,Requerimiento remitido por la jefatura del área para gestión.,REABIERTO,2
TK-01143,2026-02-28,2026-03-21,Contabilidad,Accesos,2-Media,Correo,usuario085@lafortuna.com.co,Me retiraron el acceso y aún trabajo en el proceso,,Escalado,0
TK-00858,2025-04-23,,Compras,Sin clasificar,media,Telefono,usuario057@lafortuna.com.co,Necesito material del curso de la semana pasada,Se solicita atención prioritaria porque afecta la operación del área y el cierre del periodo.,REABIERTO,2
TK-00600,2026-04-29,,Aplicaciones,Software,Alta,Teléfono,usuario113@lafortuna.com.co,La aplicación se cierra al generar el informe,Requerimiento remitido por la jefatura del área para gestión.,reabierto,1
TK-01520,2025-05-14,,Contabilidad,Hardware,3-Baja,correo,usuario034@lafortuna.com.co,El portátil no enciende desde ayer,Requerimiento remitido por la jefatura del área para gestión.,en proceso,0
TK-01387,2026-01-16,,Infraestructura,Sin clasificar,Baja,correo,usuario167@lafortuna.com.co,El proveedor no ha entregado lo solicitado,El solicitante indica que la novedad se presenta de forma intermitente desde hace tres días.,Escalado,0
TK-01809,2025-06-05,2025-06-15,Comercial,Software,alta,formulario,usuario158@lafortuna.com.co,Necesito que instalen el visor de planos,El caso fue reportado por teléfono y se registra para trazabilidad.,Cerrado,0
TK-00455,2025-12-22,,Infraestructura,Incidente,Alta,formulario,usuario063@lafortuna.com.co,Caída total del sistema en la sede principal,El usuario reporta la novedad desde el inicio de la jornada y requiere solución para continuar con su labor.,En proceso,0
TK-00828,2025-01-28,2025-03-03,Compras,Compras,1-Alta,formulario,usuario104@lafortuna.com.co,El proveedor no ha entregado lo solicitado,,CERRADO,0
TK-01864,2026-06-13,,Calidad,Sin clasificar,1-Alta,Correo,usuario064@lafortuna.com.co,Pérdida de información en el módulo de inventario,El usuario reporta la novedad desde el inicio de la jornada y requiere solución para continuar con su labor.,abierto,0
TK-00830,2025-09-22,,Operaciones,Sin clasificar,ALTA,correo,usuario018@lafortuna.com.co,Cuándo es la próxima inducción,El solicitante indica que la novedad se presenta de forma intermitente desde hace tres días.,en proceso,0
TK-01791,2025-07-19,,Operaciones,Sin clasificar,Baja,Formulario web,usuario134@lafortuna.com.co,Requerimiento del área,El caso fue reportado por teléfono y se registra para trazabilidad.,Reabierto,1
TK-01427,2025-02-08,2025-02-23,Talento Humano,Incidente,2-Media,formulario,usuario008@lafortuna.com.co,Pérdida de información en el módulo de inventario,,cerrado,0
TK-01607,2025-01-16,,Calidad,Sin clasificar,2-Media,correo,usuario156@lafortuna.com.co,El teclado dejó de responder,El usuario reporta la novedad desde el inicio de la jornada y requiere solución para continuar con su labor.,abierto,0
TK-01437,2025-02-19,,Talento Humano,Nómina,3-Baja,Formulario web,usuario048@lafortuna.com.co,No me llegó el desprendible de pago,Se adjunta captura de pantalla del mensaje de error recibido.,REABIERTO,3
TK-01919,2026-01-11,,Aplicaciones,Incidente,alta,Formulario web,usuario001@lafortuna.com.co,Los usuarios reportan lentitud generalizada,El solicitante indica que la novedad se presenta de forma intermitente desde hace tres días.,reabierto,3
TK-00998,2025-08-22,2025-08-24,Comercial,Software,Alta,Formulario web,usuario052@lafortuna.com.co,La versión instalada no coincide con la del área,,CERRADO,1
TK-01621,2025-08-13,,Infraestructura,Nómina,3-Baja,Formulario web,usuario072@lafortuna.com.co,Error en el descuento de la quincena,Se solicita atención prioritaria porque afecta la operación del área y el cierre del periodo.,Abierto,0
TK-01547,2025-02-23,,Compras,Incidente,MEDIA,Formulario web,usuario110@lafortuna.com.co,Caída total del sistema en la sede principal,El usuario reporta la novedad desde el inicio de la jornada y requiere solución para continuar con su labor.,abierto,0
TK-01394,2025-12-18,,Operaciones,Sin clasificar,Alta,Teléfono,usuario113@lafortuna.com.co,Consulta general,El usuario reporta la novedad desde el inicio de la jornada y requiere solución para continuar con su labor.,abierto,0
TK-01114,2026-03-03,2026-03-28,Talento Humano,Accesos,baja,formulario,usuario157@lafortuna.com.co,Necesito acceso a la carpeta compartida de mi área,El caso fue reportado por teléfono y se registra para trazabilidad.,cerrado,0
TK-01406,2025-04-18,,Talento Humano,Accesos,Crítica,formulario,usuario109@lafortuna.com.co,No puedo entrar al sistema Centrica,El usuario reporta la novedad desde el inicio de la jornada y requiere solución para continuar con su labor.,abierto,0
TK-01232,2025-04-15,,Comercial,Sin clasificar,Critica,correo,usuario163@lafortuna.com.co,Necesito acceso a la carpeta compartida de mi área,El usuario reporta la novedad desde el inicio de la jornada y requiere solución para continuar con su labor.,Escalado,0
TK-01798,2026-01-05,2026-02-08,Calidad,Nómina,Critica,formulario,usuario016@lafortuna.com.co,No me llegó el desprendible de pago,El solicitante indica que la novedad se presenta de forma intermitente desde hace tres días.,cerrado,0
TK-01644,2025-04-23,2025-05-26,Calidad,Incidente,ALTA,Correo,usuario096@lafortuna.com.co,Se cayó el servicio de facturación,El caso fue reportado por teléfono y se registra para trazabilidad.,Cerrado,0
TK-01897,2026-06-24,2026-07-31,Contabilidad,Sin clasificar,ALTA,Teléfono,usuario021@lafortuna.com.co,Solicito capacitación en el módulo nuevo,El solicitante indica que la novedad se presenta de forma intermitente desde hace tres días.,Cerrado,0
TK-00339,2025-10-22,,Aplicaciones,Sin clasificar,Critica,correo,usuario027@lafortuna.com.co,La versión instalada no coincide con la del área,El caso fue reportado por teléfono y se registra para trazabilidad.,Abierto,0
TK-01500,2025-09-15,2025-10-27,Contabilidad,Accesos,Media,Mesa de ayuda,usuario112@lafortuna.com.co,Me retiraron el acceso y aún trabajo en el proceso,,REABIERTO,2
TK-00361,2026-04-13,,Contabilidad,Red,Critica,correo,usuario014@lafortuna.com.co,La VPN se desconecta cada media hora,El usuario reporta la novedad desde el inicio de la jornada y requiere solución para continuar con su labor.,en proceso,0
TK-00080,2025-06-11,2025-07-15,Contabilidad,Software,MEDIA,Teléfono,usuario034@lafortuna.com.co,La aplicación se cierra al generar el informe,El caso fue reportado por teléfono y se registra para trazabilidad.,Cerrado,0
TK-00872,2025-06-05,,Infraestructura,Red,3-Baja,Formulario web,usuario033@lafortuna.com.co,Muy lenta la conexión en la bodega,El usuario reporta la novedad desde el inicio de la jornada y requiere solución para continuar con su labor.,Abierto,0
TK-00090,2025-07-12,,Compras,Accesos,Media,formulario,usuario161@lafortuna.com.co,Necesito acceso a la carpeta compartida de mi área,,En proceso,0
TK-01230,2025-02-13,,Aplicaciones,Sin clasificar,Critica,Telefono,usuario080@lafortuna.com.co,Aparece un mensaje de sesión expirada cada cinco minutos,Se adjunta captura de pantalla del mensaje de error recibido.,Abierto,0
TK-00926,2026-01-22,2026-02-15,Operaciones,Vacaciones,1-Alta,Correo,usuario172@lafortuna.com.co,Con cuánta anticipación debo solicitar vacaciones,El caso fue reportado por teléfono y se registra para trazabilidad.,cerrado,1
TK-00340,2025-03-29,,Calidad,Viáticos,2-Media,formulario,usuario161@lafortuna.com.co,Cuál es el monto autorizado para hospedaje,Se adjunta captura de pantalla del mensaje de error recibido.,En proceso,0
TK-00386,2025-07-20,,Aplicaciones,Sin clasificar,Critica,Mesa de ayuda,usuario072@lafortuna.com.co,Cuándo es la próxima inducción,El caso fue reportado por teléfono y se registra para trazabilidad.,abierto,0
TK-00153,2026-01-02,,Infraestructura,Red,3-Baja,Mesa de ayuda,usuario085@lafortuna.com.co,Sin internet en el segundo piso,Requerimiento remitido por la jefatura del área para gestión.,reabierto,3
TK-00565,2026-03-04,,Talento Humano,Sin clasificar,2-Media,Formulario web,usuario048@lafortuna.com.co,Error al guardar el formulario de ingreso,El usuario reporta la novedad desde el inicio de la jornada y requiere solución para continuar con su labor.,Escalado,0
TK-01092,2025-06-15,,Talento Humano,Red,Alta,Correo,usuario156@lafortuna.com.co,No carga el sistema desde la sede sur,El caso fue reportado por teléfono y se registra para trazabilidad.,En proceso,0
TK-01243,2025-02-09,2025-03-04,Operaciones,Red,alta,correo,usuario023@lafortuna.com.co,La VPN se desconecta cada media hora,El usuario reporta la novedad desde el inicio de la jornada y requiere solución para continuar con su labor.,cerrado,1
TK-01647,2025-05-07,,Comercial,Nómina,ALTA,Teléfono,usuario128@lafortuna.com.co,Solicito certificado laboral con salario,El solicitante indica que la novedad se presenta de forma intermitente desde hace tres días.,Abierto,0
TK-01480,2025-10-16,2025-10-30,Infraestructura,Vacaciones,Media,Telefono,usuario158@lafortuna.com.co,Me negaron las vacaciones solicitadas,El solicitante indica que la novedad se presenta de forma intermitente desde hace tres días.,Escalado,0
TK-01386,2026-03-10,,Contabilidad,Incidente,Baja,correo,usuario126@lafortuna.com.co,Pérdida de información en el módulo de inventario,El usuario reporta la novedad desde el inicio de la jornada y requiere solución para continuar con su labor.,Reabierto,3
TK-01665,2026-02-15,,Comercial,Accesos,MEDIA,correo,usuario158@lafortuna.com.co,No puedo entrar al sistema Centrica,,Abierto,0
TK-00075,2025-04-14,,Infraestructura,Sin clasificar,3-Baja,Teléfono,usuario157@lafortuna.com.co,Pendiente por definir,Requerimiento remitido por la jefatura del área para gestión.,reabierto,0
TK-00916,2025-10-19,,Operaciones,Sin clasificar,MEDIA,formulario,usuario072@lafortuna.com.co,El proveedor no ha entregado lo solicitado,El usuario reporta la novedad desde el inicio de la jornada y requiere solución para continuar con su labor.,Escalado,0
TK-01246,2025-10-06,,Infraestructura,Sin clasificar,media,Telefono,usuario042@lafortuna.com.co,Necesito el reporte de ventas del trimestre,,Escalado,0
TK-00170,2026-06-01,2026-07-07,Compras,Hardware,CRITICA,Mesa de ayuda,usuario064@lafortuna.com.co,El teclado dejó de responder,El caso fue reportado por teléfono y se registra para trazabilidad.,cerrado,0
TK-01233,2025-08-19,2025-08-26,Operaciones,Reportes,Crítica,Correo,usuario177@lafortuna.com.co,Necesito el reporte de ventas del trimestre,Requerimiento remitido por la jefatura del área para gestión.,cerrado,0
TK-01740,2025-10-25,2025-10-31,Operaciones,Accesos,Baja,formulario,usuario111@lafortuna.com.co,Se bloqueó mi usuario tras varios intentos,Se adjunta captura de pantalla del mensaje de error recibido.,Cerrado,0
TK-01727,2025-04-22,,Comercial,Vacaciones,CRITICA,formulario,usuario047@lafortuna.com.co,Me negaron las vacaciones solicitadas,El usuario reporta la novedad desde el inicio de la jornada y requiere solución para continuar con su labor.,REABIERTO,2
TK-01554,2025-02-05,,Compras,Software,baja,Telefono,usuario119@lafortuna.com.co,Aparece un mensaje de sesión expirada cada cinco minutos,El caso fue reportado por teléfono y se registra para trazabilidad.,Escalado,0
TK-00353,2025-08-21,,Calidad,Accesos,baja,correo,usuario095@lafortuna.com.co,No puedo entrar al sistema Centrica,El solicitante indica que la novedad se presenta de forma intermitente desde hace tres días.,reabierto,1
TK-01240,2025-01-14,,Infraestructura,Accesos,Crítica,Mesa de ayuda,usuario154@lafortuna.com.co,No puedo entrar al sistema Centrica,Se adjunta captura de pantalla del mensaje de error recibido.,abierto,0
TK-01165,2025-04-16,,Talento Humano,Sin clasificar,baja,correo,usuario101@lafortuna.com.co,La versión instalada no coincide con la del área,Se adjunta captura de pantalla del mensaje de error recibido.,Escalado,0
TK-00775,2026-02-18,,Compras,Sin clasificar,Alta,correo,usuario071@lafortuna.com.co,Requerimiento del área,Se solicita atención prioritaria porque afecta la operación del área y el cierre del periodo.,Abierto,0
TK-01735,2025-03-23,2025-03-31,Compras,Sin clasificar,ALTA,Correo,usuario008@lafortuna.com.co,El reporte no incluye la sede nueva,El usuario reporta la novedad desde el inicio de la jornada y requiere solución para continuar con su labor.,Cerrado,0
TK-01821,2026-05-02,,Talento Humano,Accesos,2-Media,formulario,usuario019@lafortuna.com.co,No puedo entrar al sistema Centrica,El solicitante indica que la novedad se presenta de forma intermitente desde hace tres días.,en proceso,0
TK-00060,2026-05-02,2026-05-22,Contabilidad,Viáticos,Crítica,Formulario web,usuario101@lafortuna.com.co,Cuál es el monto autorizado para hospedaje,El usuario reporta la novedad desde el inicio de la jornada y requiere solución para continuar con su labor.,Reabierto,2
TK-00500,2026-05-03,,Infraestructura,Vacaciones,Baja,Telefono,usuario037@lafortuna.com.co,Me negaron las vacaciones solicitadas,Se adjunta captura de pantalla del mensaje de error recibido.,en proceso,0
TK-00825,2025-05-31,,Calidad,Hardware,media,Teléfono,usuario013@lafortuna.com.co,La impresora de la sede norte imprime rayada,El solicitante indica que la novedad se presenta de forma intermitente desde hace tres días.,Reabierto,3
TK-00271,2026-01-02,,Compras,Nómina,Media,Formulario web,usuario092@lafortuna.com.co,Solicito certificado laboral con salario,El solicitante indica que la novedad se presenta de forma intermitente desde hace tres días.,reabierto,1
TK-00774,2026-03-21,2026-04-07,Operaciones,Red,Critica,formulario,usuario169@lafortuna.com.co,Sin internet en el segundo piso,Requerimiento remitido por la jefatura del área para gestión.,CERRADO,0
TK-01130,2026-05-29,,Operaciones,Vacaciones,Media,Mesa de ayuda,usuario013@lafortuna.com.co,Cuántos días tengo acumulados,El caso fue reportado por teléfono y se registra para trazabilidad.,abierto,0
TK-00977,2025-01-12,,Comercial,Software,Critica,formulario,usuario142@lafortuna.com.co,La versión instalada no coincide con la del área,El usuario reporta la novedad desde el inicio de la jornada y requiere solución para continuar con su labor.,abierto,0
TK-00429,2025-02-07,,Aplicaciones,Accesos,alta,Correo,usuario034@lafortuna.com.co,No puedo entrar al sistema Centrica,Se adjunta captura de pantalla del mensaje de error recibido.,Escalado,0
TK-00821,2025-09-03,,Infraestructura,Nómina,Alta,Mesa de ayuda,usuario173@lafortuna.com.co,Error en el descuento de la quincena,El usuario reporta la novedad desde el inicio de la jornada y requiere solución para continuar con su labor.,Abierto,0
TK-00878,2026-05-17,,Operaciones,Hardware,ALTA,formulario,usuario126@lafortuna.com.co,Necesito un monitor adicional para el puesto,,Abierto,0
TK-00180,2026-06-29,,Talento Humano,Sin clasificar,2-Media,formulario,usuario057@lafortuna.com.co,El portátil no enciende desde ayer,,reabierto,3
TK-01084,2025-08-09,,Calidad,Red,baja,Formulario web,usuario029@lafortuna.com.co,Sin internet en el segundo piso,El caso fue reportado por teléfono y se registra para trazabilidad.,Reabierto,3
TK-00085,2025-11-04,2025-11-04,Operaciones,Sin clasificar,Crítica,correo,usuario113@lafortuna.com.co,El teclado dejó de responder,El caso fue reportado por teléfono y se registra para trazabilidad.,En proceso,0
TK-01272,2026-06-18,2026-06-28,Infraestructura,Nómina,Baja,formulario,usuario126@lafortuna.com.co,Diferencia en el pago de horas extras,El solicitante indica que la novedad se presenta de forma intermitente desde hace tres días.,En proceso,0
TK-01507,2025-10-26,,Calidad,Hardware,Baja,Formulario web,usuario016@lafortuna.com.co,El teclado dejó de responder,,REABIERTO,3
TK-01202,2026-02-09,,Compras,Software,Crítica,correo,usuario011@lafortuna.com.co,La versión instalada no coincide con la del área,,reabierto,3
TK-00677,2026-01-25,2026-02-16,Operaciones,Sin clasificar,1-Alta,Formulario web,usuario012@lafortuna.com.co,Necesito un monitor adicional para el puesto,El usuario reporta la novedad desde el inicio de la jornada y requiere solución para continuar con su labor.,en proceso,0
TK-01934,2026-02-26,,Contabilidad,Sin clasificar,Crítica,Mesa de ayuda,usuario010@lafortuna.com.co,Estado de la orden de compra 4471,Requerimiento remitido por la jefatura del área para gestión.,Reabierto,1
TK-01938,2025-04-28,,Comercial,Sin clasificar,baja,correo,usuario179@lafortuna.com.co,La aplicación se cierra al generar el informe,Se adjunta captura de pantalla del mensaje de error recibido.,abierto,0
TK-01538,2025-08-26,,Operaciones,Compras,alta,Telefono,usuario077@lafortuna.com.co,El proveedor no ha entregado lo solicitado,Requerimiento remitido por la jefatura del área para gestión.,abierto,0
TK-00934,2025-08-04,2025-08-07,Contabilidad,Sin clasificar,ALTA,Telefono,usuario018@lafortuna.com.co,El portátil no enciende desde ayer,El solicitante indica que la novedad se presenta de forma intermitente desde hace tres días.,CERRADO,0
TK-01824,2025-06-10,,Infraestructura,Sin clasificar,alta,Formulario web,usuario080@lafortuna.com.co,Solicitud varias,El caso fue reportado por teléfono y se registra para trazabilidad.,Escalado,0
TK-00479,2025-04-20,,Operaciones,Red,3-Baja,formulario,usuario127@lafortuna.com.co,La VPN se desconecta cada media hora,El usuario reporta la novedad desde el inicio de la jornada y requiere solución para continuar con su labor.,Abierto,0
TK-01742,2026-06-11,,Comercial,Incidente,media,formulario,usuario057@lafortuna.com.co,Caída total del sistema en la sede principal,El solicitante indica que la novedad se presenta de forma intermitente desde hace tres días.,Reabierto,3
TK-01706,2025-05-29,,Calidad,Sin clasificar,3-Baja,Teléfono,usuario001@lafortuna.com.co,Necesito material del curso de la semana pasada,El solicitante indica que la novedad se presenta de forma intermitente desde hace tres días.,abierto,0
TK-00753,2025-02-12,,Infraestructura,Vacaciones,MEDIA,Telefono,usuario082@lafortuna.com.co,Me negaron las vacaciones solicitadas,Requerimiento remitido por la jefatura del área para gestión.,en proceso,0
TK-00334,2025-11-14,,Operaciones,Red,CRITICA,Mesa de ayuda,usuario111@lafortuna.com.co,Sin internet en el segundo piso,El usuario reporta la novedad desde el inicio de la jornada y requiere solución para continuar con su labor.,Abierto,0
TK-00963,2025-06-13,2025-07-18,Operaciones,Sin clasificar,Baja,Correo,usuario022@lafortuna.com.co,Necesito el reporte de ventas del trimestre,El solicitante indica que la novedad se presenta de forma intermitente desde hace tres días.,Reabierto,1
TK-00958,2025-11-19,,Operaciones,Sin clasificar,Crítica,Mesa de ayuda,usuario035@lafortuna.com.co,Cuándo es la próxima inducción,El usuario reporta la novedad desde el inicio de la jornada y requiere solución para continuar con su labor.,Escalado,0
TK-00723,2025-04-22,2025-05-04,Comercial,Sin clasificar,Alta,Telefono,usuario067@lafortuna.com.co,Cuándo es la próxima inducción,El caso fue reportado por teléfono y se registra para trazabilidad.,CERRADO,1
TK-00727,2025-06-15,,Aplicaciones,Sin clasificar,alta,Mesa de ayuda,usuario037@lafortuna.com.co,Los usuarios reportan lentitud generalizada,El caso fue reportado por teléfono y se registra para trazabilidad.,reabierto,3
TK-00557,2025-09-04,,Comercial,Sin clasificar,1-Alta,Telefono,usuario009@lafortuna.com.co,Necesito cotización para equipos de la bodega,Requerimiento remitido por la jefatura del área para gestión.,Abierto,0
TK-00212,2025-04-06,,Aplicaciones,Sin clasificar,Media,Formulario web,usuario159@lafortuna.com.co,Solicito permiso al módulo de cartera,El caso fue reportado por teléfono y se registra para trazabilidad.,Reabierto,3
TK-01203,2026-05-04,,Talento Humano,Nómina,media,Formulario web,usuario111@lafortuna.com.co,Diferencia en el pago de horas extras,El solicitante indica que la novedad se presenta de forma intermitente desde hace tres días.,abierto,0
TK-01124,2025-10-19,,Comercial,Hardware,ALTA,Teléfono,usuario097@lafortuna.com.co,El portátil no enciende desde ayer,Requerimiento remitido por la jefatura del área para gestión.,Escalado,0
TK-01722,2025-02-15,,Operaciones,Accesos,Crítica,Correo,usuario119@lafortuna.com.co,Se bloqueó mi usuario tras varios intentos,El caso fue reportado por teléfono y se registra para trazabilidad.,Escalado,0
TK-00681,2025-06-27,,Comercial,Hardware,Crítica,Correo,usuario065@lafortuna.com.co,La impresora de la sede norte imprime rayada,El usuario reporta la novedad desde el inicio de la jornada y requiere solución para continuar con su labor.,en proceso,0
TK-01256,2025-06-21,2025-07-11,Comercial,Viáticos,3-Baja,Telefono,usuario052@lafortuna.com.co,Necesito anticipo para comisión,Se solicita atención prioritaria porque afecta la operación del área y el cierre del periodo.,cerrado,0
TK-01465,2026-03-04,,Comercial,Sin clasificar,Baja,correo,usuario128@lafortuna.com.co,El informe muestra cifras distintas al sistema,Requerimiento remitido por la jefatura del área para gestión.,REABIERTO,3
TK-00880,2025-04-10,,Operaciones,Sin clasificar,media,Correo,usuario059@lafortuna.com.co,El informe muestra cifras distintas al sistema,Se adjunta captura de pantalla del mensaje de error recibido.,REABIERTO,3
TK-01571,2026-06-13,,Infraestructura,Reportes,baja,Correo,usuario013@lafortuna.com.co,El reporte no incluye la sede nueva,Requerimiento remitido por la jefatura del área para gestión.,Abierto,0
TK-01796,2026-06-28,2026-08-08,Calidad,Sin clasificar,Alta,Teléfono,usuario061@lafortuna.com.co,Los usuarios reportan lentitud generalizada,Requerimiento remitido por la jefatura del área para gestión.,Cerrado,0
TK-00363,2025-11-27,,Contabilidad,Accesos,Alta,Formulario web,usuario017@lafortuna.com.co,Necesito acceso a la carpeta compartida de mi área,Se solicita atención prioritaria porque afecta la operación del área y el cierre del periodo.,Reabierto,0
TK-01099,2026-04-30,,Comercial,Viáticos,2-Media,Correo,usuario161@lafortuna.com.co,No me han reembolsado los gastos del mes pasado,,abierto,0
TK-00533,2026-03-21,,Talento Humano,Red,2-Media,Mesa de ayuda,usuario135@lafortuna.com.co,La VPN se desconecta cada media hora,Se solicita atención prioritaria porque afecta la operación del área y el cierre del periodo.,Reabierto,1
TK-01449,2025-11-22,2025-12-16,Operaciones,Software,Critica,Mesa de ayuda,usuario018@lafortuna.com.co,La aplicación se cierra al generar el informe,El caso fue reportado por teléfono y se registra para trazabilidad.,cerrado,0
TK-01737,2025-12-14,,Operaciones,Sin clasificar,Critica,Teléfono,usuario031@lafortuna.com.co,Solicitud varias,Requerimiento remitido por la jefatura del área para gestión.,en proceso,0
TK-01435,2025-09-16,,Compras,Red,MEDIA,Teléfono,usuario152@lafortuna.com.co,No carga el sistema desde la sede sur,El solicitante indica que la novedad se presenta de forma intermitente desde hace tres días.,reabierto,3
TK-00748,2025-12-15,,Infraestructura,Software,Critica,correo,usuario147@lafortuna.com.co,La aplicación se cierra al generar el informe,Requerimiento remitido por la jefatura del área para gestión.,en proceso,0
TK-01649,2026-03-04,,Talento Humano,Sin clasificar,ALTA,Mesa de ayuda,usuario092@lafortuna.com.co,Necesito el reporte de ventas del trimestre,El caso fue reportado por teléfono y se registra para trazabilidad.,Abierto,0
TK-00276,2025-01-18,,Contabilidad,Sin clasificar,media,Mesa de ayuda,usuario028@lafortuna.com.co,Los usuarios reportan lentitud generalizada,Se adjunta captura de pantalla del mensaje de error recibido.,reabierto,1
TK-00846,2026-05-26,2026-06-10,Operaciones,Viáticos,media,Mesa de ayuda,usuario080@lafortuna.com.co,Cómo legalizo los viáticos del viaje a la costa,El usuario reporta la novedad desde el inicio de la jornada y requiere solución para continuar con su labor.,Cerrado,0
TK-01795,2025-05-09,,Compras,Sin clasificar,Crítica,formulario,usuario006@lafortuna.com.co,Aparece un mensaje de sesión expirada cada cinco minutos,,Abierto,0
TK-00308,2025-12-01,,Comercial,Red,Baja,formulario,usuario180@lafortuna.com.co,Sin internet en el segundo piso,Se adjunta captura de pantalla del mensaje de error recibido.,En proceso,0
TK-01376,2026-04-27,,Compras,Vacaciones,2-Media,Correo,usuario043@lafortuna.com.co,Me negaron las vacaciones solicitadas,,REABIERTO,1
TK-00943,2025-05-28,,Compras,Vacaciones,alta,Formulario web,usuario139@lafortuna.com.co,Me negaron las vacaciones solicitadas,El caso fue reportado por teléfono y se registra para trazabilidad.,reabierto,0
TK-00027,2025-10-11,2025-11-04,Compras,Nómina,ALTA,formulario,usuario111@lafortuna.com.co,Error en el descuento de la quincena,El usuario reporta la novedad desde el inicio de la jornada y requiere solución para continuar con su labor.,Reabierto,3
TK-00270,2025-12-24,2026-01-29,Comercial,Software,ALTA,Mesa de ayuda,usuario179@lafortuna.com.co,La versión instalada no coincide con la del área,Se solicita atención prioritaria porque afecta la operación del área y el cierre del periodo.,Cerrado,0
TK-00225,2026-05-18,,Operaciones,Sin clasificar,alta,Telefono,usuario054@lafortuna.com.co,Necesito que instalen el visor de planos,El caso fue reportado por teléfono y se registra para trazabilidad.,Reabierto,3
TK-00987,2025-01-30,2025-03-01,Calidad,Compras,Media,Mesa de ayuda,usuario134@lafortuna.com.co,Estado de la orden de compra 4471,El solicitante indica que la novedad se presenta de forma intermitente desde hace tres días.,cerrado,0
TK-00660,2026-05-19,,Operaciones,Accesos,Critica,Teléfono,usuario110@lafortuna.com.co,Solicito permiso al módulo de cartera,Se adjunta captura de pantalla del mensaje de error recibido.,reabierto,2
TK-00883,2026-05-22,,Calidad,Accesos,Alta,formulario,usuario069@lafortuna.com.co,Se bloqueó mi usuario tras varios intentos ,Requerimiento remitido por la jefatura del área para gestión.,Abierto,0
TK-01660,2026-01-12,2026-02-09,Infraestructura,Hardware,ALTA,formulario,usuario036@lafortuna.com.co,Solicito reposición de diadema dañada,El caso fue reportado por teléfono y se registra para trazabilidad.,CERRADO,0
TK-00611,2025-12-05,,Compras,Hardware,Baja,correo,usuario127@lafortuna.com.co,Solicito reposición de diadema dañada,Se solicita atención prioritaria porque afecta la operación del área y el cierre del periodo.,Abierto,0
TK-00135,2026-02-11,2026-02-13,Calidad,Reportes,Media,formulario,usuario138@lafortuna.com.co,El informe muestra cifras distintas al sistema,Se solicita atención prioritaria porque afecta la operación del área y el cierre del periodo.,Cerrado,1
TK-00411,2025-12-24,,Contabilidad,Sin clasificar,CRITICA,Teléfono,usuario057@lafortuna.com.co,Requerimiento del área,Se solicita atención prioritaria porque afecta la operación del área y el cierre del periodo.,REABIERTO,2
TK-01669,2025-02-19,2025-02-19,Calidad,Accesos,Critica,Formulario web,usuario058@lafortuna.com.co,Me retiraron el acceso y aún trabajo en el proceso,Se solicita atención prioritaria porque afecta la operación del área y el cierre del periodo.,CERRADO,0
TK-01631,2026-03-26,,Aplicaciones,Accesos,Critica,formulario,usuario117@lafortuna.com.co,Necesito acceso a la carpeta compartida de mi área,El usuario reporta la novedad desde el inicio de la jornada y requiere solución para continuar con su labor.,en proceso,0
TK-01878,2026-03-17,2026-03-26,Comercial,Reportes,Alta,formulario,usuario090@lafortuna.com.co,El reporte no incluye la sede nueva,El usuario reporta la novedad desde el inicio de la jornada y requiere solución para continuar con su labor.,Cerrado,0
TK-00070,2026-04-12,2026-04-17,Calidad,Sin clasificar,MEDIA,formulario,usuario177@lafortuna.com.co,Solicito reposición de diadema dañada,Requerimiento remitido por la jefatura del área para gestión.,Cerrado,0
TK-00503,2025-09-20,,Comercial,Accesos,ALTA,Correo,usuario059@lafortuna.com.co,Solicito permiso al módulo de cartera,El caso fue reportado por teléfono y se registra para trazabilidad.,Reabierto,2
TK-01664,2026-03-31,2026-04-07,Operaciones,Hardware,media,Mesa de ayuda,usuario030@lafortuna.com.co,El portátil no enciende desde ayer,,En proceso,0
TK-00520,2026-04-22,,Operaciones,Accesos,1-Alta,Formulario web,usuario120@lafortuna.com.co,Se bloqueó mi usuario tras varios intentos,El caso fue reportado por teléfono y se registra para trazabilidad.,Reabierto,2
TK-01396,2025-07-21,,Contabilidad,Viáticos,Crítica,Correo,usuario052@lafortuna.com.co,Necesito anticipo para comisión,,en proceso,0
TK-00330,2026-02-22,,Calidad,Sin clasificar,CRITICA,formulario,usuario025@lafortuna.com.co,Cómo registro un proveedor nuevo,El caso fue reportado por teléfono y se registra para trazabilidad.,Abierto,0
TK-00360,2026-02-15,,Compras,Compras,MEDIA,Mesa de ayuda,usuario111@lafortuna.com.co,Estado de la orden de compra 4471,,en proceso,0
TK-01204,2025-11-25,,Infraestructura,Sin clasificar,CRITICA,correo,usuario081@lafortuna.com.co,Necesito cotización para equipos de la bodega,Se solicita atención prioritaria porque afecta la operación del área y el cierre del periodo.,Escalado,0
TK-01351,2025-12-11,,Talento Humano,Vacaciones,Media,Correo,usuario137@lafortuna.com.co,Puedo dividir mis vacaciones en dos periodos,,abierto,0
TK-00112,2026-06-05,2026-07-20,Comercial,Nómina,Alta,formulario,usuario134@lafortuna.com.co,Diferencia en el pago de horas extras,Se solicita atención prioritaria porque afecta la operación del área y el cierre del periodo.,cerrado,0
TK-00714,2025-03-09,,Compras,Incidente,Alta,Teléfono,usuario170@lafortuna.com.co,Se cayó el servicio de facturación,Se adjunta captura de pantalla del mensaje de error recibido.,Abierto,0
TK-01678,2026-02-02,,Operaciones,Sin clasificar,Media,Mesa de ayuda,usuario172@lafortuna.com.co,Consulta general,El caso fue reportado por teléfono y se registra para trazabilidad.,en proceso,0
TK-01034,2025-07-14,2025-08-04,Contabilidad,Reportes,baja,Mesa de ayuda,usuario110@lafortuna.com.co,El reporte no incluye la sede nueva,El usuario reporta la novedad desde el inicio de la jornada y requiere solución para continuar con su labor.,CERRADO,0
TK-01717,2026-03-03,2026-03-10,Compras,Sin clasificar,baja,Correo,usuario061@lafortuna.com.co,Estado de la orden de compra 4471,Se adjunta captura de pantalla del mensaje de error recibido.,cerrado,1
TK-01818,2025-01-08,,Calidad,Software,media,correo,usuario038@lafortuna.com.co,Necesito que instalen el visor de planos,Se solicita atención prioritaria porque afecta la operación del área y el cierre del periodo.,REABIERTO,2
TK-00297,2025-07-06,,Talento Humano,Sin clasificar,media,Mesa de ayuda,usuario174@lafortuna.com.co,Caída total del sistema en la sede principal,,En proceso,0
TK-01001,2026-02-06,2026-03-15,Calidad,Software,alta,Correo,usuario170@lafortuna.com.co,Necesito que instalen el visor de planos,El solicitante indica que la novedad se presenta de forma intermitente desde hace tres días.,REABIERTO,1
TK-00887,2025-07-27,,Compras,Compras,2-Media,Correo,usuario116@lafortuna.com.co,Cómo registro un proveedor nuevo,,abierto,0
TK-00508,2026-01-14,2026-02-20,Comercial,Hardware,alta,Correo,usuario028@lafortuna.com.co,Solicito reposición de diadema dañada,Se adjunta captura de pantalla del mensaje de error recibido.,Cerrado,0
TK-00518,2025-05-23,2025-05-27,Comercial,Incidente,media,Telefono,usuario122@lafortuna.com.co,Los usuarios reportan lentitud generalizada,El solicitante indica que la novedad se presenta de forma intermitente desde hace tres días.,CERRADO,0
TK-00859,2026-03-03,,Calidad,Red,Crítica,Telefono,usuario162@lafortuna.com.co,Sin internet en el segundo piso,Requerimiento remitido por la jefatura del área para gestión.,abierto,0
TK-00083,2025-04-10,,Operaciones,Viáticos,3-Baja,Teléfono,usuario001@lafortuna.com.co,Cuál es el monto autorizado para hospedaje,,Reabierto,1
TK-00035,2025-11-09,2025-12-09,Talento Humano,Sin clasificar,1-Alta,Teléfono,usuario133@lafortuna.com.co,Necesito acceso a la carpeta compartida de mi área,El usuario reporta la novedad desde el inicio de la jornada y requiere solución para continuar con su labor.,CERRADO,0
TK-01275,2026-06-08,2026-07-18,Contabilidad,Sin clasificar,alta,correo,usuario149@lafortuna.com.co,La versión instalada no coincide con la del área,Se adjunta captura de pantalla del mensaje de error recibido.,Cerrado,0
TK-00137,2026-02-24,,Operaciones,Nómina,media,Teléfono,usuario078@lafortuna.com.co,Diferencia en el pago de horas extras,El solicitante indica que la novedad se presenta de forma intermitente desde hace tres días.,En proceso,0
TK-01227,2025-05-11,2025-06-07,Talento Humano,Sin clasificar,CRITICA,Correo,usuario034@lafortuna.com.co,Pendiente por definir,,Cerrado,0
TK-01913,2025-02-05,,Talento Humano,Nómina,Media,formulario,usuario079@lafortuna.com.co,No me llegó el desprendible de pago,El usuario reporta la novedad desde el inicio de la jornada y requiere solución para continuar con su labor.,En proceso,0
TK-00635,2026-05-08,,Comercial,Software,CRITICA,Correo,usuario055@lafortuna.com.co,Error al guardar el formulario de ingreso,El solicitante indica que la novedad se presenta de forma intermitente desde hace tres días.,Reabierto,3
TK-00709,2025-05-27,,Contabilidad,Sin clasificar,alta,Formulario web,usuario049@lafortuna.com.co,El portátil no enciende desde ayer,El solicitante indica que la novedad se presenta de forma intermitente desde hace tres días.,Escalado,0
TK-00906,2025-01-04,2025-01-09,Contabilidad,Sin clasificar,Alta,formulario,usuario161@lafortuna.com.co,Cuándo es la próxima inducción,Se solicita atención prioritaria porque afecta la operación del área y el cierre del periodo.,Cerrado,0
TK-00895,2025-06-04,,Aplicaciones,Software,Critica,Correo,usuario130@lafortuna.com.co,Error al guardar el formulario de ingreso,Se solicita atención prioritaria porque afecta la operación del área y el cierre del periodo.,Escalado,0
TK-00348,2026-05-02,,Infraestructura,Accesos,2-Media,Formulario web,usuario009@lafortuna.com.co,Necesito acceso a la carpeta compartida de mi área,El caso fue reportado por teléfono y se registra para trazabilidad.,Abierto,0
TK-00437,2025-02-23,2025-02-23,Contabilidad,Viáticos,2-Media,Correo,usuario011@lafortuna.com.co,Necesito anticipo para comisión,,REABIERTO,2
TK-00236,2025-04-30,,Infraestructura,Sin clasificar,alta,Mesa de ayuda,usuario164@lafortuna.com.co,Pendiente por definir,,Escalado,0
TK-01499,2025-07-05,,Operaciones,Nómina,2-Media,Correo,usuario008@lafortuna.com.co,Solicito certificado laboral con salario,El caso fue reportado por teléfono y se registra para trazabilidad.,abierto,0
TK-00820,2025-09-06,,Talento Humano,Sin clasificar,3-Baja,Teléfono,usuario092@lafortuna.com.co,Necesito acceso a la carpeta compartida de mi área,Se solicita atención prioritaria porque afecta la operación del área y el cierre del periodo.,Abierto,0
TK-01278,2026-03-27,,Comercial,Sin clasificar,3-Baja,correo,usuario053@lafortuna.com.co,Me retiraron el acceso y aún trabajo en el proceso,El solicitante indica que la novedad se presenta de forma intermitente desde hace tres días.,En proceso,0
TK-01428,2025-12-03,,Calidad,Reportes,baja,Formulario web,usuario016@lafortuna.com.co,El informe muestra cifras distintas al sistema,Requerimiento remitido por la jefatura del área para gestión.,Escalado,0
TK-01528,2025-11-14,,Compras,Red,alta,Formulario web,usuario119@lafortuna.com.co,No carga el sistema desde la sede sur,El usuario reporta la novedad desde el inicio de la jornada y requiere solución para continuar con su labor.,abierto,0
TK-00442,2025-11-22,,Aplicaciones,Viáticos,ALTA,Telefono,usuario006@lafortuna.com.co,Necesito anticipo para comisión,Se adjunta captura de pantalla del mensaje de error recibido.,abierto,0
TK-01065,2025-08-02,,Talento Humano,Sin clasificar,3-Baja,Formulario web,usuario086@lafortuna.com.co,Solicito capacitación en el módulo nuevo,,Escalado,0
TK-00242,2025-02-23,,Compras,Vacaciones,2-Media,Correo,usuario166@lafortuna.com.co,Puedo dividir mis vacaciones en dos periodos,El solicitante indica que la novedad se presenta de forma intermitente desde hace tres días.,en proceso,0
TK-01866,2026-02-24,,Calidad,Hardware,2-Media,correo,usuario109@lafortuna.com.co,La impresora de la sede norte imprime rayada,Requerimiento remitido por la jefatura del área para gestión.,abierto,0
TK-00352,2025-09-04,,Contabilidad,Hardware,2-Media,Mesa de ayuda,usuario165@lafortuna.com.co,Necesito un monitor adicional para el puesto,El solicitante indica que la novedad se presenta de forma intermitente desde hace tres días.,En proceso,0
TK-00869,2025-09-28,,Talento Humano,Accesos,2-Media,correo,usuario019@lafortuna.com.co,Necesito acceso a la carpeta compartida de mi área,Se solicita atención prioritaria porque afecta la operación del área y el cierre del periodo.,REABIERTO,3
TK-01694,2026-05-07,2026-06-19,Talento Humano,Red,3-Baja,correo,usuario139@lafortuna.com.co,No carga el sistema desde la sede sur,,reabierto,3
TK-01880,2025-12-27,2026-01-09,Operaciones,Accesos,Baja,Telefono,usuario047@lafortuna.com.co,Necesito acceso a la carpeta compartida de mi área,Se solicita atención prioritaria porque afecta la operación del área y el cierre del periodo.,Cerrado,0
TK-00937,2025-12-10,2025-12-10,Comercial,Sin clasificar,MEDIA,Correo,usuario175@lafortuna.com.co,Cuándo es la próxima inducción,Se adjunta captura de pantalla del mensaje de error recibido.,cerrado,0
TK-00394,2025-09-10,,Calidad,Sin clasificar,3-Baja,Teléfono,usuario131@lafortuna.com.co,Solicito reposición de diadema dañada,El solicitante indica que la novedad se presenta de forma intermitente desde hace tres días.,REABIERTO,1
TK-01799,2025-02-09,,Calidad,Reportes,Critica,Formulario web,usuario034@lafortuna.com.co,El reporte no incluye la sede nueva,Requerimiento remitido por la jefatura del área para gestión.,en proceso,0
TK-01539,2026-05-04,,Talento Humano,Compras,Baja,correo,usuario050@lafortuna.com.co,Necesito cotización para equipos de la bodega,Se solicita atención prioritaria porque afecta la operación del área y el cierre del periodo.,En proceso,0
TK-01899,2025-08-30,2025-10-14,Infraestructura,Sin clasificar,MEDIA,Mesa de ayuda,usuario055@lafortuna.com.co,Pendiente por definir,Requerimiento remitido por la jefatura del área para gestión.,Cerrado,0
TK-01486,2025-06-04,,Aplicaciones,Sin clasificar,media,Correo,usuario005@lafortuna.com.co,La versión instalada no coincide con la del área,Requerimiento remitido por la jefatura del área para gestión.,REABIERTO,3
TK-01329,2025-12-18,,Comercial,Accesos,2-Media,Telefono,usuario052@lafortuna.com.co,Necesito acceso a la carpeta compartida de mi área,Se adjunta captura de pantalla del mensaje de error recibido.,REABIERTO,1
TK-01611,2026-02-13,,Talento Humano,Software,baja,Teléfono,usuario178@lafortuna.com.co,Error al guardar el formulario de ingreso,,Reabierto,3
TK-01380,2026-05-28,,Operaciones,Red,MEDIA,correo,usuario056@lafortuna.com.co,La VPN se desconecta cada media hora,El caso fue reportado por teléfono y se registra para trazabilidad.,REABIERTO,3
TK-00982,2026-01-24,,Aplicaciones,Sin clasificar,ALTA,Correo,usuario150@lafortuna.com.co,Necesito material del curso de la semana pasada,El usuario reporta la novedad desde el inicio de la jornada y requiere solución para continuar con su labor.,Reabierto,1
TK-01219,2025-01-09,,Operaciones,Nómina,media,formulario,usuario043@lafortuna.com.co,Solicito certificado laboral con salario,Se adjunta captura de pantalla del mensaje de error recibido.,Abierto,0
TK-01248,2025-07-04,,Contabilidad,Sin clasificar,CRITICA,Telefono,usuario156@lafortuna.com.co,Estado de la orden de compra 4471,El usuario reporta la novedad desde el inicio de la jornada y requiere solución para continuar con su labor.,REABIERTO,1
TK-01398,2026-03-14,,Comercial,Nómina,CRITICA,Formulario web,usuario145@lafortuna.com.co,Solicito certificado laboral con salario,,REABIERTO,2
TK-00496,2026-06-09,,Talento Humano,Software,2-Media,correo,usuario009@lafortuna.com.co,Aparece un mensaje de sesión expirada cada cinco minutos,Se adjunta captura de pantalla del mensaje de error recibido.,reabierto,3
TK-00860,2025-02-08,,Contabilidad,Software,Media,Mesa de ayuda,usuario029@lafortuna.com.co,Error al guardar el formulario de ingreso,El usuario reporta la novedad desde el inicio de la jornada y requiere solución para continuar con su labor.,Abierto,0
TK-00380,2025-09-21,2025-10-04,Aplicaciones,Vacaciones,ALTA,formulario,usuario077@lafortuna.com.co,Cuántos días tengo acumulados,El usuario reporta la novedad desde el inicio de la jornada y requiere solución para continuar con su labor.,cerrado,0
TK-00854,2026-02-04,,Infraestructura,Vacaciones,baja,Teléfono,usuario129@lafortuna.com.co,Cuántos días tengo acumulados,El solicitante indica que la novedad se presenta de forma intermitente desde hace tres días.,Abierto,0
TK-00136,2026-01-04,2026-02-12,Infraestructura,Sin clasificar,Crítica,formulario,usuario163@lafortuna.com.co,Consulta general,El solicitante indica que la novedad se presenta de forma intermitente desde hace tres días.,REABIERTO,3
TK-01215,2025-04-18,,Talento Humano,Sin clasificar,ALTA,correo,usuario033@lafortuna.com.co,El teclado dejó de responder,,Abierto,0
TK-01197,2026-03-22,,Operaciones,Sin clasificar,Baja,correo,usuario096@lafortuna.com.co,El informe muestra cifras distintas al sistema,El solicitante indica que la novedad se presenta de forma intermitente desde hace tres días.,Abierto,0
TK-01161,2026-06-24,,Contabilidad,Accesos,Baja,Mesa de ayuda,usuario151@lafortuna.com.co,Solicito permiso al módulo de cartera,El caso fue reportado por teléfono y se registra para trazabilidad.,en proceso,0
TK-00306,2025-01-23,,Contabilidad,Accesos,Media,Mesa de ayuda,usuario173@lafortuna.com.co,Necesito acceso a la carpeta compartida de mi área,Requerimiento remitido por la jefatura del área para gestión.,Escalado,0
TK-01122,2025-01-28,2025-02-17,Talento Humano,Sin clasificar,Alta,formulario,usuario156@lafortuna.com.co,Consulta general,El caso fue reportado por teléfono y se registra para trazabilidad.,Cerrado,1
TK-00120,2025-05-06,,Compras,Sin clasificar,3-Baja,formulario,usuario038@lafortuna.com.co,El teclado dejó de responder,El solicitante indica que la novedad se presenta de forma intermitente desde hace tres días.,reabierto,2
TK-00475,2026-01-16,2026-02-22,Compras,Vacaciones,Critica,Telefono,usuario115@lafortuna.com.co,Con cuánta anticipación debo solicitar vacaciones,El caso fue reportado por teléfono y se registra para trazabilidad.,Cerrado,0
TK-00291,2025-09-17,,Infraestructura,Nómina,1-Alta,Telefono,usuario035@lafortuna.com.co,Error en el descuento de la quincena,Se solicita atención prioritaria porque afecta la operación del área y el cierre del periodo.,REABIERTO,1
TK-01128,2025-11-05,,Talento Humano,Sin clasificar,baja,Teléfono,usuario009@lafortuna.com.co,Pendiente por definir,Se solicita atención prioritaria porque afecta la operación del área y el cierre del periodo.,En proceso,0
TK-00707,2026-04-11,2026-05-03,Compras,Vacaciones,Critica,Mesa de ayuda,usuario155@lafortuna.com.co,Cuántos días tengo acumulados,El caso fue reportado por teléfono y se registra para trazabilidad.,Cerrado,0
TK-01142,2025-01-03,,Infraestructura,Accesos,Alta,Teléfono,usuario001@lafortuna.com.co,Se bloqueó mi usuario tras varios intentos,Requerimiento remitido por la jefatura del área para gestión.,abierto,0
TK-01806,2026-05-26,2026-06-13,Talento Humano,Accesos,media,Teléfono,usuario146@lafortuna.com.co,No puedo entrar al sistema Centrica,El solicitante indica que la novedad se presenta de forma intermitente desde hace tres días.,cerrado,0
TK-01357,2025-02-27,,Aplicaciones,Red,Media,Correo,usuario061@lafortuna.com.co,La VPN se desconecta cada media hora,Se adjunta captura de pantalla del mensaje de error recibido.,abierto,0
TK-01026,2026-02-14,,Operaciones,Sin clasificar,Critica,Teléfono,usuario016@lafortuna.com.co,Solicito capacitación en el módulo nuevo,Se adjunta captura de pantalla del mensaje de error recibido.,Reabierto,1
TK-01214,2026-04-14,,Calidad,Nómina,2-Media,correo,usuario174@lafortuna.com.co,Error en el descuento de la quincena,El usuario reporta la novedad desde el inicio de la jornada y requiere solución para continuar con su labor.,Abierto,0
TK-00960,2025-12-14,,Calidad,Sin clasificar,media,Mesa de ayuda,usuario081@lafortuna.com.co,Solicito exportar el listado a Excel,Se adjunta captura de pantalla del mensaje de error recibido.,abierto,0
TK-01704,2025-05-24,,Infraestructura,Sin clasificar,Crítica,Teléfono,usuario176@lafortuna.com.co,Solicito exportar el listado a Excel,Se solicita atención prioritaria porque afecta la operación del área y el cierre del periodo.,Abierto,0
TK-00131,2025-05-18,2025-06-11,Contabilidad,Sin clasificar,media,correo,usuario012@lafortuna.com.co,El informe muestra cifras distintas al sistema,El caso fue reportado por teléfono y se registra para trazabilidad.,cerrado,1
TK-00902,2025-06-13,,Calidad,Nómina,Media,Telefono,usuario020@lafortuna.com.co,Diferencia en el pago de horas extras,Requerimiento remitido por la jefatura del área para gestión.,Reabierto,3
TK-00619,2026-05-17,,Aplicaciones,Vacaciones,baja,Mesa de ayuda,usuario137@lafortuna.com.co,Puedo dividir mis vacaciones en dos periodos,Se solicita atención prioritaria porque afecta la operación del área y el cierre del periodo.,Abierto,0
TK-00200,2025-08-08,,Compras,Sin clasificar,alta,correo,usuario129@lafortuna.com.co,El reporte no incluye la sede nueva,Se solicita atención prioritaria porque afecta la operación del área y el cierre del periodo.,REABIERTO,3
TK-01606,2025-05-27,,Compras,Sin clasificar,ALTA,Teléfono,usuario040@lafortuna.com.co,El teclado dejó de responder,Requerimiento remitido por la jefatura del área para gestión.,Reabierto,1
TK-01159,2026-04-16,,Infraestructura,Sin clasificar,media,Correo,usuario142@lafortuna.com.co,Pendiente por definir,El caso fue reportado por teléfono y se registra para trazabilidad.,abierto,0
TK-01167,2025-08-29,,Calidad,Sin clasificar,Media,correo,usuario069@lafortuna.com.co,Estado de la orden de compra 4471,,En proceso,0
TK-00247,2025-06-16,2025-06-25,Aplicaciones,Vacaciones,2-Media,Correo,usuario003@lafortuna.com.co,Cuántos días tengo acumulados,El solicitante indica que la novedad se presenta de forma intermitente desde hace tres días.,Cerrado,0
TK-01504,2025-10-07,,Calidad,Accesos,CRITICA,Formulario web,usuario109@lafortuna.com.co,Solicito permiso al módulo de cartera,El solicitante indica que la novedad se presenta de forma intermitente desde hace tres días.,En proceso,0
TK-00609,2025-01-14,2025-02-28,Comercial,Sin clasificar,Baja,Mesa de ayuda,usuario078@lafortuna.com.co,Solicito reposición de diadema dañada,,cerrado,0
TK-01613,2025-03-30,2025-04-26,Talento Humano,Nómina,CRITICA,Correo,usuario104@lafortuna.com.co,Error en el descuento de la quincena,,REABIERTO,2
TK-00811,2026-02-15,2026-03-23,Calidad,Software,alta,correo,usuario012@lafortuna.com.co,Aparece un mensaje de sesión expirada cada cinco minutos,Se solicita atención prioritaria porque afecta la operación del área y el cierre del periodo.,CERRADO,0
TK-01508,2026-06-30,,Comercial,Software,media,Correo,usuario110@lafortuna.com.co,Aparece un mensaje de sesión expirada cada cinco minutos,,en proceso,0
TK-00206,2025-11-22,,Contabilidad,Software,Baja,formulario,usuario148@lafortuna.com.co,La aplicación se cierra al generar el informe,El caso fue reportado por teléfono y se registra para trazabilidad.,REABIERTO,3
TK-01148,2025-06-19,,Compras,Red,ALTA,formulario,usuario137@lafortuna.com.co,Muy lenta la conexión en la bodega,El solicitante indica que la novedad se presenta de forma intermitente desde hace tres días.,abierto,0
TK-01147,2025-07-23,,Contabilidad,Sin clasificar,1-Alta,Correo,usuario157@lafortuna.com.co,Necesito material del curso de la semana pasada,El solicitante indica que la novedad se presenta de forma intermitente desde hace tres días.,abierto,0
TK-00808,2025-01-11,,Contabilidad,Incidente,CRITICA,Formulario web,usuario081@lafortuna.com.co,Caída total del sistema en la sede principal,Requerimiento remitido por la jefatura del área para gestión.,REABIERTO,2
TK-00795,2025-05-27,2025-06-23,Aplicaciones,Vacaciones,media,Mesa de ayuda,usuario093@lafortuna.com.co,Puedo dividir mis vacaciones en dos periodos,Requerimiento remitido por la jefatura del área para gestión.,CERRADO,0
TK-01478,2025-04-16,,Aplicaciones,Accesos,Alta,Teléfono,usuario025@lafortuna.com.co,Necesito acceso a la carpeta compartida de mi área,Se adjunta captura de pantalla del mensaje de error recibido.,reabierto,2
TK-00245,2025-09-04,,Talento Humano,Accesos,baja,Correo,usuario017@lafortuna.com.co,Me retiraron el acceso y aún trabajo en el proceso,El caso fue reportado por teléfono y se registra para trazabilidad.,En proceso,0
TK-01318,2025-04-19,2025-05-31,Compras,Red,Alta,Mesa de ayuda,usuario119@lafortuna.com.co,No carga el sistema desde la sede sur,Se solicita atención prioritaria porque afecta la operación del área y el cierre del periodo.,cerrado,1
TK-01132,2025-08-08,,Compras,Nómina,Alta,formulario,usuario046@lafortuna.com.co,Solicito certificado laboral con salario,El usuario reporta la novedad desde el inicio de la jornada y requiere solución para continuar con su labor.,reabierto,2
TK-00106,2025-12-17,2026-01-07,Operaciones,Reportes,CRITICA,Mesa de ayuda,usuario139@lafortuna.com.co,Necesito el reporte de ventas del trimestre,Se adjunta captura de pantalla del mensaje de error recibido.,cerrado,0
TK-00483,2025-01-03,,Contabilidad,Sin clasificar,alta,Teléfono,usuario176@lafortuna.com.co,Necesito cotización para equipos de la bodega,El caso fue reportado por teléfono y se registra para trazabilidad.,en proceso,0
TK-00754,2026-03-11,,Infraestructura,Hardware,baja,Telefono,usuario119@lafortuna.com.co,Solicito reposición de diadema dañada,Requerimiento remitido por la jefatura del área para gestión.,En proceso,0
TK-01014,2025-04-26,,Infraestructura,Incidente,Media,Mesa de ayuda,usuario149@lafortuna.com.co,Pérdida de información en el módulo de inventario,Se solicita atención prioritaria porque afecta la operación del área y el cierre del periodo.,en proceso,0
TK-00344,2025-06-05,,Aplicaciones,Red,CRITICA,Telefono,usuario086@lafortuna.com.co,La VPN se desconecta cada media hora,El caso fue reportado por teléfono y se registra para trazabilidad.,en proceso,0
TK-00101,2025-04-09,,Talento Humano,Software,3-Baja,correo,usuario145@lafortuna.com.co,Necesito que instalen el visor de planos,El solicitante indica que la novedad se presenta de forma intermitente desde hace tres días.,abierto,0
TK-00863,2025-09-12,2025-09-15,Contabilidad,Viáticos,CRITICA,correo,usuario053@lafortuna.com.co,No me han reembolsado los gastos del mes pasado,Se solicita atención prioritaria porque afecta la operación del área y el cierre del periodo.,CERRADO,0
TK-00423,2025-09-15,,Calidad,Sin clasificar,1-Alta,Mesa de ayuda,usuario173@lafortuna.com.co,Solicito reposición de diadema dañada,Se solicita atención prioritaria porque afecta la operación del área y el cierre del periodo.,Reabierto,3
TK-01546,2026-03-12,,Operaciones,Accesos,Crítica,correo,usuario097@lafortuna.com.co,Necesito acceso a la carpeta compartida de mi área,El caso fue reportado por teléfono y se registra para trazabilidad.,en proceso,0
TK-00764,2025-01-09,,Operaciones,Incidente,MEDIA,Mesa de ayuda,usuario028@lafortuna.com.co,Se cayó el servicio de facturación,El solicitante indica que la novedad se presenta de forma intermitente desde hace tres días.,En proceso,0
TK-00077,2025-06-19,,Calidad,Red,MEDIA,formulario,usuario111@lafortuna.com.co,Muy lenta la conexión en la bodega,Se adjunta captura de pantalla del mensaje de error recibido.,Abierto,0
TK-00622,2025-01-30,,Compras,Sin clasificar,MEDIA,formulario,usuario059@lafortuna.com.co,Solicito reposición de diadema dañada,El solicitante indica que la novedad se presenta de forma intermitente desde hace tres días.,reabierto,1
TK-00968,2025-10-25,,Calidad,Hardware,MEDIA,Teléfono,usuario029@lafortuna.com.co,El portátil no enciende desde ayer,,abierto,0
TK-01797,2025-06-12,,Contabilidad,Software,ALTA,Teléfono,usuario144@lafortuna.com.co,Necesito que instalen el visor de planos,,abierto,0
TK-00434,2025-07-14,,Contabilidad,Sin clasificar,ALTA,Mesa de ayuda,usuario098@lafortuna.com.co,Necesito acceso a la carpeta compartida de mi área,Se adjunta captura de pantalla del mensaje de error recibido.,abierto,0
TK-00050,2026-05-14,,Contabilidad,Accesos,alta,formulario,usuario032@lafortuna.com.co,Se bloqueó mi usuario tras varios intentos,El caso fue reportado por teléfono y se registra para trazabilidad.,Escalado,0
TK-00865,2025-06-30,,Aplicaciones,Nómina,baja,Telefono,usuario077@lafortuna.com.co,No me llegó el desprendible de pago,El solicitante indica que la novedad se presenta de forma intermitente desde hace tres días.,Reabierto,2
TK-01303,2026-06-18,,Calidad,Compras,MEDIA,correo,usuario090@lafortuna.com.co,Estado de la orden de compra 4471,Requerimiento remitido por la jefatura del área para gestión.,Reabierto,1
TK-00729,2025-01-19,2025-03-04,Contabilidad,Accesos,Alta,formulario,usuario142@lafortuna.com.co,Solicito permiso al módulo de cartera,Se solicita atención prioritaria porque afecta la operación del área y el cierre del periodo.,Cerrado,0
TK-01137,2026-05-04,2026-05-09,Comercial,Software,alta,formulario,usuario096@lafortuna.com.co,Aparece un mensaje de sesión expirada cada cinco minutos,Se adjunta captura de pantalla del mensaje de error recibido.,cerrado,0
TK-01032,2026-03-30,2026-04-25,Calidad,Hardware,1-Alta,Teléfono,usuario110@lafortuna.com.co,Necesito un monitor adicional para el puesto,,cerrado,0
TK-00679,2025-05-13,,Infraestructura,Red,Crítica,Teléfono,usuario123@lafortuna.com.co,La VPN se desconecta cada media hora,El usuario reporta la novedad desde el inicio de la jornada y requiere solución para continuar con su labor.,Abierto,0
TK-01956,2026-02-22,,Compras,Vacaciones,2-Media,Correo,usuario173@lafortuna.com.co,Puedo dividir mis vacaciones en dos periodos,Se adjunta captura de pantalla del mensaje de error recibido.,REABIERTO,2
TK-00886,2026-01-08,2026-02-17,Infraestructura,Sin clasificar,ALTA,Telefono,usuario122@lafortuna.com.co,Solicito capacitación en el módulo nuevo,El caso fue reportado por teléfono y se registra para trazabilidad.,Cerrado,0
TK-00521,2026-02-14,,Contabilidad,Sin clasificar,media,Correo,usuario022@lafortuna.com.co,Pendiente por definir,El caso fue reportado por teléfono y se registra para trazabilidad.,En proceso,0
TK-00329,2026-01-04,2026-01-12,Talento Humano,Accesos,Crítica,Telefono,usuario087@lafortuna.com.co,Se bloqueó mi usuario tras varios intentos,El solicitante indica que la novedad se presenta de forma intermitente desde hace tres días.,cerrado,0
TK-00403,2026-04-01,2026-04-09,Operaciones,Red,2-Media,formulario,usuario037@lafortuna.com.co,Muy lenta la conexión en la bodega,Se adjunta captura de pantalla del mensaje de error recibido.,en proceso,0
TK-01087,2025-01-15,,Operaciones,Viáticos,baja,Correo,usuario115@lafortuna.com.co,Necesito anticipo para comisión,El usuario reporta la novedad desde el inicio de la jornada y requiere solución para continuar con su labor.,reabierto,3
TK-01623,2026-05-08,,Infraestructura,Nómina,1-Alta,Formulario web,usuario112@lafortuna.com.co,Error en el descuento de la quincena,El usuario reporta la novedad desde el inicio de la jornada y requiere solución para continuar con su labor.,en proceso,0
TK-01912,2025-03-27,2025-04-15,Talento Humano,Nómina,Crítica,Mesa de ayuda,usuario113@lafortuna.com.co,Diferencia en el pago de horas extras,Se solicita atención prioritaria porque afecta la operación del área y el cierre del periodo.,CERRADO,0
TK-01157,2026-03-30,2026-05-08,Aplicaciones,Software,Alta,Teléfono,usuario164@lafortuna.com.co,Error al guardar el formulario de ingreso,El caso fue reportado por teléfono y se registra para trazabilidad.,CERRADO,0
TK-00964,2025-07-03,,Infraestructura,Sin clasificar,MEDIA,Formulario web,usuario115@lafortuna.com.co,Solicitud varias,El caso fue reportado por teléfono y se registra para trazabilidad.,Escalado,0
TK-00556,2025-03-06,,Aplicaciones,Software,Critica,formulario,usuario048@lafortuna.com.co,La aplicación se cierra al generar el informe,Se solicita atención prioritaria porque afecta la operación del área y el cierre del periodo.,en proceso,0
TK-00663,2025-06-16,,Calidad,Software,3-Baja,Telefono,usuario049@lafortuna.com.co,Necesito que instalen el visor de planos,El solicitante indica que la novedad se presenta de forma intermitente desde hace tres días.,En proceso,0
TK-00498,2025-01-25,,Operaciones,Accesos,ALTA,Formulario web,usuario068@lafortuna.com.co,Solicito permiso al módulo de cartera,Se solicita atención prioritaria porque afecta la operación del área y el cierre del periodo.,en proceso,0
TK-01129,2025-02-11,,Talento Humano,Reportes,Media,formulario,usuario036@lafortuna.com.co,El reporte no incluye la sede nueva,Se solicita atención prioritaria porque afecta la operación del área y el cierre del periodo.,Escalado,0
TK-00703,2026-01-12,,Contabilidad,Sin clasificar,3-Baja,formulario,usuario124@lafortuna.com.co,Necesito material del curso de la semana pasada,Se adjunta captura de pantalla del mensaje de error recibido.,REABIERTO,1
TK-01270,2026-06-21,,Contabilidad,Accesos,alta,formulario,usuario079@lafortuna.com.co,Se bloqueó mi usuario tras varios intentos,,Reabierto,1
TK-01089,2025-11-04,2025-12-01,Calidad,Sin clasificar,Baja,Correo,usuario050@lafortuna.com.co,La versión instalada no coincide con la del área,Requerimiento remitido por la jefatura del área para gestión.,Escalado,0
TK-00921,2026-03-27,,Comercial,Nómina,Crítica,Telefono,usuario035@lafortuna.com.co,No me llegó el desprendible de pago,,en proceso,0
TK-00834,2025-11-07,,Comercial,Incidente,ALTA,Correo,usuario031@lafortuna.com.co,Pérdida de información en el módulo de inventario,El caso fue reportado por teléfono y se registra para trazabilidad.,reabierto,1
TK-00061,2026-04-22,2026-04-28,Talento Humano,Sin clasificar,Media,Correo,usuario155@lafortuna.com.co,Cuándo es la próxima inducción,Se solicita atención prioritaria porque afecta la operación del área y el cierre del periodo.,cerrado,0
TK-00139,2026-04-04,,Contabilidad,Accesos,2-Media,formulario,usuario085@lafortuna.com.co,Se bloqueó mi usuario tras varios intentos,Requerimiento remitido por la jefatura del área para gestión.,Escalado,0
TK-00123,2025-01-27,,Operaciones,Sin clasificar,media,correo,usuario093@lafortuna.com.co,Pendiente por definir,Se adjunta captura de pantalla del mensaje de error recibido.,en proceso,0
TK-00478,2026-05-12,,Contabilidad,Sin clasificar,2-Media,Correo,usuario068@lafortuna.com.co,Error al guardar el formulario de ingreso,El usuario reporta la novedad desde el inicio de la jornada y requiere solución para continuar con su labor.,Abierto,0
TK-01854,2025-01-21,2025-02-24,Compras,Sin clasificar,baja,formulario,usuario180@lafortuna.com.co,El teclado dejó de responder,El usuario reporta la novedad desde el inicio de la jornada y requiere solución para continuar con su labor.,Cerrado,0
TK-01053,2025-05-06,,Aplicaciones,Accesos,CRITICA,correo,usuario171@lafortuna.com.co,Necesito acceso a la carpeta compartida de mi área,El caso fue reportado por teléfono y se registra para trazabilidad.,Escalado,0
TK-01530,2026-02-22,,Compras,Sin clasificar,media,Formulario web,usuario029@lafortuna.com.co,El reporte no incluye la sede nueva,Se solicita atención prioritaria porque afecta la operación del área y el cierre del periodo.,reabierto,1
TK-00168,2025-11-20,2025-12-04,Comercial,Red,baja,Correo,usuario015@lafortuna.com.co,La VPN se desconecta cada media hora,,CERRADO,0
TK-01315,2026-04-17,,Talento Humano,Sin clasificar,2-Media,formulario,usuario141@lafortuna.com.co,Necesito material del curso de la semana pasada,Requerimiento remitido por la jefatura del área para gestión.,en proceso,0
TK-00173,2025-12-18,2026-01-01,Operaciones,Red,Crítica,correo,usuario002@lafortuna.com.co,Muy lenta la conexión en la bodega,El caso fue reportado por teléfono y se registra para trazabilidad.,CERRADO,0
TK-00649,2025-05-06,,Aplicaciones,Incidente,CRITICA,Mesa de ayuda,usuario060@lafortuna.com.co,Los usuarios reportan lentitud generalizada,El caso fue reportado por teléfono y se registra para trazabilidad.,En proceso,0
TK-00017,2025-03-01,,Talento Humano,Accesos,Media,Correo,usuario158@lafortuna.com.co,Necesito acceso a la carpeta compartida de mi área,Se solicita atención prioritaria porque afecta la operación del área y el cierre del periodo.,En proceso,0
TK-01050,2026-01-18,,Talento Humano,Incidente,alta,Telefono,usuario103@lafortuna.com.co,Se cayó el servicio de facturación,Requerimiento remitido por la jefatura del área para gestión.,abierto,0
TK-01324,2025-01-20,,Infraestructura,Sin clasificar,ALTA,correo,usuario013@lafortuna.com.co,Requerimiento del área,,en proceso,0
TK-00465,2025-08-11,,Calidad,Sin clasificar,3-Baja,correo,usuario071@lafortuna.com.co,Necesito cotización para equipos de la bodega,Requerimiento remitido por la jefatura del área para gestión.,reabierto,3
TK-01625,2026-06-15,,Infraestructura,Sin clasificar,media,correo,usuario170@lafortuna.com.co,Requerimiento del área,,reabierto,0
TK-01680,2025-06-20,2025-07-26,Infraestructura,Reportes,Baja,Teléfono,usuario007@lafortuna.com.co,El reporte no incluye la sede nueva,Se adjunta captura de pantalla del mensaje de error recibido.,cerrado,0
TK-01519,2025-03-02,,Infraestructura,Sin clasificar,3-Baja,formulario,usuario029@lafortuna.com.co,Solicitud varias,,abierto,0
TK-01041,2025-01-14,,Operaciones,Vacaciones,ALTA,Correo,usuario037@lafortuna.com.co,Me negaron las vacaciones solicitadas,El usuario reporta la novedad desde el inicio de la jornada y requiere solución para continuar con su labor.,REABIERTO,1
TK-00054,2025-01-28,2025-02-05,Aplicaciones,Sin clasificar,Critica,Telefono,usuario012@lafortuna.com.co,Solicitud varias,El usuario reporta la novedad desde el inicio de la jornada y requiere solución para continuar con su labor.,CERRADO,0
TK-01926,2025-04-19,,Infraestructura,Accesos,ALTA,formulario,usuario134@lafortuna.com.co,Me retiraron el acceso y aún trabajo en el proceso,El solicitante indica que la novedad se presenta de forma intermitente desde hace tres días.,reabierto,2
TK-00936,2025-03-01,2025-03-24,Calidad,Red,baja,Correo,usuario001@lafortuna.com.co,Muy lenta la conexión en la bodega,,Cerrado,1
TK-00160,2026-05-29,2026-06-25,Talento Humano,Accesos,media,Formulario web,usuario151@lafortuna.com.co,Me retiraron el acceso y aún trabajo en el proceso,,Cerrado,0
TK-00651,2026-02-04,,Operaciones,Hardware,baja,Correo,usuario167@lafortuna.com.co,Necesito un monitor adicional para el puesto,El solicitante indica que la novedad se presenta de forma intermitente desde hace tres días.,en proceso,0
TK-00125,2026-02-07,,Compras,Sin clasificar,Media,Correo,usuario047@lafortuna.com.co,Necesito material del curso de la semana pasada,El solicitante indica que la novedad se presenta de forma intermitente desde hace tres días.,REABIERTO,1
TK-00370,2026-04-29,,Infraestructura,Sin clasificar,media,Teléfono,usuario109@lafortuna.com.co,Pendiente por definir,Requerimiento remitido por la jefatura del área para gestión.,En proceso,0
TK-00377,2025-08-03,2025-09-17,Talento Humano,Compras,alta,Telefono,usuario160@lafortuna.com.co,El proveedor no ha entregado lo solicitado,El caso fue reportado por teléfono y se registra para trazabilidad.,cerrado,0
TK-01848,2025-06-05,,Compras,Vacaciones,baja,Teléfono,usuario173@lafortuna.com.co,Con cuánta anticipación debo solicitar vacaciones,Requerimiento remitido por la jefatura del área para gestión.,Abierto,0
TK-00422,2025-05-21,2025-06-28,Operaciones,Red,CRITICA,Mesa de ayuda,usuario039@lafortuna.com.co,Muy lenta la conexión en la bodega,Requerimiento remitido por la jefatura del área para gestión.,cerrado,0
TK-00601,2026-06-16,2026-07-30,Talento Humano,Hardware,baja,Mesa de ayuda,usuario104@lafortuna.com.co,Solicito reposición de diadema dañada,El usuario reporta la novedad desde el inicio de la jornada y requiere solución para continuar con su labor.,cerrado,0
TK-00373,2026-06-15,,Compras,Hardware,1-Alta,Correo,usuario149@lafortuna.com.co,Solicito reposición de diadema dañada,Se solicita atención prioritaria porque afecta la operación del área y el cierre del periodo.,REABIERTO,2
TK-00014,2026-01-06,,Operaciones,Red,MEDIA,Formulario web,usuario028@lafortuna.com.co,No carga el sistema desde la sede sur,El caso fue reportado por teléfono y se registra para trazabilidad.,Reabierto,3
TK-00847,2025-12-30,,Infraestructura,Reportes,CRITICA,formulario,usuario151@lafortuna.com.co,El reporte no incluye la sede nueva,Se adjunta captura de pantalla del mensaje de error recibido.,Escalado,0
TK-00804,2026-06-02,,Operaciones,Compras,3-Baja,Teléfono,usuario160@lafortuna.com.co,Estado de la orden de compra 4471,Se solicita atención prioritaria porque afecta la operación del área y el cierre del periodo.,En proceso,0
TK-00589,2026-06-30,2026-07-20,Comercial,Sin clasificar,Crítica,correo,usuario106@lafortuna.com.co,Caída total del sistema en la sede principal,El usuario reporta la novedad desde el inicio de la jornada y requiere solución para continuar con su labor.,cerrado,0
TK-00718,2026-06-24,,Infraestructura,Nómina,2-Media,Mesa de ayuda,usuario036@lafortuna.com.co,Error en el descuento de la quincena,El caso fue reportado por teléfono y se registra para trazabilidad.,Reabierto,1
TK-00273,2025-07-28,,Aplicaciones,Hardware,alta,Teléfono,usuario050@lafortuna.com.co,El teclado dejó de responder,Se adjunta captura de pantalla del mensaje de error recibido.,Reabierto,2
TK-01096,2025-06-28,,Compras,Compras,Alta,Telefono,usuario089@lafortuna.com.co,Estado de la orden de compra 4471,,reabierto,3
TK-01819,2025-07-13,,Comercial,Compras,CRITICA,formulario,usuario045@lafortuna.com.co,Cómo registro un proveedor nuevo,Se adjunta captura de pantalla del mensaje de error recibido.,Abierto,0
TK-00995,2026-03-26,2026-04-15,Infraestructura,Sin clasificar,Crítica,correo,usuario129@lafortuna.com.co,Aparece un mensaje de sesión expirada cada cinco minutos,El caso fue reportado por teléfono y se registra para trazabilidad.,CERRADO,0
TK-00751,2025-05-20,,Contabilidad,Accesos,1-Alta,Teléfono,usuario123@lafortuna.com.co,Necesito acceso a la carpeta compartida de mi área,Se adjunta captura de pantalla del mensaje de error recibido.,Escalado,0
TK-00244,2025-10-12,,Contabilidad,Accesos,alta,Telefono,usuario132@lafortuna.com.co,Solicito permiso al módulo de cartera,El usuario reporta la novedad desde el inicio de la jornada y requiere solución para continuar con su labor.,Abierto,0
TK-01210,2026-06-22,,Infraestructura,Sin clasificar,alta,Mesa de ayuda,usuario032@lafortuna.com.co,Aparece un mensaje de sesión expirada cada cinco minutos,,en proceso,0
TK-01716,2025-02-03,,Calidad,Sin clasificar,media,Telefono,usuario018@lafortuna.com.co,Solicito capacitación en el módulo nuevo,El usuario reporta la novedad desde el inicio de la jornada y requiere solución para continuar con su labor.,Abierto,0
TK-01116,2025-12-22,,Calidad,Incidente,MEDIA,Correo,usuario012@lafortuna.com.co,Pérdida de información en el módulo de inventario,,abierto,0
TK-01131,2026-04-19,,Contabilidad,Sin clasificar,CRITICA,Telefono,usuario131@lafortuna.com.co,Consulta general,Se adjunta captura de pantalla del mensaje de error recibido.,Reabierto,1
TK-01605,2025-11-29,2025-12-19,Talento Humano,Sin clasificar,1-Alta,Teléfono,usuario070@lafortuna.com.co,Pendiente por definir,,reabierto,2
TK-00534,2026-01-14,2026-02-03,Calidad,Accesos,baja,Teléfono,usuario086@lafortuna.com.co,Se bloqueó mi usuario tras varios intentos,Se adjunta captura de pantalla del mensaje de error recibido.,cerrado,0
TK-01940,2026-03-19,,Contabilidad,Accesos,alta,Mesa de ayuda,usuario052@lafortuna.com.co,Me retiraron el acceso y aún trabajo en el proceso,El caso fue reportado por teléfono y se registra para trazabilidad.,Abierto,0
TK-01924,2025-08-23,2025-09-14,Compras,Vacaciones,3-Baja,formulario,usuario059@lafortuna.com.co,Con cuánta anticipación debo solicitar vacaciones,El usuario reporta la novedad desde el inicio de la jornada y requiere solución para continuar con su labor.,REABIERTO,3
TK-01577,2025-04-26,,Talento Humano,Red,alta,Mesa de ayuda,usuario033@lafortuna.com.co,Sin internet en el segundo piso,,En proceso,0
TK-01150,2026-01-27,,Operaciones,Viáticos,3-Baja,Teléfono,usuario114@lafortuna.com.co,Cómo legalizo los viáticos del viaje a la costa,Se solicita atención prioritaria porque afecta la operación del área y el cierre del periodo.,Escalado,0
TK-01645,2025-12-08,2026-01-06,Comercial,Nómina,Crítica,Formulario web,usuario154@lafortuna.com.co,No me llegó el desprendible de pago,Se solicita atención prioritaria porque afecta la operación del área y el cierre del periodo.,cerrado,0
TK-01881,2025-02-24,,Comercial,Vacaciones,Alta,Correo,usuario055@lafortuna.com.co,Me negaron las vacaciones solicitadas,Se adjunta captura de pantalla del mensaje de error recibido.,reabierto,2
TK-01747,2025-08-21,2025-09-04,Talento Humano,Sin clasificar,Baja,Mesa de ayuda,usuario163@lafortuna.com.co,Solicito exportar el listado a Excel,,REABIERTO,1
TK-00929,2025-10-18,2025-10-18,Compras,Accesos,1-Alta,Telefono,usuario141@lafortuna.com.co,No puedo entrar al sistema Centrica,El caso fue reportado por teléfono y se registra para trazabilidad.,CERRADO,0
TK-00793,2026-03-10,,Operaciones,Compras,CRITICA,Teléfono,usuario132@lafortuna.com.co,El proveedor no ha entregado lo solicitado,Requerimiento remitido por la jefatura del área para gestión.,Escalado,0
TK-01804,2026-06-22,,Aplicaciones,Vacaciones,Crítica,Mesa de ayuda,usuario072@lafortuna.com.co,Me negaron las vacaciones solicitadas,Requerimiento remitido por la jefatura del área para gestión.,Abierto,0
TK-01355,2025-03-07,,Contabilidad,Sin clasificar,Alta,Mesa de ayuda,usuario101@lafortuna.com.co,Requerimiento del área,El caso fue reportado por teléfono y se registra para trazabilidad.,en proceso,0
TK-01304,2026-02-10,,Contabilidad,Red,1-Alta,Correo,usuario040@lafortuna.com.co,La VPN se desconecta cada media hora,El usuario reporta la novedad desde el inicio de la jornada y requiere solución para continuar con su labor.,abierto,0
TK-01213,2026-05-10,2026-05-30,Calidad,Vacaciones,Baja,Correo,usuario095@lafortuna.com.co,Cuántos días tengo acumulados,,CERRADO,1
TK-01860,2025-02-23,,Contabilidad,Vacaciones,Critica,formulario,usuario064@lafortuna.com.co,Puedo dividir mis vacaciones en dos periodos,El solicitante indica que la novedad se presenta de forma intermitente desde hace tres días.,En proceso,0
TK-01828,2025-08-24,,Operaciones,Sin clasificar,MEDIA,correo,usuario071@lafortuna.com.co,Se bloqueó mi usuario tras varios intentos,Se adjunta captura de pantalla del mensaje de error recibido.,reabierto,3
TK-00194,2025-09-10,,Comercial,Sin clasificar,Media,formulario,usuario153@lafortuna.com.co,Necesito material del curso de la semana pasada,Requerimiento remitido por la jefatura del área para gestión.,En proceso,0
TK-00121,2025-07-15,,Talento Humano,Viáticos,alta,Teléfono,usuario145@lafortuna.com.co,Cuál es el monto autorizado para hospedaje,Se adjunta captura de pantalla del mensaje de error recibido.,REABIERTO,2
TK-00311,2025-12-09,2026-01-14,Talento Humano,Sin clasificar,baja,Telefono,usuario036@lafortuna.com.co,Solicito reposición de diadema dañada,Se adjunta captura de pantalla del mensaje de error recibido.,cerrado,0
TK-01361,2025-04-30,2025-05-17,Aplicaciones,Viáticos,1-Alta,correo,usuario133@lafortuna.com.co,Cuál es el monto autorizado para hospedaje,Se solicita atención prioritaria porque afecta la operación del área y el cierre del periodo.,Cerrado,0
TK-00875,2025-11-19,2025-11-24,Talento Humano,Sin clasificar,MEDIA,Mesa de ayuda,usuario127@lafortuna.com.co,Necesito que instalen el visor de planos,Requerimiento remitido por la jefatura del área para gestión.,CERRADO,1
TK-00694,2025-11-11,2025-12-11,Aplicaciones,Reportes,baja,Telefono,usuario106@lafortuna.com.co,El informe muestra cifras distintas al sistema,El solicitante indica que la novedad se presenta de forma intermitente desde hace tres días.,REABIERTO,2
TK-00172,2025-12-22,,Aplicaciones,Vacaciones,MEDIA,Formulario web,usuario150@lafortuna.com.co,Con cuánta anticipación debo solicitar vacaciones,El solicitante indica que la novedad se presenta de forma intermitente desde hace tres días.,REABIERTO,2
TK-01487,2026-02-03,,Aplicaciones,Red,3-Baja,Teléfono,usuario131@lafortuna.com.co,No carga el sistema desde la sede sur,,En proceso,0
TK-01316,2025-09-23,2025-10-10,Contabilidad,Accesos,Crítica,formulario,usuario001@lafortuna.com.co,Se bloqueó mi usuario tras varios intentos,El solicitante indica que la novedad se presenta de forma intermitente desde hace tres días.,Cerrado,0
TK-01725,2026-01-28,,Calidad,Sin clasificar,1-Alta,Teléfono,usuario144@lafortuna.com.co,Solicitud varias,El caso fue reportado por teléfono y se registra para trazabilidad.,abierto,0
TK-01117,2026-02-07,,Contabilidad,Nómina,Crítica,Teléfono,usuario076@lafortuna.com.co,No me llegó el desprendible de pago,El solicitante indica que la novedad se presenta de forma intermitente desde hace tres días.,REABIERTO,3
TK-00659,2026-06-03,,Aplicaciones,Software,media,Correo,usuario028@lafortuna.com.co,La versión instalada no coincide con la del área,El caso fue reportado por teléfono y se registra para trazabilidad.,REABIERTO,3
TK-00385,2025-05-05,2025-06-13,Talento Humano,Accesos,Critica,formulario,usuario040@lafortuna.com.co,Se bloqueó mi usuario tras varios intentos,El usuario reporta la novedad desde el inicio de la jornada y requiere solución para continuar con su labor.,Cerrado,0
TK-01039,2025-11-03,,Aplicaciones,Nómina,ALTA,formulario,usuario063@lafortuna.com.co,No me llegó el desprendible de pago,El solicitante indica que la novedad se presenta de forma intermitente desde hace tres días.,REABIERTO,1
TK-00204,2025-09-22,2025-10-07,Talento Humano,Accesos,3-Baja,Formulario web,usuario171@lafortuna.com.co,Solicito permiso al módulo de cartera,,Reabierto,3
TK-01286,2025-04-05,2025-04-23,Contabilidad,Sin clasificar,CRITICA,Telefono,usuario022@lafortuna.com.co,El teclado dejó de responder,Requerimiento remitido por la jefatura del área para gestión.,REABIERTO,2
TK-01658,2025-11-02,,Aplicaciones,Software,Critica,Mesa de ayuda,usuario131@lafortuna.com.co,La aplicación se cierra al generar el informe,El usuario reporta la novedad desde el inicio de la jornada y requiere solución para continuar con su labor.,abierto,0
TK-01785,2025-07-24,,Contabilidad,Sin clasificar,ALTA,Mesa de ayuda,usuario154@lafortuna.com.co,Requerimiento del área,El usuario reporta la novedad desde el inicio de la jornada y requiere solución para continuar con su labor.,Reabierto,3
TK-00323,2025-11-12,,Contabilidad,Vacaciones,1-Alta,Mesa de ayuda,usuario111@lafortuna.com.co,Me negaron las vacaciones solicitadas,Requerimiento remitido por la jefatura del área para gestión.,Escalado,0
TK-01119,2026-05-02,2026-05-15,Infraestructura,Accesos,MEDIA,Formulario web,usuario066@lafortuna.com.co,Me retiraron el acceso y aún trabajo en el proceso,,CERRADO,0
TK-01935,2026-04-04,,Operaciones,Hardware,Crítica,correo,usuario034@lafortuna.com.co,El teclado dejó de responder,Se adjunta captura de pantalla del mensaje de error recibido.,abierto,0
TK-01468,2025-07-16,,Contabilidad,Red,3-Baja,formulario,usuario029@lafortuna.com.co,Sin internet en el segundo piso,Requerimiento remitido por la jefatura del área para gestión.,abierto,0
TK-01271,2025-11-11,,Talento Humano,Sin clasificar,CRITICA,Teléfono,usuario008@lafortuna.com.co,Aparece un mensaje de sesión expirada cada cinco minutos,El caso fue reportado por teléfono y se registra para trazabilidad.,REABIERTO,3
TK-00798,2026-01-29,2026-02-08,Talento Humano,Vacaciones,MEDIA,formulario,usuario006@lafortuna.com.co,Con cuánta anticipación debo solicitar vacaciones,El usuario reporta la novedad desde el inicio de la jornada y requiere solución para continuar con su labor.,CERRADO,0
TK-00646,2026-04-01,,Aplicaciones,Hardware,MEDIA,Formulario web,usuario037@lafortuna.com.co,Necesito un monitor adicional para el puesto,El caso fue reportado por teléfono y se registra para trazabilidad.,Abierto,0
TK-00275,2025-11-09,,Talento Humano,Sin clasificar,1-Alta,formulario,usuario018@lafortuna.com.co,Cómo registro un proveedor nuevo,El usuario reporta la novedad desde el inicio de la jornada y requiere solución para continuar con su labor.,reabierto,2
TK-01690,2026-02-27,,Comercial,Software,Baja,Correo,usuario037@lafortuna.com.co,Aparece un mensaje de sesión expirada cada cinco minutos,El usuario reporta la novedad desde el inicio de la jornada y requiere solución para continuar con su labor.,Reabierto,3
TK-00740,2026-05-15,,Talento Humano,Software,ALTA,formulario,usuario121@lafortuna.com.co,La aplicación se cierra al generar el informe,Requerimiento remitido por la jefatura del área para gestión.,REABIERTO,3
TK-01904,2025-10-11,,Compras,Red,baja,Formulario web,usuario085@lafortuna.com.co,Muy lenta la conexión en la bodega,,en proceso,0
TK-01023,2025-03-18,,Talento Humano,Nómina,1-Alta,correo,usuario145@lafortuna.com.co,Solicito certificado laboral con salario,Requerimiento remitido por la jefatura del área para gestión.,en proceso,0
TK-00025,2026-01-12,,Contabilidad,Vacaciones,baja,Telefono,usuario122@lafortuna.com.co,Puedo dividir mis vacaciones en dos periodos,Requerimiento remitido por la jefatura del área para gestión.,abierto,0
TK-01263,2025-08-14,2025-09-12,Compras,Vacaciones,2-Media,Teléfono,usuario027@lafortuna.com.co,Con cuánta anticipación debo solicitar vacaciones,Requerimiento remitido por la jefatura del área para gestión.,CERRADO,0
TK-00489,2026-06-10,,Calidad,Sin clasificar,CRITICA,correo,usuario028@lafortuna.com.co,Me retiraron el acceso y aún trabajo en el proceso,Requerimiento remitido por la jefatura del área para gestión.,abierto,0
TK-01526,2026-02-08,,Compras,Accesos,3-Baja,Teléfono,usuario078@lafortuna.com.co,Necesito acceso a la carpeta compartida de mi área,El caso fue reportado por teléfono y se registra para trazabilidad.,En proceso,0
TK-00815,2025-08-11,2025-09-22,Comercial,Red,Media,Telefono,usuario134@lafortuna.com.co,Sin internet en el segundo piso,,Reabierto,2
TK-00585,2025-05-09,2025-06-10,Comercial,Viáticos,alta,Telefono,usuario052@lafortuna.com.co,No me han reembolsado los gastos del mes pasado,Se adjunta captura de pantalla del mensaje de error recibido.,cerrado,0
TK-00044,2025-10-28,,Calidad,Vacaciones,Alta,formulario,usuario146@lafortuna.com.co,Con cuánta anticipación debo solicitar vacaciones,El solicitante indica que la novedad se presenta de forma intermitente desde hace tres días.,abierto,0
TK-00722,2026-02-01,2026-02-17,Contabilidad,Viáticos,MEDIA,Telefono,usuario117@lafortuna.com.co,Necesito anticipo para comisión,Se adjunta captura de pantalla del mensaje de error recibido.,cerrado,1
TK-00146,2025-07-30,,Aplicaciones,Software,alta,Telefono,usuario011@lafortuna.com.co,Error al guardar el formulario de ingreso,El solicitante indica que la novedad se presenta de forma intermitente desde hace tres días.,Reabierto,3
TK-00756,2025-10-05,2025-11-06,Operaciones,Red,ALTA,formulario,usuario164@lafortuna.com.co,Sin internet en el segundo piso,Se solicita atención prioritaria porque afecta la operación del área y el cierre del periodo.,Cerrado,0
TK-00716,2025-12-29,,Contabilidad,Accesos,ALTA,Correo,usuario165@lafortuna.com.co,Solicito permiso al módulo de cartera,El usuario reporta la novedad desde el inicio de la jornada y requiere solución para continuar con su labor.,en proceso,0
TK-01430,2026-05-29,,Aplicaciones,Sin clasificar,MEDIA,Correo,usuario176@lafortuna.com.co,La impresora de la sede norte imprime rayada,Se solicita atención prioritaria porque afecta la operación del área y el cierre del periodo.,abierto,0
TK-00762,2025-05-21,,Compras,Software,Baja,Telefono,usuario069@lafortuna.com.co,Aparece un mensaje de sesión expirada cada cinco minutos,Se solicita atención prioritaria porque afecta la operación del área y el cierre del periodo.,Escalado,0
TK-01916,2025-08-31,,Calidad,Nómina,2-Media,Telefono,usuario160@lafortuna.com.co,Solicito certificado laboral con salario,,En proceso,0
TK-01417,2025-08-13,,Contabilidad,Accesos,Crítica,correo,usuario047@lafortuna.com.co,Solicito permiso al módulo de cartera,El usuario reporta la novedad desde el inicio de la jornada y requiere solución para continuar con su labor.,Abierto,0
TK-00749,2025-03-27,,Talento Humano,Red,alta,correo,usuario177@lafortuna.com.co,La VPN se desconecta cada media hora,Requerimiento remitido por la jefatura del área para gestión.,Reabierto,1
TK-00558,2026-03-27,2026-05-04,Calidad,Sin clasificar,2-Media,Teléfono,usuario142@lafortuna.com.co,Aparece un mensaje de sesión expirada cada cinco minutos,,CERRADO,0
TK-01753,2025-05-14,,Infraestructura,Software,Baja,formulario,usuario019@lafortuna.com.co,Necesito que instalen el visor de planos,,en proceso,0
TK-00826,2026-01-22,,Comercial,Software,media,formulario,usuario090@lafortuna.com.co,La aplicación se cierra al generar el informe,Se solicita atención prioritaria porque afecta la operación del área y el cierre del periodo.,Abierto,0
TK-00202,2025-09-28,,Comercial,Sin clasificar,baja,Formulario web,usuario003@lafortuna.com.co,Pendiente por definir,,en proceso,0
TK-01803,2025-08-29,,Aplicaciones,Accesos,ALTA,formulario,usuario028@lafortuna.com.co,Se bloqueó mi usuario tras varios intentos,El solicitante indica que la novedad se presenta de forma intermitente desde hace tres días.,Abierto,0
TK-00700,2025-10-17,2025-10-22,Comercial,Viáticos,CRITICA,Formulario web,usuario145@lafortuna.com.co,No me han reembolsado los gastos del mes pasado,Requerimiento remitido por la jefatura del área para gestión.,Cerrado,0
TK-00952,2025-06-01,,Talento Humano,Sin clasificar,MEDIA,Correo,usuario168@lafortuna.com.co,Aparece un mensaje de sesión expirada cada cinco minutos,Se adjunta captura de pantalla del mensaje de error recibido.,Abierto,0
TK-00414,2025-10-21,2025-11-16,Compras,Sin clasificar,baja,Teléfono,usuario081@lafortuna.com.co,Los usuarios reportan lentitud generalizada,El caso fue reportado por teléfono y se registra para trazabilidad.,Cerrado,0
TK-00540,2025-03-26,,Comercial,Sin clasificar,CRITICA,formulario,usuario090@lafortuna.com.co,Pendiente por definir,Requerimiento remitido por la jefatura del área para gestión.,Reabierto,3
TK-00734,2025-10-08,2025-11-22,Infraestructura,Viáticos,Critica,Mesa de ayuda,usuario079@lafortuna.com.co,Necesito anticipo para comisión,,Cerrado,0
TK-01332,2025-04-03,,Calidad,Sin clasificar,Critica,correo,usuario073@lafortuna.com.co,El teclado dejó de responder,Requerimiento remitido por la jefatura del área para gestión.,REABIERTO,2
TK-00156,2025-12-01,,Compras,Red,Baja,Teléfono,usuario055@lafortuna.com.co,Muy lenta la conexión en la bodega,El usuario reporta la novedad desde el inicio de la jornada y requiere solución para continuar con su labor.,En proceso,0
TK-01415,2025-12-06,,Compras,Vacaciones,2-Media,Formulario web,usuario046@lafortuna.com.co,Puedo dividir mis vacaciones en dos periodos,Se solicita atención prioritaria porque afecta la operación del área y el cierre del periodo.,en proceso,0
TK-01638,2025-12-27,2026-01-16,Compras,Vacaciones,alta,Mesa de ayuda,usuario040@lafortuna.com.co,Me negaron las vacaciones solicitadas,,Cerrado,0
TK-01751,2025-01-25,2025-02-14,Infraestructura,Hardware,2-Media,correo,usuario101@lafortuna.com.co,El teclado dejó de responder,El usuario reporta la novedad desde el inicio de la jornada y requiere solución para continuar con su labor.,en proceso,0
TK-00399,2025-05-16,2025-06-17,Infraestructura,Hardware,1-Alta,Formulario web,usuario124@lafortuna.com.co,Solicito reposición de diadema dañada,Se adjunta captura de pantalla del mensaje de error recibido.,cerrado,0
TK-00603,2025-01-09,,Compras,Red,ALTA,formulario,usuario093@lafortuna.com.co,Sin internet en el segundo piso,El solicitante indica que la novedad se presenta de forma intermitente desde hace tres días.,abierto,0
TK-00175,2025-04-02,2025-05-12,Contabilidad,Sin clasificar,Baja,Telefono,usuario125@lafortuna.com.co,Necesito el reporte de ventas del trimestre,El usuario reporta la novedad desde el inicio de la jornada y requiere solución para continuar con su labor.,CERRADO,0
TK-00552,2025-06-11,,Calidad,Sin clasificar,media,Mesa de ayuda,usuario167@lafortuna.com.co,La aplicación se cierra al generar el informe,El usuario reporta la novedad desde el inicio de la jornada y requiere solución para continuar con su labor.,Abierto,0
TK-01471,2025-04-06,2025-05-13,Compras,Hardware,ALTA,Formulario web,usuario134@lafortuna.com.co,El portátil no enciende desde ayer,El usuario reporta la novedad desde el inicio de la jornada y requiere solución para continuar con su labor.,Cerrado,0
TK-01712,2025-05-22,2025-06-28,Operaciones,Hardware,Crítica,Telefono,usuario139@lafortuna.com.co,El teclado dejó de responder,Se solicita atención prioritaria porque afecta la operación del área y el cierre del periodo.,Cerrado,0
TK-01296,2026-04-15,,Aplicaciones,Sin clasificar,Baja,correo,usuario086@lafortuna.com.co,Aparece un mensaje de sesión expirada cada cinco minutos,,Reabierto,3
TK-00217,2026-05-09,2026-06-15,Operaciones,Sin clasificar,Media,Telefono,usuario047@lafortuna.com.co,El informe muestra cifras distintas al sistema,Se adjunta captura de pantalla del mensaje de error recibido.,En proceso,0
TK-00662,2025-01-27,,Aplicaciones,Hardware,Alta,Telefono,usuario103@lafortuna.com.co,El teclado dejó de responder,El usuario reporta la novedad desde el inicio de la jornada y requiere solución para continuar con su labor.,REABIERTO,3
TK-00801,2026-06-14,,Aplicaciones,Software,Baja,Formulario web,usuario100@lafortuna.com.co,La versión instalada no coincide con la del área,El usuario reporta la novedad desde el inicio de la jornada y requiere solución para continuar con su labor.,reabierto,3
TK-01576,2025-03-07,,Calidad,Sin clasificar,baja,Correo,usuario162@lafortuna.com.co,El proveedor no ha entregado lo solicitado,Se adjunta captura de pantalla del mensaje de error recibido.,reabierto,1
TK-01600,2025-05-12,,Compras,Reportes,Critica,Telefono,usuario174@lafortuna.com.co,El reporte no incluye la sede nueva,Requerimiento remitido por la jefatura del área para gestión.,Reabierto,1
TK-01715,2025-12-26,,Aplicaciones,Accesos,3-Baja,Telefono,usuario121@lafortuna.com.co,No puedo entrar al sistema Centrica,,En proceso,0
TK-01914,2026-06-23,,Compras,Sin clasificar,Crítica,Teléfono,usuario105@lafortuna.com.co,Necesito que instalen el visor de planos,Se solicita atención prioritaria porque afecta la operación del área y el cierre del periodo.,Escalado,0
TK-00644,2025-03-20,,Aplicaciones,Red,Alta,Teléfono,usuario172@lafortuna.com.co,Muy lenta la conexión en la bodega,Requerimiento remitido por la jefatura del área para gestión.,REABIERTO,0
TK-00232,2025-01-29,,Calidad,Sin clasificar,alta,Telefono,usuario087@lafortuna.com.co,Solicitud varias,Se solicita atención prioritaria porque afecta la operación del área y el cierre del periodo.,en proceso,0
TK-01391,2025-07-16,,Compras,Viáticos,Alta,Mesa de ayuda,usuario039@lafortuna.com.co,No me han reembolsado los gastos del mes pasado,,Escalado,0
TK-01192,2025-04-04,,Compras,Hardware,1-Alta,Correo,usuario020@lafortuna.com.co,El teclado dejó de responder,,REABIERTO,0
TK-00157,2025-02-26,,Contabilidad,Sin clasificar,baja,Teléfono,usuario040@lafortuna.com.co,Solicitud varias,Se adjunta captura de pantalla del mensaje de error recibido.,Escalado,0
TK-00113,2025-09-24,,Compras,Software,media,correo,usuario098@lafortuna.com.co,Aparece un mensaje de sesión expirada cada cinco minutos,El solicitante indica que la novedad se presenta de forma intermitente desde hace tres días.,En proceso,0
TK-01532,2025-12-07,2025-12-17,Talento Humano,Sin clasificar,MEDIA,Formulario web,usuario019@lafortuna.com.co,La versión instalada no coincide con la del área,El caso fue reportado por teléfono y se registra para trazabilidad.,Cerrado,0
TK-01356,2025-02-03,,Compras,Compras,Baja,Mesa de ayuda,usuario128@lafortuna.com.co,El proveedor no ha entregado lo solicitado,El caso fue reportado por teléfono y se registra para trazabilidad.,Reabierto,2
TK-00691,2026-03-24,,Talento Humano,Sin clasificar,baja,Formulario web,usuario022@lafortuna.com.co,Solicito reposición de diadema dañada,El caso fue reportado por teléfono y se registra para trazabilidad.,En proceso,0
TK-00040,2025-01-31,,Compras,Viáticos,3-Baja,Telefono,usuario054@lafortuna.com.co,Necesito anticipo para comisión,El solicitante indica que la novedad se presenta de forma intermitente desde hace tres días.,Escalado,0
TK-00444,2026-05-23,,Aplicaciones,Hardware,1-Alta,Mesa de ayuda,usuario028@lafortuna.com.co,La impresora de la sede norte imprime rayada,El solicitante indica que la novedad se presenta de forma intermitente desde hace tres días.,en proceso,0
TK-00216,2025-01-20,,Talento Humano,Hardware,Media,formulario,usuario056@lafortuna.com.co,El teclado dejó de responder,El caso fue reportado por teléfono y se registra para trazabilidad.,en proceso,0
TK-00931,2026-06-20,,Contabilidad,Sin clasificar,3-Baja,correo,usuario167@lafortuna.com.co,El portátil no enciende desde ayer,Se solicita atención prioritaria porque afecta la operación del área y el cierre del periodo.,Abierto,0
TK-01857,2025-07-29,,Aplicaciones,Sin clasificar,CRITICA,Teléfono,usuario162@lafortuna.com.co,Estado de la orden de compra 4471,Se adjunta captura de pantalla del mensaje de error recibido.,REABIERTO,1
TK-00666,2025-04-09,,Infraestructura,Incidente,1-Alta,Correo,usuario156@lafortuna.com.co,Caída total del sistema en la sede principal,El usuario reporta la novedad desde el inicio de la jornada y requiere solución para continuar con su labor.,Escalado,0
TK-01163,2026-01-04,,Infraestructura,Accesos,media,Teléfono,usuario035@lafortuna.com.co,Se bloqueó mi usuario tras varios intentos,El usuario reporta la novedad desde el inicio de la jornada y requiere solución para continuar con su labor.,en proceso,0
TK-00621,2025-01-18,2025-01-20,Operaciones,Incidente,Baja,Telefono,usuario074@lafortuna.com.co,Se cayó el servicio de facturación,Requerimiento remitido por la jefatura del área para gestión.,REABIERTO,1
TK-00071,2026-05-12,2026-06-01,Infraestructura,Vacaciones,ALTA,Correo,usuario143@lafortuna.com.co,Puedo dividir mis vacaciones en dos periodos,Se adjunta captura de pantalla del mensaje de error recibido.,cerrado,0
TK-00784,2025-10-15,,Contabilidad,Sin clasificar,MEDIA,formulario,usuario118@lafortuna.com.co,El portátil no enciende desde ayer,El usuario reporta la novedad desde el inicio de la jornada y requiere solución para continuar con su labor.,en proceso,0
TK-01772,2025-03-17,,Infraestructura,Nómina,Critica,Formulario web,usuario009@lafortuna.com.co,No me llegó el desprendible de pago,Se solicita atención prioritaria porque afecta la operación del área y el cierre del periodo.,abierto,0
TK-00367,2026-03-04,,Contabilidad,Sin clasificar,Alta,formulario,usuario050@lafortuna.com.co,Solicito capacitación en el módulo nuevo,El caso fue reportado por teléfono y se registra para trazabilidad.,REABIERTO,0
TK-01482,2026-03-15,,Talento Humano,Sin clasificar,Baja,correo,usuario147@lafortuna.com.co,La aplicación se cierra al generar el informe,El usuario reporta la novedad desde el inicio de la jornada y requiere solución para continuar con su labor.,Reabierto,2
TK-01281,2026-06-02,2026-06-15,Calidad,Software,3-Baja,Formulario web,usuario057@lafortuna.com.co,Necesito que instalen el visor de planos,Se adjunta captura de pantalla del mensaje de error recibido.,CERRADO,0
TK-00766,2025-10-13,,Aplicaciones,Red,Media,Mesa de ayuda,usuario071@lafortuna.com.co,No carga el sistema desde la sede sur,Requerimiento remitido por la jefatura del área para gestión.,abierto,0
TK-01111,2025-12-31,2026-01-11,Aplicaciones,Sin clasificar,2-Media,correo,usuario029@lafortuna.com.co,Solicito exportar el listado a Excel,El caso fue reportado por teléfono y se registra para trazabilidad.,reabierto,1
TK-00039,2026-05-31,,Aplicaciones,Sin clasificar,alta,Teléfono,usuario158@lafortuna.com.co,Solicitud varias ,Se adjunta captura de pantalla del mensaje de error recibido.,en proceso,0
TK-00302,2025-10-03,,Compras,Viáticos,1-Alta,Correo,usuario159@lafortuna.com.co,No me han reembolsado los gastos del mes pasado,El caso fue reportado por teléfono y se registra para trazabilidad.,En proceso,0
TK-00946,2025-08-10,,Comercial,Red,CRITICA,Formulario web,usuario073@lafortuna.com.co,La VPN se desconecta cada media hora,El usuario reporta la novedad desde el inicio de la jornada y requiere solución para continuar con su labor.,abierto,0
TK-01022,2025-04-10,,Compras,Viáticos,Alta,correo,usuario112@lafortuna.com.co,Cuál es el monto autorizado para hospedaje,,reabierto,3
TK-00868,2025-11-28,,Calidad,Reportes,3-Baja,Teléfono,usuario074@lafortuna.com.co,El informe muestra cifras distintas al sistema,,Reabierto,1
TK-00737,2026-06-07,2026-06-29,Comercial,Incidente,alta,Mesa de ayuda,usuario054@lafortuna.com.co,Caída total del sistema en la sede principal,El usuario reporta la novedad desde el inicio de la jornada y requiere solución para continuar con su labor.,cerrado,0
TK-00893,2025-12-05,,Operaciones,Software,Alta,correo,usuario155@lafortuna.com.co,Necesito que instalen el visor de planos,El solicitante indica que la novedad se presenta de forma intermitente desde hace tres días.,en proceso,0
TK-01523,2025-03-28,,Operaciones,Software,Media,Mesa de ayuda,usuario085@lafortuna.com.co,La versión instalada no coincide con la del área,Requerimiento remitido por la jefatura del área para gestión.,Reabierto,3
TK-00536,2026-05-28,,Comercial,Red,alta,Mesa de ayuda,usuario101@lafortuna.com.co,Muy lenta la conexión en la bodega,Se adjunta captura de pantalla del mensaje de error recibido.,Abierto,0
TK-01259,2025-05-30,2025-07-03,Infraestructura,Hardware,3-Baja,Telefono,usuario162@lafortuna.com.co,Solicito reposición de diadema dañada,El solicitante indica que la novedad se presenta de forma intermitente desde hace tres días.,CERRADO,0
TK-01205,2025-11-21,,Operaciones,Accesos,1-Alta,Formulario web,usuario034@lafortuna.com.co,Me retiraron el acceso y aún trabajo en el proceso,Se solicita atención prioritaria porque afecta la operación del área y el cierre del periodo.,abierto,0
TK-01616,2026-06-22,,Contabilidad,Incidente,1-Alta,Mesa de ayuda,usuario031@lafortuna.com.co,Pérdida de información en el módulo de inventario,Se adjunta captura de pantalla del mensaje de error recibido.,en proceso,0
TK-01852,2025-05-06,2025-06-11,Contabilidad,Accesos,3-Baja,Teléfono,usuario061@lafortuna.com.co,Necesito acceso a la carpeta compartida de mi área,Requerimiento remitido por la jefatura del área para gestión.,CERRADO,0
TK-00138,2025-11-22,,Operaciones,Vacaciones,Media,Formulario web,usuario097@lafortuna.com.co,Puedo dividir mis vacaciones en dos periodos,El caso fue reportado por teléfono y se registra para trazabilidad.,Escalado,0
TK-00327,2025-03-01,2025-04-05,Calidad,Sin clasificar,alta,formulario,usuario170@lafortuna.com.co,Error al guardar el formulario de ingreso,El caso fue reportado por teléfono y se registra para trazabilidad.,cerrado,0
TK-01002,2025-11-25,2025-12-02,Comercial,Red,2-Media,formulario,usuario021@lafortuna.com.co,Sin internet en el segundo piso,Se adjunta captura de pantalla del mensaje de error recibido.,cerrado,1
TK-01108,2025-11-02,2025-11-28,Infraestructura,Nómina,Media,Teléfono,usuario082@lafortuna.com.co,Diferencia en el pago de horas extras,El usuario reporta la novedad desde el inicio de la jornada y requiere solución para continuar con su labor.,CERRADO,1
TK-01445,2026-04-26,2026-05-13,Contabilidad,Red,baja,Teléfono,usuario143@lafortuna.com.co,La VPN se desconecta cada media hora,Se solicita atención prioritaria porque afecta la operación del área y el cierre del periodo.,Cerrado,0
TK-00393,2025-02-15,,Talento Humano,Sin clasificar,2-Media,Formulario web,usuario027@lafortuna.com.co,Consulta general,Requerimiento remitido por la jefatura del área para gestión.,Abierto,0
TK-00259,2025-10-16,,Calidad,Viáticos,Baja,Mesa de ayuda,usuario003@lafortuna.com.co,Cómo legalizo los viáticos del viaje a la costa,,Reabierto,2
TK-01237,2026-03-23,2026-04-04,Aplicaciones,Incidente,Crítica,Formulario web,usuario121@lafortuna.com.co,Se cayó el servicio de facturación,,cerrado,0
TK-01007,2025-05-15,2025-06-11,Infraestructura,Accesos,MEDIA,correo,usuario090@lafortuna.com.co,No puedo entrar al sistema Centrica,El caso fue reportado por teléfono y se registra para trazabilidad.,cerrado,0
TK-00911,2026-03-22,,Talento Humano,Accesos,alta,formulario,usuario145@lafortuna.com.co,Se bloqueó mi usuario tras varios intentos,Se solicita atención prioritaria porque afecta la operación del área y el cierre del periodo.,REABIERTO,1
TK-00488,2025-10-13,,Comercial,Incidente,Critica,formulario,usuario148@lafortuna.com.co,Pérdida de información en el módulo de inventario,Requerimiento remitido por la jefatura del área para gestión.,REABIERTO,2
TK-00296,2025-01-20,,Operaciones,Accesos,MEDIA,Mesa de ayuda,usuario082@lafortuna.com.co,Necesito acceso a la carpeta compartida de mi área,Se adjunta captura de pantalla del mensaje de error recibido.,Reabierto,2
TK-01580,2025-09-23,,Contabilidad,Accesos,Crítica,correo,usuario054@lafortuna.com.co,Me retiraron el acceso y aún trabajo en el proceso,El usuario reporta la novedad desde el inicio de la jornada y requiere solución para continuar con su labor.,abierto,0
TK-01744,2025-09-23,,Aplicaciones,Reportes,1-Alta,Teléfono,usuario128@lafortuna.com.co,Necesito el reporte de ventas del trimestre,El usuario reporta la novedad desde el inicio de la jornada y requiere solución para continuar con su labor.,abierto,0
TK-00274,2025-07-16,,Infraestructura,Sin clasificar,MEDIA,Teléfono,usuario055@lafortuna.com.co,Aparece un mensaje de sesión expirada cada cinco minutos,El caso fue reportado por teléfono y se registra para trazabilidad.,Abierto,0
TK-01344,2025-03-04,2025-03-09,Infraestructura,Sin clasificar,3-Baja,Teléfono,usuario029@lafortuna.com.co,Solicito permiso al módulo de cartera,El caso fue reportado por teléfono y se registra para trazabilidad.,Cerrado,0
TK-00381,2026-04-06,2026-04-19,Aplicaciones,Vacaciones,MEDIA,Teléfono,usuario152@lafortuna.com.co,Puedo dividir mis vacaciones en dos periodos,El usuario reporta la novedad desde el inicio de la jornada y requiere solución para continuar con su labor.,cerrado,0
TK-00570,2025-02-11,,Infraestructura,Viáticos,CRITICA,Correo,usuario098@lafortuna.com.co,Necesito anticipo para comisión,El usuario reporta la novedad desde el inicio de la jornada y requiere solución para continuar con su labor.,Abierto,0
TK-00817,2025-12-25,2026-01-22,Talento Humano,Viáticos,MEDIA,Correo,usuario006@lafortuna.com.co,Cuál es el monto autorizado para hospedaje,El caso fue reportado por teléfono y se registra para trazabilidad.,cerrado,0
TK-00702,2025-05-17,2025-06-25,Calidad,Nómina,3-Baja,Formulario web,usuario005@lafortuna.com.co,Solicito certificado laboral con salario,Se adjunta captura de pantalla del mensaje de error recibido.,reabierto,1
TK-00445,2025-10-01,2025-10-13,Compras,Sin clasificar,Crítica,formulario,usuario122@lafortuna.com.co,Aparece un mensaje de sesión expirada cada cinco minutos,Requerimiento remitido por la jefatura del área para gestión.,CERRADO,1
TK-00099,2026-03-06,,Comercial,Software,ALTA,Mesa de ayuda,usuario109@lafortuna.com.co,La versión instalada no coincide con la del área,El caso fue reportado por teléfono y se registra para trazabilidad.,Escalado,0
TK-01216,2026-06-17,,Operaciones,Accesos,2-Media,Formulario web,usuario171@lafortuna.com.co,Se bloqueó mi usuario tras varios intentos,Requerimiento remitido por la jefatura del área para gestión.,Abierto,0
TK-00086,2025-11-29,,Comercial,Accesos,Alta,Telefono,usuario048@lafortuna.com.co,Se bloqueó mi usuario tras varios intentos,Requerimiento remitido por la jefatura del área para gestión.,Abierto,0
TK-01555,2025-12-01,,Talento Humano,Nómina,MEDIA,Mesa de ayuda,usuario003@lafortuna.com.co,Error en el descuento de la quincena,Requerimiento remitido por la jefatura del área para gestión.,Abierto,0
TK-01868,2026-02-13,,Compras,Sin clasificar,1-Alta,correo,usuario022@lafortuna.com.co,Necesito cotización para equipos de la bodega,Se adjunta captura de pantalla del mensaje de error recibido.,En proceso,0
TK-00908,2025-04-25,2025-05-22,Contabilidad,Sin clasificar,Alta,Correo,usuario037@lafortuna.com.co,Cuándo es la próxima inducción,El caso fue reportado por teléfono y se registra para trazabilidad.,CERRADO,0
TK-01802,2026-04-14,,Comercial,Software,CRITICA,Mesa de ayuda,usuario033@lafortuna.com.co,Error al guardar el formulario de ingreso,Se adjunta captura de pantalla del mensaje de error recibido.,REABIERTO,1
TK-00012,2026-02-27,2026-03-13,Operaciones,Compras,Media,Mesa de ayuda,usuario156@lafortuna.com.co,Estado de la orden de compra 4471,El caso fue reportado por teléfono y se registra para trazabilidad.,reabierto,2
TK-00974,2025-08-28,,Talento Humano,Hardware,MEDIA,correo,usuario103@lafortuna.com.co,El teclado dejó de responder,Se adjunta captura de pantalla del mensaje de error recibido.,reabierto,2
TK-01558,2025-04-06,2025-04-19,Comercial,Software,3-Baja,Mesa de ayuda,usuario015@lafortuna.com.co,Error al guardar el formulario de ingreso,El caso fue reportado por teléfono y se registra para trazabilidad.,CERRADO,0
TK-00129,2025-03-02,,Operaciones,Sin clasificar,Media,Teléfono,usuario019@lafortuna.com.co,El reporte no incluye la sede nueva,Se adjunta captura de pantalla del mensaje de error recibido.,Escalado,0
TK-00733,2025-11-08,2025-11-23,Comercial,Sin clasificar,baja,correo,usuario033@lafortuna.com.co,Solicitud varias,,reabierto,2
TK-00704,2025-10-06,,Talento Humano,Sin clasificar,ALTA,correo,usuario114@lafortuna.com.co,El proveedor no ha entregado lo solicitado,Se solicita atención prioritaria porque afecta la operación del área y el cierre del periodo.,Abierto,0
TK-01612,2025-04-06,,Calidad,Sin clasificar,ALTA,Teléfono,usuario035@lafortuna.com.co,Necesito el reporte de ventas del trimestre,Se solicita atención prioritaria porque afecta la operación del área y el cierre del periodo.,abierto,0
TK-00056,2025-01-20,,Comercial,Accesos,alta,Teléfono,usuario064@lafortuna.com.co,Se bloqueó mi usuario tras varios intentos,El usuario reporta la novedad desde el inicio de la jornada y requiere solución para continuar con su labor.,Abierto,0
TK-00778,2026-01-19,,Comercial,Sin clasificar,ALTA,Teléfono,usuario056@lafortuna.com.co,Estado de la orden de compra 4471,Se solicita atención prioritaria porque afecta la operación del área y el cierre del periodo.,REABIERTO,1
TK-01953,2025-07-24,,Operaciones,Accesos,ALTA,correo,usuario178@lafortuna.com.co,Me retiraron el acceso y aún trabajo en el proceso,Se adjunta captura de pantalla del mensaje de error recibido.,reabierto,1
TK-01172,2025-07-28,2025-09-02,Aplicaciones,Red,Baja,Telefono,usuario080@lafortuna.com.co,Sin internet en el segundo piso,El usuario reporta la novedad desde el inicio de la jornada y requiere solución para continuar con su labor.,REABIERTO,1
TK-00997,2026-04-03,,Contabilidad,Sin clasificar,2-Media,Mesa de ayuda,usuario017@lafortuna.com.co,Me retiraron el acceso y aún trabajo en el proceso,El caso fue reportado por teléfono y se registra para trazabilidad.,Reabierto,1
TK-01650,2026-06-29,,Calidad,Red,Baja,Formulario web,usuario117@lafortuna.com.co,Sin internet en el segundo piso,El caso fue reportado por teléfono y se registra para trazabilidad.,Abierto,0
TK-01235,2025-09-25,2025-10-24,Contabilidad,Sin clasificar,Media,correo,usuario059@lafortuna.com.co,El teclado dejó de responder,Requerimiento remitido por la jefatura del área para gestión.,Cerrado,0
TK-01800,2026-01-31,,Infraestructura,Software,alta,Teléfono,usuario043@lafortuna.com.co,Aparece un mensaje de sesión expirada cada cinco minutos,Se adjunta captura de pantalla del mensaje de error recibido.,reabierto,1
TK-01535,2025-01-12,,Contabilidad,Software,baja,Correo,usuario016@lafortuna.com.co,Aparece un mensaje de sesión expirada cada cinco minutos,Requerimiento remitido por la jefatura del área para gestión.,reabierto,2
TK-00187,2025-01-20,2025-02-04,Aplicaciones,Accesos,1-Alta,correo,usuario107@lafortuna.com.co,Me retiraron el acceso y aún trabajo en el proceso,El caso fue reportado por teléfono y se registra para trazabilidad.,cerrado,0
TK-00655,2025-07-27,,Operaciones,Red,Crítica,Telefono,usuario124@lafortuna.com.co,Muy lenta la conexión en la bodega,El solicitante indica que la novedad se presenta de forma intermitente desde hace tres días.,Abierto,0
TK-01086,2025-04-24,,Calidad,Sin clasificar,media,Mesa de ayuda,usuario171@lafortuna.com.co,La aplicación se cierra al generar el informe,El caso fue reportado por teléfono y se registra para trazabilidad.,en proceso,0
TK-00674,2025-01-10,,Compras,Hardware,Critica,Formulario web,usuario123@lafortuna.com.co,El portátil no enciende desde ayer,Se solicita atención prioritaria porque afecta la operación del área y el cierre del periodo.,Escalado,0
TK-01594,2025-02-23,2025-03-02,Infraestructura,Hardware,Alta,Teléfono,usuario034@lafortuna.com.co,La impresora de la sede norte imprime rayada,El caso fue reportado por teléfono y se registra para trazabilidad.,Cerrado,0
TK-01377,2025-03-25,2025-04-04,Calidad,Incidente,media,Formulario web,usuario003@lafortuna.com.co,Se cayó el servicio de facturación,,REABIERTO,1
TK-00688,2026-06-20,2026-07-14,Calidad,Accesos,alta,Formulario web,usuario139@lafortuna.com.co,Solicito permiso al módulo de cartera,El usuario reporta la novedad desde el inicio de la jornada y requiere solución para continuar con su labor.,en proceso,0
TK-01231,2026-02-26,,Infraestructura,Vacaciones,baja,Teléfono,usuario023@lafortuna.com.co,Con cuánta anticipación debo solicitar vacaciones,Requerimiento remitido por la jefatura del área para gestión.,REABIERTO,2
TK-01442,2026-05-30,,Talento Humano,Software,CRITICA,correo,usuario178@lafortuna.com.co,Necesito que instalen el visor de planos,El caso fue reportado por teléfono y se registra para trazabilidad.,Escalado,0
TK-00333,2025-03-23,2025-04-29,Compras,Sin clasificar,2-Media,Formulario web,usuario005@lafortuna.com.co,No puedo entrar al sistema Centrica,,en proceso,0
TK-01006,2025-04-29,,Operaciones,Sin clasificar,Baja,correo,usuario093@lafortuna.com.co,Requerimiento del área,El caso fue reportado por teléfono y se registra para trazabilidad.,Escalado,0
TK-01602,2025-04-13,2025-05-03,Operaciones,Sin clasificar,2-Media,Mesa de ayuda,usuario110@lafortuna.com.co,Se bloqueó mi usuario tras varios intentos,El caso fue reportado por teléfono y se registra para trazabilidad.,cerrado,0
TK-00033,2026-01-30,,Aplicaciones,Incidente,media,Correo,usuario043@lafortuna.com.co,Pérdida de información en el módulo de inventario,Se adjunta captura de pantalla del mensaje de error recibido.,abierto,0
TK-00265,2026-03-27,,Comercial,Vacaciones,CRITICA,Teléfono,usuario166@lafortuna.com.co,Cuántos días tengo acumulados,,Escalado,0
TK-01582,2026-06-15,2026-06-19,Comercial,Accesos,CRITICA,Telefono,usuario055@lafortuna.com.co,No puedo entrar al sistema Centrica,El solicitante indica que la novedad se presenta de forma intermitente desde hace tres días.,CERRADO,0
TK-01705,2025-07-21,,Calidad,Accesos,media,formulario,usuario113@lafortuna.com.co,No puedo entrar al sistema Centrica,El solicitante indica que la novedad se presenta de forma intermitente desde hace tres días.,reabierto,3
TK-01106,2025-02-19,,Aplicaciones,Vacaciones,1-Alta,Correo,usuario169@lafortuna.com.co,Cuántos días tengo acumulados,Requerimiento remitido por la jefatura del área para gestión.,abierto,0
TK-01103,2025-01-17,,Aplicaciones,Sin clasificar,Media,correo,usuario083@lafortuna.com.co,Necesito un monitor adicional para el puesto,Se solicita atención prioritaria porque afecta la operación del área y el cierre del periodo.,En proceso,0
TK-01207,2025-09-09,,Infraestructura,Vacaciones,Media,formulario,usuario152@lafortuna.com.co,Puedo dividir mis vacaciones en dos periodos,Se adjunta captura de pantalla del mensaje de error recibido.,REABIERTO,2
TK-01692,2025-10-02,,Operaciones,Sin clasificar,ALTA,formulario,usuario075@lafortuna.com.co,Consulta general,El caso fue reportado por teléfono y se registra para trazabilidad.,Reabierto,1
TK-01756,2025-01-19,,Aplicaciones,Vacaciones,Media,Correo,usuario108@lafortuna.com.co,Me negaron las vacaciones solicitadas,El solicitante indica que la novedad se presenta de forma intermitente desde hace tres días.,REABIERTO,3
TK-00342,2026-03-09,2026-03-31,Aplicaciones,Nómina,CRITICA,Mesa de ayuda,usuario018@lafortuna.com.co,No me llegó el desprendible de pago,Requerimiento remitido por la jefatura del área para gestión.,Cerrado,0
TK-00690,2026-04-18,,Operaciones,Hardware,Media,Teléfono,usuario082@lafortuna.com.co,La impresora de la sede norte imprime rayada,Se solicita atención prioritaria porque afecta la operación del área y el cierre del periodo.,REABIERTO,1
TK-00671,2025-08-30,2025-09-15,Contabilidad,Viáticos,baja,Mesa de ayuda,usuario106@lafortuna.com.co,No me han reembolsado los gastos del mes pasado,El usuario reporta la novedad desde el inicio de la jornada y requiere solución para continuar con su labor.,Cerrado,0
TK-00114,2025-06-24,,Compras,Sin clasificar,ALTA,Telefono,usuario177@lafortuna.com.co,Necesito un monitor adicional para el puesto,El solicitante indica que la novedad se presenta de forma intermitente desde hace tres días.,Reabierto,3
TK-00460,2026-01-02,2026-01-11,Contabilidad,Sin clasificar,Crítica,Mesa de ayuda,usuario161@lafortuna.com.co,Pendiente por definir,,CERRADO,0
TK-01212,2025-06-12,,Calidad,Software,MEDIA,Correo,usuario045@lafortuna.com.co,Necesito que instalen el visor de planos,El usuario reporta la novedad desde el inicio de la jornada y requiere solución para continuar con su labor.,en proceso,0
TK-00111,2025-08-26,,Contabilidad,Vacaciones,Media,formulario,usuario093@lafortuna.com.co,Con cuánta anticipación debo solicitar vacaciones,Se adjunta captura de pantalla del mensaje de error recibido.,En proceso,0
TK-00935,2026-04-26,,Aplicaciones,Red,CRITICA,Mesa de ayuda,usuario047@lafortuna.com.co,Sin internet en el segundo piso,,En proceso,0
TK-01917,2025-06-28,2025-06-28,Aplicaciones,Incidente,CRITICA,formulario,usuario001@lafortuna.com.co,Se cayó el servicio de facturación,,cerrado,0
TK-00745,2025-07-29,,Calidad,Vacaciones,3-Baja,Telefono,usuario017@lafortuna.com.co,Con cuánta anticipación debo solicitar vacaciones,Se adjunta captura de pantalla del mensaje de error recibido.,Escalado,0
TK-00220,2025-10-20,2025-11-10,Operaciones,Sin clasificar,Critica,formulario,usuario148@lafortuna.com.co,Necesito el reporte de ventas del trimestre,El solicitante indica que la novedad se presenta de forma intermitente desde hace tres días.,CERRADO,1
TK-01656,2025-11-10,2025-12-20,Contabilidad,Accesos,Critica,formulario,usuario117@lafortuna.com.co,Solicito permiso al módulo de cartera,Se solicita atención prioritaria porque afecta la operación del área y el cierre del periodo.,CERRADO,0
TK-00409,2025-11-27,,Compras,Reportes,ALTA,Mesa de ayuda,usuario043@lafortuna.com.co,Necesito el reporte de ventas del trimestre,Se adjunta captura de pantalla del mensaje de error recibido.,En proceso,0
TK-00426,2025-06-11,2025-07-02,Compras,Incidente,ALTA,correo,usuario124@lafortuna.com.co,Los usuarios reportan lentitud generalizada,,Cerrado,1
TK-01123,2025-12-08,,Contabilidad,Incidente,alta,formulario,usuario081@lafortuna.com.co,Caída total del sistema en la sede principal,Se solicita atención prioritaria porque afecta la operación del área y el cierre del periodo.,En proceso,0
TK-00315,2025-05-23,,Infraestructura,Sin clasificar,baja,Correo,usuario017@lafortuna.com.co,La versión instalada no coincide con la del área,,Reabierto,1
TK-01952,2026-04-02,,Comercial,Reportes,CRITICA,Telefono,usuario077@lafortuna.com.co,Solicito exportar el listado a Excel,El caso fue reportado por teléfono y se registra para trazabilidad.,Reabierto,1
TK-01217,2025-02-11,,Talento Humano,Sin clasificar,media,Formulario web,usuario049@lafortuna.com.co,Requerimiento del área,El solicitante indica que la novedad se presenta de forma intermitente desde hace tres días.,abierto,0
TK-01731,2025-02-20,,Calidad,Sin clasificar,alta,Correo,usuario131@lafortuna.com.co,La aplicación se cierra al generar el informe,El solicitante indica que la novedad se presenta de forma intermitente desde hace tres días.,En proceso,0
TK-01184,2025-11-22,,Operaciones,Hardware,Crítica,Teléfono,usuario026@lafortuna.com.co,El portátil no enciende desde ayer,El solicitante indica que la novedad se presenta de forma intermitente desde hace tres días.,Reabierto,2
TK-00067,2025-03-05,2025-03-16,Calidad,Sin clasificar,Alta,Teléfono,usuario093@lafortuna.com.co,Pendiente por definir,El usuario reporta la novedad desde el inicio de la jornada y requiere solución para continuar con su labor.,Cerrado,0
TK-01839,2025-01-17,,Infraestructura,Reportes,Critica,formulario,usuario128@lafortuna.com.co,Necesito el reporte de ventas del trimestre,Se solicita atención prioritaria porque afecta la operación del área y el cierre del periodo.,Abierto,0
TK-00467,2025-02-14,2025-03-17,Infraestructura,Sin clasificar,media,Correo,usuario019@lafortuna.com.co,Aparece un mensaje de sesión expirada cada cinco minutos,Requerimiento remitido por la jefatura del área para gestión.,Escalado,0
TK-01419,2025-04-13,,Contabilidad,Sin clasificar,Baja,correo,usuario103@lafortuna.com.co,Requerimiento del área,El solicitante indica que la novedad se presenta de forma intermitente desde hace tres días.,En proceso,0
TK-01397,2025-06-20,2025-07-15,Operaciones,Sin clasificar,alta,Telefono,usuario032@lafortuna.com.co,Necesito que instalen el visor de planos,Requerimiento remitido por la jefatura del área para gestión.,cerrado,0
TK-01245,2025-09-10,,Contabilidad,Sin clasificar,1-Alta,Telefono,usuario038@lafortuna.com.co,Aparece un mensaje de sesión expirada cada cinco minutos,,Escalado,0
TK-01696,2025-07-11,2025-07-20,Contabilidad,Sin clasificar,Crítica,Correo,usuario057@lafortuna.com.co,Necesito un monitor adicional para el puesto,El caso fue reportado por teléfono y se registra para trazabilidad.,reabierto,1
TK-00866,2025-05-08,,Talento Humano,Sin clasificar,Baja,formulario,usuario057@lafortuna.com.co,La aplicación se cierra al generar el informe,,reabierto,3
TK-01534,2026-04-26,,Operaciones,Accesos,Critica,correo,usuario138@lafortuna.com.co,Solicito permiso al módulo de cartera,El caso fue reportado por teléfono y se registra para trazabilidad.,REABIERTO,3
TK-01302,2025-03-03,2025-03-26,Operaciones,Hardware,MEDIA,Formulario web,usuario014@lafortuna.com.co,Solicito reposición de diadema dañada,Requerimiento remitido por la jefatura del área para gestión.,REABIERTO,1
TK-00118,2026-05-17,2026-05-29,Talento Humano,Hardware,Media,Teléfono,usuario143@lafortuna.com.co,El portátil no enciende desde ayer,El caso fue reportado por teléfono y se registra para trazabilidad.,Cerrado,0
TK-01311,2026-01-28,,Aplicaciones,Software,Media,correo,usuario036@lafortuna.com.co,Error al guardar el formulario de ingreso,,Abierto,0
TK-01194,2025-04-02,,Talento Humano,Nómina,ALTA,Formulario web,usuario011@lafortuna.com.co,Diferencia en el pago de horas extras,El caso fue reportado por teléfono y se registra para trazabilidad.,En proceso,0
TK-01277,2025-04-10,,Calidad,Incidente,CRITICA,formulario,usuario125@lafortuna.com.co,Pérdida de información en el módulo de inventario,Se adjunta captura de pantalla del mensaje de error recibido.,En proceso,0
TK-00553,2025-10-18,,Talento Humano,Red,alta,Telefono,usuario037@lafortuna.com.co,Muy lenta la conexión en la bodega,Requerimiento remitido por la jefatura del área para gestión.,En proceso,0
TK-00699,2025-01-25,,Operaciones,Sin clasificar,3-Baja,correo,usuario126@lafortuna.com.co,Error al guardar el formulario de ingreso,,abierto,0
TK-00629,2025-04-13,,Calidad,Accesos,MEDIA,formulario,usuario160@lafortuna.com.co,Necesito acceso a la carpeta compartida de mi área,Se solicita atención prioritaria porque afecta la operación del área y el cierre del periodo.,Escalado,0
TK-00474,2025-06-10,,Comercial,Sin clasificar,MEDIA,Correo,usuario083@lafortuna.com.co,Solicitud varias,El usuario reporta la novedad desde el inicio de la jornada y requiere solución para continuar con su labor.,abierto,0
TK-00341,2025-12-06,2025-12-17,Aplicaciones,Sin clasificar,baja,correo,usuario001@lafortuna.com.co,Consulta general,Se adjunta captura de pantalla del mensaje de error recibido.,cerrado,0
TK-00917,2026-06-03,2026-06-14,Aplicaciones,Viáticos,Baja,Mesa de ayuda,usuario054@lafortuna.com.co,No me han reembolsado los gastos del mes pasado,El usuario reporta la novedad desde el inicio de la jornada y requiere solución para continuar con su labor.,Cerrado,0
TK-00151,2025-12-21,,Calidad,Hardware,MEDIA,Formulario web,usuario146@lafortuna.com.co,Solicito reposición de diadema dañada,Se adjunta captura de pantalla del mensaje de error recibido.,Reabierto,1
TK-01101,2026-01-09,2026-02-13,Operaciones,Vacaciones,ALTA,formulario,usuario030@lafortuna.com.co,Me negaron las vacaciones solicitadas,Se solicita atención prioritaria porque afecta la operación del área y el cierre del periodo.,reabierto,3
TK-01518,2025-05-02,,Talento Humano,Sin clasificar,MEDIA,correo,usuario062@lafortuna.com.co,Me retiraron el acceso y aún trabajo en el proceso,Requerimiento remitido por la jefatura del área para gestión.,En proceso,0
TK-01657,2025-12-17,,Contabilidad,Red,baja,Mesa de ayuda,usuario061@lafortuna.com.co,No carga el sistema desde la sede sur,El caso fue reportado por teléfono y se registra para trazabilidad.,Escalado,0
TK-01583,2025-02-12,,Operaciones,Software,2-Media,correo,usuario023@lafortuna.com.co,Aparece un mensaje de sesión expirada cada cinco minutos,Requerimiento remitido por la jefatura del área para gestión.,Reabierto,1
TK-00985,2025-01-11,,Aplicaciones,Accesos,MEDIA,formulario,usuario049@lafortuna.com.co,No puedo entrar al sistema Centrica,El solicitante indica que la novedad se presenta de forma intermitente desde hace tres días.,Abierto,0
TK-01574,2026-02-01,2026-02-07,Comercial,Nómina,1-Alta,Formulario web,usuario068@lafortuna.com.co,Error en el descuento de la quincena,Se solicita atención prioritaria porque afecta la operación del área y el cierre del periodo.,cerrado,0
TK-01255,2025-01-01,2025-01-02,Operaciones,Sin clasificar,3-Baja,Telefono,usuario019@lafortuna.com.co,Consulta general,El solicitante indica que la novedad se presenta de forma intermitente desde hace tres días.,Cerrado,0
TK-00140,2025-03-23,2025-05-03,Compras,Vacaciones,media,Teléfono,usuario174@lafortuna.com.co,Con cuánta anticipación debo solicitar vacaciones,Requerimiento remitido por la jefatura del área para gestión.,CERRADO,0
TK-00685,2025-04-24,,Infraestructura,Accesos,2-Media,Teléfono,usuario131@lafortuna.com.co,Se bloqueó mi usuario tras varios intentos,Se adjunta captura de pantalla del mensaje de error recibido.,En proceso,0
TK-01661,2026-03-19,,Talento Humano,Sin clasificar,ALTA,Correo,usuario177@lafortuna.com.co,Aparece un mensaje de sesión expirada cada cinco minutos,El caso fue reportado por teléfono y se registra para trazabilidad.,Abierto,0
TK-01073,2025-06-30,,Aplicaciones,Sin clasificar,Crítica,Telefono,usuario170@lafortuna.com.co,No puedo entrar al sistema Centrica,,REABIERTO,3
TK-00130,2025-11-06,,Calidad,Reportes,3-Baja,Telefono,usuario087@lafortuna.com.co,Necesito el reporte de ventas del trimestre,El caso fue reportado por teléfono y se registra para trazabilidad.,Reabierto,1
TK-01633,2025-09-03,2025-09-26,Contabilidad,Viáticos,Critica,formulario,usuario140@lafortuna.com.co,No me han reembolsado los gastos del mes pasado,,reabierto,2
TK-01364,2025-04-20,,Compras,Sin clasificar,CRITICA,correo,usuario020@lafortuna.com.co,Se cayó el servicio de facturación,El solicitante indica que la novedad se presenta de forma intermitente desde hace tres días.,abierto,0
TK-01176,2026-01-21,,Aplicaciones,Nómina,CRITICA,Formulario web,usuario140@lafortuna.com.co,Solicito certificado laboral con salario,Se adjunta captura de pantalla del mensaje de error recibido.,En proceso,0
TK-01222,2025-06-05,2025-06-27,Compras,Nómina,CRITICA,Correo,usuario146@lafortuna.com.co,Error en el descuento de la quincena,El usuario reporta la novedad desde el inicio de la jornada y requiere solución para continuar con su labor.,cerrado,0
TK-00515,2025-10-26,,Contabilidad,Red,1-Alta,Teléfono,usuario112@lafortuna.com.co,No carga el sistema desde la sede sur,Se adjunta captura de pantalla del mensaje de error recibido.,En proceso,0
TK-00857,2025-02-15,2025-02-27,Contabilidad,Compras,baja,Correo,usuario139@lafortuna.com.co,Estado de la orden de compra 4471,Se solicita atención prioritaria porque afecta la operación del área y el cierre del periodo.,Cerrado,0
TK-00547,2025-09-25,,Infraestructura,Nómina,MEDIA,formulario,usuario046@lafortuna.com.co,Diferencia en el pago de horas extras,Se solicita atención prioritaria porque afecta la operación del área y el cierre del periodo.,reabierto,2
TK-01564,2025-09-12,2025-10-13,Operaciones,Sin clasificar,baja,Correo,usuario051@lafortuna.com.co,Solicito reposición de diadema dañada,El caso fue reportado por teléfono y se registra para trazabilidad.,Escalado,0
TK-01876,2025-12-10,,Contabilidad,Accesos,3-Baja,Teléfono,usuario110@lafortuna.com.co,Me retiraron el acceso y aún trabajo en el proceso,,abierto,0
TK-00322,2025-02-03,2025-02-07,Calidad,Incidente,Media,Telefono,usuario130@lafortuna.com.co,Los usuarios reportan lentitud generalizada,Se solicita atención prioritaria porque afecta la operación del área y el cierre del periodo.,Cerrado,0
TK-01433,2026-03-02,,Compras,Accesos,CRITICA,Correo,usuario029@lafortuna.com.co,Se bloqueó mi usuario tras varios intentos,El caso fue reportado por teléfono y se registra para trazabilidad.,abierto,0
TK-00450,2026-06-19,,Contabilidad,Vacaciones,alta,Formulario web,usuario071@lafortuna.com.co,Con cuánta anticipación debo solicitar vacaciones,Se adjunta captura de pantalla del mensaje de error recibido.,Escalado,0
TK-01639,2026-06-23,2026-07-05,Operaciones,Software,alta,correo,usuario027@lafortuna.com.co,La versión instalada no coincide con la del área,El caso fue reportado por teléfono y se registra para trazabilidad.,cerrado,0
TK-00975,2025-09-09,2025-09-27,Infraestructura,Sin clasificar,Crítica,Mesa de ayuda,usuario083@lafortuna.com.co,La impresora de la sede norte imprime rayada,Se adjunta captura de pantalla del mensaje de error recibido.,Cerrado,1
TK-00076,2025-03-15,,Talento Humano,Red,Crítica,Telefono,usuario136@lafortuna.com.co,La VPN se desconecta cada media hora,El caso fue reportado por teléfono y se registra para trazabilidad.,Escalado,0
TK-01513,2026-06-27,2026-07-27,Calidad,Nómina,CRITICA,Formulario web,usuario113@lafortuna.com.co,Error en el descuento de la quincena,El usuario reporta la novedad desde el inicio de la jornada y requiere solución para continuar con su labor.,Cerrado,0
TK-01541,2026-04-28,,Contabilidad,Viáticos,alta,Teléfono,usuario047@lafortuna.com.co,Necesito anticipo para comisión,,Abierto,0
TK-01830,2026-02-13,,Comercial,Viáticos,MEDIA,Formulario web,usuario023@lafortuna.com.co,Cómo legalizo los viáticos del viaje a la costa,Se solicita atención prioritaria porque afecta la operación del área y el cierre del periodo.,Abierto,0
TK-01097,2025-05-27,,Talento Humano,Incidente,Critica,correo,usuario069@lafortuna.com.co,Pérdida de información en el módulo de inventario,El caso fue reportado por teléfono y se registra para trazabilidad.,Abierto,0
TK-01763,2025-12-15,,Compras,Hardware,2-Media,Telefono,usuario110@lafortuna.com.co,Solicito reposición de diadema dañada,,REABIERTO,2
TK-01182,2025-07-03,2025-07-06,Comercial,Sin clasificar,Critica,formulario,usuario179@lafortuna.com.co,El portátil no enciende desde ayer,El solicitante indica que la novedad se presenta de forma intermitente desde hace tres días.,cerrado,0
TK-00107,2025-08-31,,Contabilidad,Sin clasificar,3-Baja,formulario,usuario125@lafortuna.com.co,El informe muestra cifras distintas al sistema,El usuario reporta la novedad desde el inicio de la jornada y requiere solución para continuar con su labor.,En proceso,0
TK-00953,2025-05-18,,Contabilidad,Sin clasificar,Baja,correo,usuario092@lafortuna.com.co,Pendiente por definir,Requerimiento remitido por la jefatura del área para gestión.,reabierto,3
TK-00879,2026-03-03,2026-03-26,Aplicaciones,Sin clasificar,Critica,correo,usuario055@lafortuna.com.co,Requerimiento del área,Requerimiento remitido por la jefatura del área para gestión.,CERRADO,0
TK-01299,2025-09-09,2025-10-20,Infraestructura,Software,3-Baja,Formulario web,usuario110@lafortuna.com.co,Aparece un mensaje de sesión expirada cada cinco minutos,Se solicita atención prioritaria porque afecta la operación del área y el cierre del periodo.,cerrado,0
TK-01262,2026-05-10,,Compras,Sin clasificar,CRITICA,formulario,usuario140@lafortuna.com.co,Pérdida de información en el módulo de inventario,,REABIERTO,2
TK-00976,2025-01-30,2025-02-14,Talento Humano,Viáticos,Critica,Formulario web,usuario084@lafortuna.com.co,No me han reembolsado los gastos del mes pasado,El usuario reporta la novedad desde el inicio de la jornada y requiere solución para continuar con su labor.,en proceso,0
TK-01298,2026-05-18,2026-05-31,Aplicaciones,Sin clasificar,1-Alta,Correo,usuario146@lafortuna.com.co,La versión instalada no coincide con la del área,El solicitante indica que la novedad se presenta de forma intermitente desde hace tres días.,Cerrado,0
TK-00813,2026-02-20,2026-04-02,Contabilidad,Sin clasificar,alta,Mesa de ayuda,usuario007@lafortuna.com.co,Solicitud varias,Se solicita atención prioritaria porque afecta la operación del área y el cierre del periodo.,REABIERTO,0
TK-00837,2026-05-14,,Comercial,Reportes,Media,Mesa de ayuda,usuario033@lafortuna.com.co,Necesito el reporte de ventas del trimestre,Requerimiento remitido por la jefatura del área para gestión.,REABIERTO,3
TK-00568,2025-04-13,2025-04-28,Comercial,Viáticos,1-Alta,Mesa de ayuda,usuario007@lafortuna.com.co,Necesito anticipo para comisión,Requerimiento remitido por la jefatura del área para gestión.,CERRADO,0
TK-01894,2025-03-13,2025-03-13,Infraestructura,Sin clasificar,MEDIA,formulario,usuario075@lafortuna.com.co,Solicito exportar el listado a Excel,El usuario reporta la novedad desde el inicio de la jornada y requiere solución para continuar con su labor.,Cerrado,0
TK-01308,2026-06-15,2026-06-17,Infraestructura,Red,Crítica,Teléfono,usuario120@lafortuna.com.co,La VPN se desconecta cada media hora,Se adjunta captura de pantalla del mensaje de error recibido.,CERRADO,0
TK-00312,2026-02-27,,Infraestructura,Sin clasificar,1-Alta,Mesa de ayuda,usuario174@lafortuna.com.co,Cuándo es la próxima inducción,Requerimiento remitido por la jefatura del área para gestión.,Escalado,0
TK-00719,2025-01-10,,Aplicaciones,Sin clasificar,ALTA,Teléfono,usuario087@lafortuna.com.co,La versión instalada no coincide con la del área,Requerimiento remitido por la jefatura del área para gestión.,REABIERTO,3
TK-00915,2025-06-04,,Compras,Sin clasificar,3-Baja,correo,usuario045@lafortuna.com.co,Solicitud varias,El solicitante indica que la novedad se presenta de forma intermitente desde hace tres días.,Abierto,0
TK-01681,2026-06-15,2026-07-01,Contabilidad,Hardware,1-Alta,Teléfono,usuario009@lafortuna.com.co,El portátil no enciende desde ayer,,cerrado,0
TK-00420,2026-04-03,,Infraestructura,Incidente,Alta,Teléfono,usuario164@lafortuna.com.co,Caída total del sistema en la sede principal,Requerimiento remitido por la jefatura del área para gestión.,REABIERTO,3
TK-00668,2025-10-23,2025-11-30,Compras,Red,Media,Mesa de ayuda,usuario137@lafortuna.com.co,No carga el sistema desde la sede sur,El usuario reporta la novedad desde el inicio de la jornada y requiere solución para continuar con su labor.,en proceso,0
TK-01943,2025-02-09,2025-02-19,Infraestructura,Sin clasificar,baja,Telefono,usuario174@lafortuna.com.co,La versión instalada no coincide con la del área,Se adjunta captura de pantalla del mensaje de error recibido.,CERRADO,0
TK-01462,2026-04-26,,Contabilidad,Sin clasificar,Critica,Teléfono,usuario167@lafortuna.com.co,Solicito capacitación en el módulo nuevo,El solicitante indica que la novedad se presenta de forma intermitente desde hace tres días.,Escalado,0
TK-00961,2025-09-01,,Compras,Red,2-Media,Formulario web,usuario031@lafortuna.com.co,Muy lenta la conexión en la bodega,El usuario reporta la novedad desde el inicio de la jornada y requiere solución para continuar con su labor.,en proceso,0
TK-00959,2025-03-08,2025-03-23,Calidad,Red,ALTA,Telefono,usuario155@lafortuna.com.co,La VPN se desconecta cada media hora,El caso fue reportado por teléfono y se registra para trazabilidad.,Cerrado,0
TK-00032,2025-04-05,2025-04-11,Calidad,Software,baja,formulario,usuario139@lafortuna.com.co,Necesito que instalen el visor de planos,,CERRADO,0
TK-01718,2025-08-29,,Operaciones,Accesos,MEDIA,Telefono,usuario157@lafortuna.com.co,Se bloqueó mi usuario tras varios intentos,El caso fue reportado por teléfono y se registra para trazabilidad.,reabierto,1
TK-00871,2025-03-08,,Comercial,Sin clasificar,alta,Formulario web,usuario020@lafortuna.com.co,Solicito exportar el listado a Excel,El usuario reporta la novedad desde el inicio de la jornada y requiere solución para continuar con su labor.,Escalado,0
TK-01431,2025-07-31,,Calidad,Sin clasificar,Critica,Mesa de ayuda,usuario094@lafortuna.com.co,Requerimiento del área,El solicitante indica que la novedad se presenta de forma intermitente desde hace tres días.,En proceso,0
TK-00555,2025-02-02,,Contabilidad,Incidente,2-Media,Mesa de ayuda,usuario086@lafortuna.com.co,Pérdida de información en el módulo de inventario,Se solicita atención prioritaria porque afecta la operación del área y el cierre del periodo.,en proceso,0
TK-01247,2025-09-05,,Operaciones,Viáticos,1-Alta,formulario,usuario054@lafortuna.com.co,Necesito anticipo para comisión,Se adjunta captura de pantalla del mensaje de error recibido.,en proceso,0
TK-01325,2025-07-28,,Contabilidad,Sin clasificar,2-Media,correo,usuario079@lafortuna.com.co,Requerimiento del área,Se solicita atención prioritaria porque afecta la operación del área y el cierre del periodo.,REABIERTO,1
TK-01170,2025-10-20,,Calidad,Hardware,2-Media,formulario,usuario033@lafortuna.com.co,El teclado dejó de responder,,En proceso,0
TK-00785,2025-04-21,2025-05-28,Operaciones,Nómina,baja,Formulario web,usuario102@lafortuna.com.co,Solicito certificado laboral con salario,El usuario reporta la novedad desde el inicio de la jornada y requiere solución para continuar con su labor.,cerrado,0
TK-00374,2025-01-11,,Contabilidad,Sin clasificar,alta,Formulario web,usuario170@lafortuna.com.co,El teclado dejó de responder,El solicitante indica que la novedad se presenta de forma intermitente desde hace tres días.,en proceso,0
TK-00852,2026-05-18,,Talento Humano,Incidente,Critica,Telefono,usuario029@lafortuna.com.co,Caída total del sistema en la sede principal,Se adjunta captura de pantalla del mensaje de error recibido.,REABIERTO,1
TK-01095,2025-04-18,2025-05-04,Compras,Accesos,media,Teléfono,usuario109@lafortuna.com.co,No puedo entrar al sistema Centrica,El caso fue reportado por teléfono y se registra para trazabilidad.,CERRADO,0
TK-00501,2025-04-08,,Comercial,Software,alta,Formulario web,usuario008@lafortuna.com.co,Necesito que instalen el visor de planos,Requerimiento remitido por la jefatura del área para gestión.,reabierto,1
TK-01556,2025-11-26,,Comercial,Sin clasificar,Critica,Telefono,usuario013@lafortuna.com.co,Pendiente por definir,El solicitante indica que la novedad se presenta de forma intermitente desde hace tres días.,REABIERTO,2
TK-01228,2026-04-13,2026-05-22,Compras,Red,3-Baja,Mesa de ayuda,usuario159@lafortuna.com.co,No carga el sistema desde la sede sur,Se solicita atención prioritaria porque afecta la operación del área y el cierre del periodo.,Cerrado,0
TK-01139,2025-06-11,2025-07-23,Aplicaciones,Vacaciones,Alta,correo,usuario169@lafortuna.com.co,Con cuánta anticipación debo solicitar vacaciones,Se solicita atención prioritaria porque afecta la operación del área y el cierre del periodo.,cerrado,0
TK-00362,2025-10-15,2025-11-08,Infraestructura,Sin clasificar,alta,Telefono,usuario130@lafortuna.com.co,Solicitud varias,Se adjunta captura de pantalla del mensaje de error recibido.,CERRADO,0
TK-00224,2025-01-22,,Aplicaciones,Nómina,media,Mesa de ayuda,usuario125@lafortuna.com.co,No me llegó el desprendible de pago,El solicitante indica que la novedad se presenta de forma intermitente desde hace tres días.,abierto,0
TK-00324,2025-07-24,2025-08-05,Operaciones,Compras,3-Baja,correo,usuario035@lafortuna.com.co,Cómo registro un proveedor nuevo,,Cerrado,0
TK-01268,2025-03-29,2025-05-09,Comercial,Compras,Crítica,Teléfono,usuario158@lafortuna.com.co,Necesito cotización para equipos de la bodega,,cerrado,0
TK-00951,2025-03-22,2025-04-30,Calidad,Sin clasificar,Crítica,Correo,usuario030@lafortuna.com.co,Requerimiento del área,El usuario reporta la novedad desde el inicio de la jornada y requiere solución para continuar con su labor.,Escalado,0
TK-00176,2025-03-26,,Talento Humano,Nómina,alta,correo,usuario008@lafortuna.com.co,Diferencia en el pago de horas extras,El solicitante indica que la novedad se presenta de forma intermitente desde hace tres días.,En proceso,0
TK-00563,2026-05-31,2026-06-19,Operaciones,Red,Baja,correo,usuario031@lafortuna.com.co,Sin internet en el segundo piso,Se adjunta captura de pantalla del mensaje de error recibido.,Cerrado,0
TK-01077,2026-02-07,2026-03-13,Talento Humano,Incidente,2-Media,Teléfono,usuario032@lafortuna.com.co,Caída total del sistema en la sede principal,Requerimiento remitido por la jefatura del área para gestión.,cerrado,0
TK-00283,2026-06-09,,Calidad,Sin clasificar,Critica,Correo,usuario115@lafortuna.com.co,La versión instalada no coincide con la del área,El solicitante indica que la novedad se presenta de forma intermitente desde hace tres días.,Reabierto,3
TK-00686,2025-09-02,2025-10-07,Compras,Hardware,baja,formulario,usuario026@lafortuna.com.co,El teclado dejó de responder,El solicitante indica que la novedad se presenta de forma intermitente desde hace tres días.,REABIERTO,2
TK-01338,2025-09-13,2025-10-18,Calidad,Sin clasificar,1-Alta,Telefono,usuario116@lafortuna.com.co,Consulta general,,Cerrado,0
TK-01242,2026-02-24,,Infraestructura,Reportes,Baja,formulario,usuario075@lafortuna.com.co,El informe muestra cifras distintas al sistema,Se solicita atención prioritaria porque afecta la operación del área y el cierre del periodo.,reabierto,3
TK-00159,2025-03-10,,Talento Humano,Sin clasificar,MEDIA,Telefono,usuario100@lafortuna.com.co,Requerimiento del área,,abierto,0
TK-00084,2025-11-29,,Infraestructura,Sin clasificar,1-Alta,correo,usuario089@lafortuna.com.co,Necesito que instalen el visor de planos,Se solicita atención prioritaria porque afecta la operación del área y el cierre del periodo.,En proceso,0
TK-01907,2025-12-10,,Calidad,Incidente,CRITICA,Correo,usuario002@lafortuna.com.co,Caída total del sistema en la sede principal,El usuario reporta la novedad desde el inicio de la jornada y requiere solución para continuar con su labor.,Abierto,0
TK-01592,2025-08-13,,Comercial,Sin clasificar,CRITICA,Correo,usuario165@lafortuna.com.co,Consulta general,Se solicita atención prioritaria porque afecta la operación del área y el cierre del periodo.,Escalado,0
TK-01566,2026-06-29,,Calidad,Red,Critica,correo,usuario176@lafortuna.com.co,La VPN se desconecta cada media hora,,en proceso,0
TK-00389,2025-10-10,,Infraestructura,Incidente,media,Correo,usuario163@lafortuna.com.co,Se cayó el servicio de facturación,Se solicita atención prioritaria porque afecta la operación del área y el cierre del periodo.,reabierto,3
TK-01567,2025-05-21,,Operaciones,Nómina,baja,Telefono,usuario133@lafortuna.com.co,Diferencia en el pago de horas extras,El usuario reporta la novedad desde el inicio de la jornada y requiere solución para continuar con su labor.,Escalado,0
TK-00008,2025-10-23,2025-12-02,Comercial,Hardware,Critica,formulario,usuario150@lafortuna.com.co,Necesito un monitor adicional para el puesto,El usuario reporta la novedad desde el inicio de la jornada y requiere solución para continuar con su labor.,REABIERTO,3
TK-00836,2026-05-23,,Operaciones,Sin clasificar,ALTA,formulario,usuario088@lafortuna.com.co,Caída total del sistema en la sede principal,,Abierto,0
TK-01689,2025-05-07,2025-06-11,Infraestructura,Sin clasificar,media,Correo,usuario016@lafortuna.com.co,El informe muestra cifras distintas al sistema,Requerimiento remitido por la jefatura del área para gestión.,en proceso,0
TK-01293,2025-08-10,,Contabilidad,Incidente,alta,formulario,usuario135@lafortuna.com.co,Se cayó el servicio de facturación,Se solicita atención prioritaria porque afecta la operación del área y el cierre del periodo.,REABIERTO,1
TK-01779,2026-03-30,2026-03-31,Aplicaciones,Sin clasificar,Critica,Correo,usuario152@lafortuna.com.co,Necesito material del curso de la semana pasada,El caso fue reportado por teléfono y se registra para trazabilidad.,CERRADO,0
TK-00861,2026-02-06,2026-03-19,Infraestructura,Sin clasificar,baja,formulario,usuario120@lafortuna.com.co,Cuándo es la próxima inducción,Se adjunta captura de pantalla del mensaje de error recibido.,Reabierto,3
TK-01466,2025-03-03,,Talento Humano,Viáticos,Crítica,formulario,usuario089@lafortuna.com.co,Necesito anticipo para comisión,Se adjunta captura de pantalla del mensaje de error recibido.,abierto,0
TK-01257,2026-04-07,,Compras,Red,MEDIA,correo,usuario009@lafortuna.com.co,Muy lenta la conexión en la bodega,Se adjunta captura de pantalla del mensaje de error recibido.,abierto,0
TK-00564,2025-03-21,2025-03-26,Operaciones,Sin clasificar,Alta,Correo,usuario091@lafortuna.com.co,Aparece un mensaje de sesión expirada cada cinco minutos,Se solicita atención prioritaria porque afecta la operación del área y el cierre del periodo.,CERRADO,0
TK-01783,2025-06-21,,Talento Humano,Sin clasificar,CRITICA,Correo,usuario139@lafortuna.com.co,Requerimiento del área,,Abierto,0
TK-01879,2025-10-05,,Operaciones,Nómina,1-Alta,Teléfono,usuario126@lafortuna.com.co,Solicito certificado laboral con salario,,Escalado,0
TK-00779,2025-06-19,,Contabilidad,Sin clasificar,Critica,Formulario web,usuario165@lafortuna.com.co,Consulta general,,REABIERTO,2
TK-00454,2026-02-06,,Contabilidad,Sin clasificar,Alta,correo,usuario157@lafortuna.com.co,El informe muestra cifras distintas al sistema,El caso fue reportado por teléfono y se registra para trazabilidad.,REABIERTO,3
TK-00448,2025-06-12,,Operaciones,Hardware,Alta,correo,usuario060@lafortuna.com.co,El teclado dejó de responder,El caso fue reportado por teléfono y se registra para trazabilidad.,Abierto,0
TK-00624,2025-02-20,2025-03-17,Calidad,Vacaciones,1-Alta,Formulario web,usuario068@lafortuna.com.co,Con cuánta anticipación debo solicitar vacaciones,Se adjunta captura de pantalla del mensaje de error recibido.,reabierto,3
TK-01392,2025-09-30,2025-10-11,Contabilidad,Accesos,2-Media,Telefono,usuario062@lafortuna.com.co,Solicito permiso al módulo de cartera,Requerimiento remitido por la jefatura del área para gestión.,CERRADO,1
TK-00214,2025-10-10,,Calidad,Nómina,2-Media,Teléfono,usuario109@lafortuna.com.co,Error en el descuento de la quincena,Se solicita atención prioritaria porque afecta la operación del área y el cierre del periodo.,En proceso,0
TK-01020,2025-07-23,,Infraestructura,Sin clasificar,Crítica,Formulario web,usuario038@lafortuna.com.co,Se cayó el servicio de facturación,Se adjunta captura de pantalla del mensaje de error recibido.,Escalado,0
TK-00864,2025-09-06,2025-10-20,Infraestructura,Sin clasificar,Crítica,Correo,usuario023@lafortuna.com.co,El reporte no incluye la sede nueva,Se adjunta captura de pantalla del mensaje de error recibido.,cerrado,0
TK-01738,2026-05-22,,Operaciones,Software,Media,correo,usuario116@lafortuna.com.co,La versión instalada no coincide con la del área,Se solicita atención prioritaria porque afecta la operación del área y el cierre del periodo.,Escalado,0
TK-01521,2026-03-11,2026-04-22,Compras,Nómina,baja,Telefono,usuario043@lafortuna.com.co,No me llegó el desprendible de pago,,Escalado,0
TK-01871,2026-03-13,,Comercial,Nómina,alta,formulario,usuario110@lafortuna.com.co,Solicito certificado laboral con salario,Requerimiento remitido por la jefatura del área para gestión.,reabierto,3
TK-00103,2026-02-28,,Talento Humano,Sin clasificar,alta,Correo,usuario020@lafortuna.com.co,Necesito que instalen el visor de planos,Se solicita atención prioritaria porque afecta la operación del área y el cierre del periodo.,abierto,0
TK-00432,2025-02-24,2025-03-10,Infraestructura,Sin clasificar,2-Media,Teléfono,usuario015@lafortuna.com.co,El reporte no incluye la sede nueva,Requerimiento remitido por la jefatura del área para gestión.,Reabierto,3
TK-01643,2026-04-16,,Calidad,Sin clasificar,1-Alta,Telefono,usuario029@lafortuna.com.co,Necesito el reporte de ventas del trimestre,El solicitante indica que la novedad se presenta de forma intermitente desde hace tres días.,Reabierto,1
TK-00458,2025-02-19,,Infraestructura,Sin clasificar,Media,Telefono,usuario097@lafortuna.com.co,El portátil no enciende desde ayer,Se solicita atención prioritaria porque afecta la operación del área y el cierre del periodo.,En proceso,0
TK-00693,2025-09-28,,Operaciones,Reportes,media,Mesa de ayuda,usuario056@lafortuna.com.co,El informe muestra cifras distintas al sistema,El solicitante indica que la novedad se presenta de forma intermitente desde hace tres días.,reabierto,2
TK-01152,2025-03-18,,Aplicaciones,Sin clasificar,MEDIA,Mesa de ayuda,usuario088@lafortuna.com.co,El proveedor no ha entregado lo solicitado,Requerimiento remitido por la jefatura del área para gestión.,REABIERTO,2
TK-01641,2025-09-11,2025-10-21,Comercial,Incidente,alta,Telefono,usuario175@lafortuna.com.co,Pérdida de información en el módulo de inventario,El caso fue reportado por teléfono y se registra para trazabilidad.,REABIERTO,2
TK-01075,2025-08-03,2025-08-20,Comercial,Accesos,Crítica,Telefono,usuario034@lafortuna.com.co,No puedo entrar al sistema Centrica,El solicitante indica que la novedad se presenta de forma intermitente desde hace tres días.,Cerrado,0
TK-01107,2026-04-14,2026-04-26,Contabilidad,Accesos,baja,correo,usuario134@lafortuna.com.co,No puedo entrar al sistema Centrica,El solicitante indica que la novedad se presenta de forma intermitente desde hace tres días.,CERRADO,0
TK-00149,2025-12-13,,Aplicaciones,Sin clasificar,1-Alta,Formulario web,usuario049@lafortuna.com.co,El teclado dejó de responder,Requerimiento remitido por la jefatura del área para gestión.,Escalado,0
TK-00945,2025-08-08,,Infraestructura,Sin clasificar,3-Baja,Teléfono,usuario029@lafortuna.com.co,La versión instalada no coincide con la del área,Se adjunta captura de pantalla del mensaje de error recibido.,En proceso,0
TK-01501,2025-03-03,,Calidad,Accesos,baja,Teléfono,usuario059@lafortuna.com.co,Necesito acceso a la carpeta compartida de mi área,El usuario reporta la novedad desde el inicio de la jornada y requiere solución para continuar con su labor.,Abierto,0
TK-01527,2025-09-21,2025-10-05,Compras,Sin clasificar,Baja,Formulario web,usuario180@lafortuna.com.co,Solicito permiso al módulo de cartera,Requerimiento remitido por la jefatura del área para gestión.,CERRADO,0
TK-00301,2025-11-02,,Comercial,Incidente,Baja,Mesa de ayuda,usuario099@lafortuna.com.co,Caída total del sistema en la sede principal,,Abierto,0
TK-01807,2025-12-06,,Calidad,Sin clasificar,Crítica,Formulario web,usuario012@lafortuna.com.co,Solicito capacitación en el módulo nuevo,El solicitante indica que la novedad se presenta de forma intermitente desde hace tres días.,Abierto,0
TK-01060,2025-12-09,2025-12-31,Talento Humano,Sin clasificar,alta,correo,usuario172@lafortuna.com.co,Me retiraron el acceso y aún trabajo en el proceso,El usuario reporta la novedad desde el inicio de la jornada y requiere solución para continuar con su labor.,Cerrado,0
TK-01892,2025-03-05,2025-03-10,Talento Humano,Red,3-Baja,Formulario web,usuario120@lafortuna.com.co,Muy lenta la conexión en la bodega,El usuario reporta la novedad desde el inicio de la jornada y requiere solución para continuar con su labor.,CERRADO,0
TK-00098,2025-08-25,,Aplicaciones,Hardware,ALTA,Formulario web,usuario138@lafortuna.com.co,El portátil no enciende desde ayer,Se solicita atención prioritaria porque afecta la operación del área y el cierre del periodo.,reabierto,3
TK-01371,2025-12-06,,Contabilidad,Red,1-Alta,correo,usuario002@lafortuna.com.co,No carga el sistema desde la sede sur,El caso fue reportado por teléfono y se registra para trazabilidad.,abierto,0
TK-00736,2026-02-24,2026-03-24,Compras,Hardware,alta,correo,usuario084@lafortuna.com.co,Necesito un monitor adicional para el puesto,El usuario reporta la novedad desde el inicio de la jornada y requiere solución para continuar con su labor.,Cerrado,0
TK-01951,2026-01-06,,Compras,Accesos,ALTA,correo,usuario018@lafortuna.com.co,Me retiraron el acceso y aún trabajo en el proceso,Requerimiento remitido por la jefatura del área para gestión.,REABIERTO,1
TK-00981,2025-12-11,,Comercial,Hardware,2-Media,Formulario web,usuario098@lafortuna.com.co,Necesito un monitor adicional para el puesto,Requerimiento remitido por la jefatura del área para gestión.,Escalado,0
TK-00193,2026-04-14,,Operaciones,Red,alta,formulario,usuario062@lafortuna.com.co,Sin internet en el segundo piso,El solicitante indica que la novedad se presenta de forma intermitente desde hace tres días.,En proceso,0
TK-00972,2025-12-15,2026-01-01,Infraestructura,Accesos,Critica,formulario,usuario123@lafortuna.com.co,Se bloqueó mi usuario tras varios intentos,,Cerrado,0
TK-01429,2025-09-11,,Calidad,Sin clasificar,1-Alta,correo,usuario051@lafortuna.com.co,Necesito que instalen el visor de planos,Se adjunta captura de pantalla del mensaje de error recibido.,en proceso,0
TK-00697,2026-01-25,,Talento Humano,Red,Baja,Telefono,usuario082@lafortuna.com.co,No carga el sistema desde la sede sur,El caso fue reportado por teléfono y se registra para trazabilidad.,Abierto,0
TK-01258,2026-04-26,,Talento Humano,Sin clasificar,MEDIA,correo,usuario127@lafortuna.com.co,Cuándo es la próxima inducción,Requerimiento remitido por la jefatura del área para gestión.,En proceso,0
TK-01703,2025-10-11,,Compras,Viáticos,3-Baja,Mesa de ayuda,usuario135@lafortuna.com.co,No me han reembolsado los gastos del mes pasado,Se adjunta captura de pantalla del mensaje de error recibido.,En proceso,0
TK-01054,2025-02-07,2025-02-19,Talento Humano,Sin clasificar,Critica,Mesa de ayuda,usuario088@lafortuna.com.co,La impresora de la sede norte imprime rayada,El caso fue reportado por teléfono y se registra para trazabilidad.,Cerrado,0
TK-00221,2026-04-13,2026-05-04,Infraestructura,Nómina,baja,Telefono,usuario095@lafortuna.com.co,Diferencia en el pago de horas extras,Requerimiento remitido por la jefatura del área para gestión.,CERRADO,1
TK-00658,2025-12-16,,Operaciones,Sin clasificar,Critica,Formulario web,usuario117@lafortuna.com.co,Necesito material del curso de la semana pasada,Requerimiento remitido por la jefatura del área para gestión.,Escalado,0
TK-00799,2026-05-21,,Infraestructura,Accesos,CRITICA,Mesa de ayuda,usuario113@lafortuna.com.co,Se bloqueó mi usuario tras varios intentos,,abierto,0
TK-01354,2025-07-14,2025-07-27,Calidad,Nómina,Alta,formulario,usuario131@lafortuna.com.co,Error en el descuento de la quincena,El caso fue reportado por teléfono y se registra para trazabilidad.,Cerrado,0
TK-01604,2025-06-24,2025-08-02,Infraestructura,Nómina,ALTA,formulario,usuario162@lafortuna.com.co,No me llegó el desprendible de pago,El usuario reporta la novedad desde el inicio de la jornada y requiere solución para continuar con su labor.,Cerrado,0
TK-00634,2026-05-22,,Talento Humano,Sin clasificar,Crítica,Teléfono,usuario172@lafortuna.com.co,Se bloqueó mi usuario tras varios intentos,Requerimiento remitido por la jefatura del área para gestión.,Escalado,0
TK-01285,2025-01-22,,Calidad,Sin clasificar,Media,Formulario web,usuario095@lafortuna.com.co,El proveedor no ha entregado lo solicitado,Se solicita atención prioritaria porque afecta la operación del área y el cierre del periodo.,abierto,0
TK-00562,2026-05-21,2026-06-08,Calidad,Accesos,Media,correo,usuario165@lafortuna.com.co,Me retiraron el acceso y aún trabajo en el proceso,El solicitante indica que la novedad se presenta de forma intermitente desde hace tres días.,Cerrado,0
TK-00842,2026-01-06,2026-02-01,Infraestructura,Accesos,Critica,Telefono,usuario170@lafortuna.com.co,Necesito acceso a la carpeta compartida de mi área,Se adjunta captura de pantalla del mensaje de error recibido.,CERRADO,0
TK-00827,2026-01-04,2026-02-02,Talento Humano,Software,Baja,Telefono,usuario007@lafortuna.com.co,La aplicación se cierra al generar el informe,El caso fue reportado por teléfono y se registra para trazabilidad.,CERRADO,0
TK-00251,2025-08-18,2025-09-11,Calidad,Red,Crítica,Teléfono,usuario162@lafortuna.com.co,Sin internet en el segundo piso,El caso fue reportado por teléfono y se registra para trazabilidad.,CERRADO,0
TK-00147,2025-05-21,,Infraestructura,Viáticos,Baja,Mesa de ayuda,usuario029@lafortuna.com.co,Cuál es el monto autorizado para hospedaje,El usuario reporta la novedad desde el inicio de la jornada y requiere solución para continuar con su labor.,Escalado,0
TK-01709,2025-01-18,,Calidad,Viáticos,1-Alta,Telefono,usuario008@lafortuna.com.co,Necesito anticipo para comisión,El usuario reporta la novedad desde el inicio de la jornada y requiere solución para continuar con su labor.,Reabierto,2
TK-00062,2025-12-21,,Comercial,Software,media,formulario,usuario180@lafortuna.com.co,La aplicación se cierra al generar el informe,Requerimiento remitido por la jefatura del área para gestión.,reabierto,3
TK-00930,2025-06-02,,Comercial,Sin clasificar,3-Baja,Correo,usuario105@lafortuna.com.co,La versión instalada no coincide con la del área,El caso fue reportado por teléfono y se registra para trazabilidad.,Abierto,0
TK-01765,2026-05-25,2026-05-31,Calidad,Sin clasificar,baja,Mesa de ayuda,usuario114@lafortuna.com.co,El portátil no enciende desde ayer,El usuario reporta la novedad desde el inicio de la jornada y requiere solución para continuar con su labor.,Cerrado,0
TK-00223,2025-08-27,,Aplicaciones,Software,3-Baja,Correo,usuario003@lafortuna.com.co,La versión instalada no coincide con la del área,Se solicita atención prioritaria porque afecta la operación del área y el cierre del periodo.,abierto,0
TK-00731,2026-05-09,2026-05-10,Aplicaciones,Sin clasificar,CRITICA,Telefono,usuario003@lafortuna.com.co,Me retiraron el acceso y aún trabajo en el proceso,Requerimiento remitido por la jefatura del área para gestión.,cerrado,0
TK-00248,2025-04-16,,Talento Humano,Accesos,Baja,correo,usuario071@lafortuna.com.co,Necesito acceso a la carpeta compartida de mi área,El solicitante indica que la novedad se presenta de forma intermitente desde hace tres días.,En proceso,0
TK-01491,2026-06-06,,Operaciones,Red,media,Correo,usuario177@lafortuna.com.co,No carga el sistema desde la sede sur,Se adjunta captura de pantalla del mensaje de error recibido.,Abierto,0
TK-01510,2026-05-22,,Infraestructura,Vacaciones,3-Baja,Formulario web,usuario091@lafortuna.com.co,Cuántos días tengo acumulados,Se solicita atención prioritaria porque afecta la operación del área y el cierre del periodo.,En proceso,0
TK-00593,2025-08-13,,Compras,Accesos,Baja,Mesa de ayuda,usuario178@lafortuna.com.co,Necesito acceso a la carpeta compartida de mi área,El caso fue reportado por teléfono y se registra para trazabilidad.,abierto,0
TK-00227,2025-05-15,2025-06-24,Talento Humano,Vacaciones,MEDIA,formulario,usuario173@lafortuna.com.co,Cuántos días tengo acumulados,,CERRADO,0
TK-00462,2025-01-30,,Comercial,Viáticos,MEDIA,Telefono,usuario047@lafortuna.com.co,Necesito anticipo para comisión,Se adjunta captura de pantalla del mensaje de error recibido.,en proceso,0
TK-00625,2026-01-26,2026-03-09,Comercial,Viáticos,alta,correo,usuario101@lafortuna.com.co,Cómo legalizo los viáticos del viaje a la costa,,CERRADO,0
TK-00755,2026-02-13,,Operaciones,Viáticos,CRITICA,Telefono,usuario097@lafortuna.com.co,Cómo legalizo los viáticos del viaje a la costa,Se solicita atención prioritaria porque afecta la operación del área y el cierre del periodo.,abierto,0
TK-01112,2025-01-23,,Calidad,Sin clasificar,alta,Teléfono,usuario119@lafortuna.com.co,Necesito cotización para equipos de la bodega,El usuario reporta la novedad desde el inicio de la jornada y requiere solución para continuar con su labor.,REABIERTO,2
TK-01432,2025-02-07,,Calidad,Incidente,ALTA,Telefono,usuario105@lafortuna.com.co,Se cayó el servicio de facturación,,REABIERTO,1
TK-00905,2025-09-28,,Calidad,Hardware,media,Correo,usuario035@lafortuna.com.co,El portátil no enciende desde ayer,El caso fue reportado por teléfono y se registra para trazabilidad.,en proceso,0
TK-00413,2026-01-27,2026-02-05,Aplicaciones,Hardware,Alta,Correo,usuario104@lafortuna.com.co,La impresora de la sede norte imprime rayada,El caso fue reportado por teléfono y se registra para trazabilidad.,CERRADO,0
TK-00984,2026-03-10,,Operaciones,Compras,Crítica,Mesa de ayuda,usuario178@lafortuna.com.co,Necesito cotización para equipos de la bodega,Requerimiento remitido por la jefatura del área para gestión.,Escalado,0
TK-01670,2025-11-04,2025-11-10,Comercial,Viáticos,Media,formulario,usuario044@lafortuna.com.co,Necesito anticipo para comisión,El caso fue reportado por teléfono y se registra para trazabilidad.,Cerrado,0
TK-00616,2026-06-08,2026-06-11,Comercial,Incidente,2-Media,formulario,usuario154@lafortuna.com.co,Se cayó el servicio de facturación,,CERRADO,0
TK-01497,2025-03-25,2025-04-11,Infraestructura,Sin clasificar,Alta,Correo,usuario173@lafortuna.com.co,El informe muestra cifras distintas al sistema,,cerrado,0
TK-00664,2025-11-17,2025-12-04,Infraestructura,Accesos,media,Teléfono,usuario131@lafortuna.com.co,Me retiraron el acceso y aún trabajo en el proceso,El solicitante indica que la novedad se presenta de forma intermitente desde hace tres días.,cerrado,1
TK-01710,2026-06-13,,Calidad,Nómina,Crítica,Formulario web,usuario146@lafortuna.com.co,Error en el descuento de la quincena,Se adjunta captura de pantalla del mensaje de error recibido.,Escalado,0
TK-00250,2026-05-06,,Comercial,Red,ALTA,Mesa de ayuda,usuario048@lafortuna.com.co,No carga el sistema desde la sede sur,El usuario reporta la novedad desde el inicio de la jornada y requiere solución para continuar con su labor.,Abierto,0
TK-01027,2025-11-20,,Calidad,Compras,alta,Correo,usuario060@lafortuna.com.co,Necesito cotización para equipos de la bodega,El solicitante indica que la novedad se presenta de forma intermitente desde hace tres días.,En proceso,0
TK-00988,2025-01-16,,Aplicaciones,Sin clasificar,ALTA,Teléfono,usuario090@lafortuna.com.co,Pendiente por definir,Requerimiento remitido por la jefatura del área para gestión.,REABIERTO,3
TK-01827,2025-01-06,,Infraestructura,Sin clasificar,CRITICA,Formulario web,usuario141@lafortuna.com.co,Caída total del sistema en la sede principal,Se solicita atención prioritaria porque afecta la operación del área y el cierre del periodo.,Reabierto,1
TK-00900,2026-06-09,2026-07-19,Comercial,Sin clasificar,Alta,Formulario web,usuario128@lafortuna.com.co,Aparece un mensaje de sesión expirada cada cinco minutos,El solicitante indica que la novedad se presenta de forma intermitente desde hace tres días.,CERRADO,0
TK-00428,2025-06-05,,Compras,Red,Critica,formulario,usuario143@lafortuna.com.co,Muy lenta la conexión en la bodega,Se solicita atención prioritaria porque afecta la operación del área y el cierre del periodo.,Escalado,0
TK-00278,2025-08-31,,Infraestructura,Accesos,MEDIA,Teléfono,usuario075@lafortuna.com.co,Solicito permiso al módulo de cartera,Se adjunta captura de pantalla del mensaje de error recibido.,en proceso,0
TK-01536,2026-06-10,,Talento Humano,Incidente,baja,Mesa de ayuda,usuario046@lafortuna.com.co,Los usuarios reportan lentitud generalizada,Se solicita atención prioritaria porque afecta la operación del área y el cierre del periodo.,abierto,0
TK-01209,2025-07-01,,Operaciones,Sin clasificar,Media,Teléfono,usuario166@lafortuna.com.co,Pérdida de información en el módulo de inventario,El usuario reporta la novedad desde el inicio de la jornada y requiere solución para continuar con su labor.,Abierto,0
TK-00093,2025-05-30,2025-06-22,Talento Humano,Sin clasificar,CRITICA,Mesa de ayuda,usuario124@lafortuna.com.co,Pérdida de información en el módulo de inventario,,CERRADO,0
TK-00513,2025-11-05,2025-11-12,Compras,Viáticos,3-Baja,Correo,usuario133@lafortuna.com.co,Cómo legalizo los viáticos del viaje a la costa,El solicitante indica que la novedad se presenta de forma intermitente desde hace tres días.,CERRADO,0
TK-00577,2025-07-15,2025-08-23,Talento Humano,Nómina,3-Baja,correo,usuario115@lafortuna.com.co,Diferencia en el pago de horas extras,El usuario reporta la novedad desde el inicio de la jornada y requiere solución para continuar con su labor.,CERRADO,0
TK-01411,2026-01-19,2026-02-08,Operaciones,Sin clasificar,Alta,correo,usuario161@lafortuna.com.co,Requerimiento del área,Se adjunta captura de pantalla del mensaje de error recibido.,Cerrado,0
TK-01900,2026-02-16,2026-03-03,Contabilidad,Vacaciones,MEDIA,formulario,usuario072@lafortuna.com.co,Puedo dividir mis vacaciones en dos periodos,El usuario reporta la novedad desde el inicio de la jornada y requiere solución para continuar con su labor.,cerrado,0
TK-00268,2025-06-30,,Talento Humano,Accesos,1-Alta,Correo,usuario115@lafortuna.com.co,Necesito acceso a la carpeta compartida de mi área,El usuario reporta la novedad desde el inicio de la jornada y requiere solución para continuar con su labor.,Escalado,0
TK-00143,2026-05-22,,Contabilidad,Hardware,ALTA,Mesa de ayuda,usuario037@lafortuna.com.co,Necesito un monitor adicional para el puesto,El caso fue reportado por teléfono y se registra para trazabilidad.,En proceso,0
TK-00640,2026-05-13,,Operaciones,Accesos,Critica,Correo,usuario042@lafortuna.com.co,Me retiraron el acceso y aún trabajo en el proceso,Requerimiento remitido por la jefatura del área para gestión.,en proceso,0
TK-00638,2026-04-14,,Infraestructura,Sin clasificar,Baja,formulario,usuario158@lafortuna.com.co,La impresora de la sede norte imprime rayada,El caso fue reportado por teléfono y se registra para trazabilidad.,en proceso,0
TK-01423,2025-01-31,,Infraestructura,Viáticos,alta,Mesa de ayuda,usuario137@lafortuna.com.co,Necesito anticipo para comisión,Se adjunta captura de pantalla del mensaje de error recibido.,Abierto,0
TK-01038,2026-03-29,,Calidad,Incidente,Alta,Formulario web,usuario126@lafortuna.com.co,Pérdida de información en el módulo de inventario,El solicitante indica que la novedad se presenta de forma intermitente desde hace tres días.,en proceso,0
TK-00199,2025-08-05,,Comercial,Software,1-Alta,Telefono,usuario131@lafortuna.com.co,La aplicación se cierra al generar el informe,El caso fue reportado por teléfono y se registra para trazabilidad.,En proceso,0
TK-00738,2025-11-16,,Operaciones,Sin clasificar,Critica,Mesa de ayuda,usuario042@lafortuna.com.co,Necesito cotización para equipos de la bodega,Se adjunta captura de pantalla del mensaje de error recibido.,abierto,0
TK-00484,2025-05-15,2025-05-16,Aplicaciones,Compras,media,Telefono,usuario133@lafortuna.com.co,Estado de la orden de compra 4471,El usuario reporta la novedad desde el inicio de la jornada y requiere solución para continuar con su labor.,En proceso,0
TK-00019,2025-09-24,,Calidad,Red,MEDIA,Teléfono,usuario092@lafortuna.com.co,No carga el sistema desde la sede sur,Se adjunta captura de pantalla del mensaje de error recibido.,REABIERTO,1
TK-00078,2025-06-29,2025-06-30,Compras,Reportes,Alta,Correo,usuario048@lafortuna.com.co,El reporte no incluye la sede nueva,Requerimiento remitido por la jefatura del área para gestión.,cerrado,0
TK-01162,2025-06-09,,Talento Humano,Reportes,Baja,Teléfono,usuario133@lafortuna.com.co,Solicito exportar el listado a Excel,Se adjunta captura de pantalla del mensaje de error recibido.,Escalado,0
TK-01379,2025-04-16,2025-04-30,Operaciones,Red,ALTA,Teléfono,usuario129@lafortuna.com.co,No carga el sistema desde la sede sur,El usuario reporta la novedad desde el inicio de la jornada y requiere solución para continuar con su labor.,CERRADO,0
TK-00155,2025-11-20,,Calidad,Sin clasificar,Critica,Formulario web,usuario175@lafortuna.com.co,Requerimiento del área,El caso fue reportado por teléfono y se registra para trazabilidad.,Reabierto,1
TK-00770,2025-02-14,,Aplicaciones,Reportes,media,correo,usuario068@lafortuna.com.co,El reporte no incluye la sede nueva,El solicitante indica que la novedad se presenta de forma intermitente desde hace tres días.,Abierto,0
TK-00819,2025-11-24,2025-12-24,Aplicaciones,Sin clasificar,3-Baja,Correo,usuario079@lafortuna.com.co,La versión instalada no coincide con la del área,El solicitante indica que la novedad se presenta de forma intermitente desde hace tres días.,en proceso,0
TK-00043,2026-02-16,,Compras,Hardware,1-Alta,formulario,usuario114@lafortuna.com.co,Necesito un monitor adicional para el puesto,Se adjunta captura de pantalla del mensaje de error recibido.,En proceso,0
TK-01572,2025-08-03,,Comercial,Sin clasificar,2-Media,Formulario web,usuario118@lafortuna.com.co,Necesito el reporte de ventas del trimestre,El solicitante indica que la novedad se presenta de forma intermitente desde hace tres días.,abierto,0
TK-00009,2025-10-27,,Compras,Incidente,Critica,Correo,usuario086@lafortuna.com.co,Pérdida de información en el módulo de inventario,El usuario reporta la novedad desde el inicio de la jornada y requiere solución para continuar con su labor.,Escalado,0
TK-00839,2025-11-05,2025-11-28,Talento Humano,Sin clasificar,3-Baja,Teléfono,usuario054@lafortuna.com.co,Cuándo es la próxima inducción,El caso fue reportado por teléfono y se registra para trazabilidad.,CERRADO,0
TK-01186,2025-02-14,,Operaciones,Viáticos,3-Baja,formulario,usuario174@lafortuna.com.co,No me han reembolsado los gastos del mes pasado,Se solicita atención prioritaria porque afecta la operación del área y el cierre del periodo.,Escalado,0
TK-01183,2025-09-25,2025-10-28,Infraestructura,Accesos,MEDIA,Correo,usuario158@lafortuna.com.co,Solicito permiso al módulo de cartera,Se solicita atención prioritaria porque afecta la operación del área y el cierre del periodo.,Reabierto,1
TK-00523,2025-05-22,2025-06-16,Talento Humano,Software,1-Alta,Formulario web,usuario152@lafortuna.com.co,La aplicación se cierra al generar el informe,El caso fue reportado por teléfono y se registra para trazabilidad.,cerrado,0
TK-00990,2025-07-04,2025-08-15,Operaciones,Sin clasificar,media,Formulario web,usuario092@lafortuna.com.co,Se bloqueó mi usuario tras varios intentos,El caso fue reportado por teléfono y se registra para trazabilidad.,Cerrado,0
TK-01626,2025-11-12,,Aplicaciones,Nómina,MEDIA,Mesa de ayuda,usuario075@lafortuna.com.co,Error en el descuento de la quincena,El caso fue reportado por teléfono y se registra para trazabilidad.,abierto,0
TK-00013,2026-03-31,,Compras,Incidente,baja,formulario,usuario119@lafortuna.com.co,Los usuarios reportan lentitud generalizada,El caso fue reportado por teléfono y se registra para trazabilidad.,reabierto,1
TK-01456,2026-03-03,2026-03-05,Talento Humano,Viáticos,1-Alta,formulario,usuario085@lafortuna.com.co,Necesito anticipo para comisión,El solicitante indica que la novedad se presenta de forma intermitente desde hace tres días.,Cerrado,1
TK-00406,2026-05-28,2026-06-15,Comercial,Viáticos,alta,Telefono,usuario131@lafortuna.com.co,Cuál es el monto autorizado para hospedaje,El usuario reporta la novedad desde el inicio de la jornada y requiere solución para continuar con su labor.,CERRADO,0
TK-00695,2026-02-04,,Operaciones,Sin clasificar,Alta,Formulario web,usuario051@lafortuna.com.co,Me retiraron el acceso y aún trabajo en el proceso,,reabierto,3
TK-01171,2025-07-29,,Comercial,Hardware,Crítica,Telefono,usuario018@lafortuna.com.co,El teclado dejó de responder,Requerimiento remitido por la jefatura del área para gestión.,En proceso,0
TK-00418,2026-06-03,,Compras,Sin clasificar,1-Alta,Telefono,usuario156@lafortuna.com.co,Aparece un mensaje de sesión expirada cada cinco minutos,Se adjunta captura de pantalla del mensaje de error recibido.,Reabierto,2
TK-01887,2026-06-06,,Aplicaciones,Accesos,media,Teléfono,usuario042@lafortuna.com.co,Se bloqueó mi usuario tras varios intentos,El solicitante indica que la novedad se presenta de forma intermitente desde hace tres días.,abierto,0
TK-00119,2025-09-25,,Contabilidad,Vacaciones,Media,Correo,usuario033@lafortuna.com.co,Me negaron las vacaciones solicitadas,El solicitante indica que la novedad se presenta de forma intermitente desde hace tres días.,REABIERTO,0
TK-01109,2026-03-30,,Talento Humano,Accesos,alta,Correo,usuario176@lafortuna.com.co,Solicito permiso al módulo de cartera,,reabierto,2
TK-00516,2025-10-18,2025-11-19,Compras,Sin clasificar,1-Alta,Correo,usuario144@lafortuna.com.co,Consulta general,Requerimiento remitido por la jefatura del área para gestión.,REABIERTO,1
TK-01579,2026-01-07,,Comercial,Software,3-Baja,correo,usuario149@lafortuna.com.co,Error al guardar el formulario de ingreso,El solicitante indica que la novedad se presenta de forma intermitente desde hace tres días.,en proceso,0
TK-00198,2025-05-10,,Infraestructura,Reportes,2-Media,formulario,usuario129@lafortuna.com.co,El informe muestra cifras distintas al sistema,El usuario reporta la novedad desde el inicio de la jornada y requiere solución para continuar con su labor.,Escalado,0
TK-01890,2026-05-23,,Infraestructura,Nómina,ALTA,correo,usuario040@lafortuna.com.co,Error en el descuento de la quincena,,reabierto,2
TK-01502,2026-02-12,2026-03-16,Calidad,Viáticos,CRITICA,Mesa de ayuda,usuario114@lafortuna.com.co,No me han reembolsado los gastos del mes pasado,El usuario reporta la novedad desde el inicio de la jornada y requiere solución para continuar con su labor.,En proceso,0
TK-00509,2025-04-28,,Aplicaciones,Viáticos,CRITICA,correo,usuario087@lafortuna.com.co,Necesito anticipo para comisión,El usuario reporta la novedad desde el inicio de la jornada y requiere solución para continuar con su labor.,REABIERTO,3
TK-00782,2025-06-10,,Comercial,Hardware,Crítica,Telefono,usuario164@lafortuna.com.co,El portátil no enciende desde ayer,El usuario reporta la novedad desde el inicio de la jornada y requiere solución para continuar con su labor.,abierto,0
TK-00575,2025-05-30,2025-06-26,Contabilidad,Software,Media,correo,usuario175@lafortuna.com.co,Necesito que instalen el visor de planos,Se adjunta captura de pantalla del mensaje de error recibido.,Reabierto,2
TK-01177,2025-02-10,,Compras,Nómina,baja,Mesa de ayuda,usuario174@lafortuna.com.co,No me llegó el desprendible de pago,El caso fue reportado por teléfono y se registra para trazabilidad.,Abierto,0
TK-00912,2026-02-24,2026-04-09,Compras,Hardware,Critica,Correo,usuario167@lafortuna.com.co,El teclado dejó de responder,,Cerrado,0
TK-00696,2025-02-18,,Aplicaciones,Incidente,Baja,Correo,usuario111@lafortuna.com.co,Se cayó el servicio de facturación,Requerimiento remitido por la jefatura del área para gestión.,Escalado,0
TK-00246,2026-01-11,,Contabilidad,Sin clasificar,Media,Teléfono,usuario110@lafortuna.com.co,Consulta general,Se solicita atención prioritaria porque afecta la operación del área y el cierre del periodo.,Reabierto,0
TK-01714,2025-12-16,,Calidad,Accesos,3-Baja,Formulario web,usuario129@lafortuna.com.co,Me retiraron el acceso y aún trabajo en el proceso,El solicitante indica que la novedad se presenta de forma intermitente desde hace tres días.,reabierto,2
TK-01382,2025-03-01,,Calidad,Nómina,MEDIA,formulario,usuario162@lafortuna.com.co,No me llegó el desprendible de pago,Requerimiento remitido por la jefatura del área para gestión.,Abierto,0
TK-01290,2026-06-05,,Talento Humano,Sin clasificar,2-Media,Teléfono,usuario059@lafortuna.com.co,Necesito el reporte de ventas del trimestre,,reabierto,1
TK-00542,2025-04-10,,Comercial,Vacaciones,Baja,Correo,usuario128@lafortuna.com.co,Cuántos días tengo acumulados,El solicitante indica que la novedad se presenta de forma intermitente desde hace tres días.,En proceso,0
TK-01399,2025-04-04,,Infraestructura,Sin clasificar,3-Baja,correo,usuario056@lafortuna.com.co,Se bloqueó mi usuario tras varios intentos,El solicitante indica que la novedad se presenta de forma intermitente desde hace tres días.,abierto,0
TK-00368,2025-06-29,,Talento Humano,Software,MEDIA,Mesa de ayuda,usuario010@lafortuna.com.co,Aparece un mensaje de sesión expirada cada cinco minutos,Se solicita atención prioritaria porque afecta la operación del área y el cierre del periodo.,reabierto,3
TK-00526,2025-05-16,2025-06-18,Talento Humano,Sin clasificar,3-Baja,Formulario web,usuario142@lafortuna.com.co,Aparece un mensaje de sesión expirada cada cinco minutos,El caso fue reportado por teléfono y se registra para trazabilidad.,CERRADO,0
TK-00537,2025-10-05,2025-10-08,Compras,Nómina,media,Mesa de ayuda,usuario043@lafortuna.com.co,Diferencia en el pago de horas extras,El solicitante indica que la novedad se presenta de forma intermitente desde hace tres días.,CERRADO,0
TK-00349,2025-11-24,2025-12-16,Calidad,Viáticos,MEDIA,Telefono,usuario008@lafortuna.com.co,Cuál es el monto autorizado para hospedaje,Requerimiento remitido por la jefatura del área para gestión.,cerrado,0
TK-01955,2025-02-22,2025-03-03,Infraestructura,Sin clasificar,CRITICA,Mesa de ayuda,usuario136@lafortuna.com.co,Necesito que instalen el visor de planos,Requerimiento remitido por la jefatura del área para gestión.,Cerrado,0
TK-00026,2025-04-16,2025-05-26,Contabilidad,Accesos,3-Baja,formulario,usuario010@lafortuna.com.co,No puedo entrar al sistema Centrica,El solicitante indica que la novedad se presenta de forma intermitente desde hace tres días.,CERRADO,0
TK-01418,2025-08-08,,Compras,Accesos,3-Baja,formulario,usuario107@lafortuna.com.co,Necesito acceso a la carpeta compartida de mi área,Requerimiento remitido por la jefatura del área para gestión.,Abierto,0
TK-00425,2025-04-20,2025-05-08,Calidad,Nómina,Media,Formulario web,usuario177@lafortuna.com.co,Diferencia en el pago de horas extras,Se solicita atención prioritaria porque afecta la operación del área y el cierre del periodo.,CERRADO,0
TK-00613,2025-10-22,2025-11-19,Aplicaciones,Viáticos,baja,correo,usuario053@lafortuna.com.co,Necesito anticipo para comisión,,en proceso,0
TK-01509,2025-07-05,2025-08-04,Comercial,Vacaciones,media,Correo,usuario068@lafortuna.com.co,Me negaron las vacaciones solicitadas,,En proceso,0
TK-01909,2026-03-24,,Calidad,Red,2-Media,Formulario web,usuario140@lafortuna.com.co,Muy lenta la conexión en la bodega,Se solicita atención prioritaria porque afecta la operación del área y el cierre del periodo.,abierto,0
TK-01461,2025-07-31,2025-08-17,Compras,Sin clasificar,Media,Correo,usuario025@lafortuna.com.co,Necesito material del curso de la semana pasada,Requerimiento remitido por la jefatura del área para gestión.,Cerrado,0
TK-01841,2025-04-19,,Aplicaciones,Viáticos,Alta,correo,usuario131@lafortuna.com.co,Cuál es el monto autorizado para hospedaje,,Abierto,0
TK-00891,2025-05-25,,Comercial,Hardware,Crítica,formulario,usuario160@lafortuna.com.co,La impresora de la sede norte imprime rayada,Se adjunta captura de pantalla del mensaje de error recibido.,reabierto,2
TK-00502,2025-02-14,,Talento Humano,Sin clasificar,Media,Formulario web,usuario018@lafortuna.com.co,Aparece un mensaje de sesión expirada cada cinco minutos,El solicitante indica que la novedad se presenta de forma intermitente desde hace tres días.,en proceso,0
TK-01037,2025-04-12,2025-04-26,Infraestructura,Compras,media,Mesa de ayuda,usuario038@lafortuna.com.co,Estado de la orden de compra 4471,El caso fue reportado por teléfono y se registra para trazabilidad.,CERRADO,0
TK-00689,2025-02-16,2025-02-25,Talento Humano,Red,MEDIA,formulario,usuario012@lafortuna.com.co,No carga el sistema desde la sede sur,Se solicita atención prioritaria porque afecta la operación del área y el cierre del periodo.,en proceso,0
TK-00382,2026-05-13,,Aplicaciones,Reportes,1-Alta,Telefono,usuario008@lafortuna.com.co,El reporte no incluye la sede nueva,El caso fue reportado por teléfono y se registra para trazabilidad.,Abierto,0
TK-01693,2026-02-13,,Calidad,Nómina,media,Telefono,usuario036@lafortuna.com.co,Solicito certificado laboral con salario,El solicitante indica que la novedad se presenta de forma intermitente desde hace tres días.,abierto,0
TK-01306,2025-01-10,2025-01-10,Comercial,Viáticos,ALTA,correo,usuario083@lafortuna.com.co,Necesito anticipo para comisión,Se solicita atención prioritaria porque afecta la operación del área y el cierre del periodo.,Cerrado,1
TK-01884,2025-06-28,2025-06-28,Aplicaciones,Software,baja,Formulario web,usuario091@lafortuna.com.co,La versión instalada no coincide con la del área,Se solicita atención prioritaria porque afecta la operación del área y el cierre del periodo.,CERRADO,0
TK-00838,2025-09-25,,Calidad,Accesos,Crítica,formulario,usuario042@lafortuna.com.co,Solicito permiso al módulo de cartera,Se solicita atención prioritaria porque afecta la operación del área y el cierre del periodo.,reabierto,2
TK-01289,2026-03-18,2026-04-20,Calidad,Viáticos,3-Baja,Telefono,usuario159@lafortuna.com.co,Necesito anticipo para comisión,Se solicita atención prioritaria porque afecta la operación del área y el cierre del periodo.,Cerrado,0
TK-01224,2025-09-22,,Compras,Sin clasificar,media,Correo,usuario064@lafortuna.com.co,La impresora de la sede norte imprime rayada,El caso fue reportado por teléfono y se registra para trazabilidad.,reabierto,3
TK-00208,2026-03-13,,Operaciones,Compras,2-Media,formulario,usuario071@lafortuna.com.co,El proveedor no ha entregado lo solicitado,El usuario reporta la novedad desde el inicio de la jornada y requiere solución para continuar con su labor.,Escalado,0
TK-00944,2025-06-29,2025-08-08,Infraestructura,Software,MEDIA,Teléfono,usuario170@lafortuna.com.co,Aparece un mensaje de sesión expirada cada cinco minutos,,Cerrado,0
TK-00527,2026-03-06,,Contabilidad,Sin clasificar,MEDIA,Formulario web,usuario052@lafortuna.com.co,Solicito capacitación en el módulo nuevo,El caso fue reportado por teléfono y se registra para trazabilidad.,abierto,0
TK-01156,2026-06-23,2026-07-20,Aplicaciones,Hardware,Crítica,formulario,usuario023@lafortuna.com.co,Necesito un monitor adicional para el puesto ,Requerimiento remitido por la jefatura del área para gestión.,Cerrado,0
TK-00298,2025-08-25,,Aplicaciones,Sin clasificar,Baja,Mesa de ayuda,usuario078@lafortuna.com.co,Necesito que instalen el visor de planos,Requerimiento remitido por la jefatura del área para gestión.,En proceso,0
TK-00957,2026-01-16,2026-02-18,Compras,Red,Alta,Mesa de ayuda,usuario112@lafortuna.com.co,Sin internet en el segundo piso,Requerimiento remitido por la jefatura del área para gestión.,cerrado,0
TK-01768,2025-12-28,,Compras,Compras,Media,Mesa de ayuda,usuario164@lafortuna.com.co,El proveedor no ha entregado lo solicitado,El caso fue reportado por teléfono y se registra para trazabilidad.,En proceso,0
TK-00408,2025-06-15,2025-07-21,Infraestructura,Software,3-Baja,Telefono,usuario070@lafortuna.com.co,Necesito que instalen el visor de planos,,Cerrado,0
TK-00639,2026-01-09,2026-02-22,Talento Humano,Reportes,MEDIA,correo,usuario171@lafortuna.com.co,Solicito exportar el listado a Excel,El usuario reporta la novedad desde el inicio de la jornada y requiere solución para continuar con su labor.,en proceso,0
TK-00792,2025-05-06,,Compras,Red,media,correo,usuario113@lafortuna.com.co,Sin internet en el segundo piso,El caso fue reportado por teléfono y se registra para trazabilidad.,Escalado,0
TK-01059,2025-05-19,,Talento Humano,Accesos,Alta,Telefono,usuario003@lafortuna.com.co,Me retiraron el acceso y aún trabajo en el proceso,Se adjunta captura de pantalla del mensaje de error recibido.,Abierto,0
TK-01189,2026-01-05,,Contabilidad,Sin clasificar,3-Baja,correo,usuario172@lafortuna.com.co,Cómo registro un proveedor nuevo,Se adjunta captura de pantalla del mensaje de error recibido.,Abierto,0
TK-00652,2025-11-20,,Contabilidad,Software,Critica,Mesa de ayuda,usuario149@lafortuna.com.co,Necesito que instalen el visor de planos,El caso fue reportado por teléfono y se registra para trazabilidad.,En proceso,0
TK-01617,2025-08-30,,Comercial,Vacaciones,ALTA,Mesa de ayuda,usuario001@lafortuna.com.co,Con cuánta anticipación debo solicitar vacaciones,El solicitante indica que la novedad se presenta de forma intermitente desde hace tres días.,abierto,0
TK-00773,2025-09-14,,Talento Humano,Software,Baja,Telefono,usuario060@lafortuna.com.co,Necesito que instalen el visor de planos,El caso fue reportado por teléfono y se registra para trazabilidad.,Abierto,0
TK-01238,2026-03-17,2026-04-07,Contabilidad,Accesos,Alta,Telefono,usuario119@lafortuna.com.co,Me retiraron el acceso y aún trabajo en el proceso,Requerimiento remitido por la jefatura del área para gestión.,cerrado,0
TK-00282,2026-04-11,2026-04-12,Aplicaciones,Accesos,alta,Formulario web,usuario095@lafortuna.com.co,Me retiraron el acceso y aún trabajo en el proceso,El caso fue reportado por teléfono y se registra para trazabilidad.,reabierto,0
TK-01679,2026-05-08,,Infraestructura,Sin clasificar,Media,Correo,usuario030@lafortuna.com.co,No puedo entrar al sistema Centrica,Se solicita atención prioritaria porque afecta la operación del área y el cierre del periodo.,Escalado,0
TK-01485,2025-11-19,2025-12-24,Aplicaciones,Sin clasificar,alta,Telefono,usuario056@lafortuna.com.co,Necesito que instalen el visor de planos,El usuario reporta la novedad desde el inicio de la jornada y requiere solución para continuar con su labor.,Cerrado,0
TK-00844,2025-02-10,,Contabilidad,Sin clasificar,Media,correo,usuario021@lafortuna.com.co,Solicito permiso al módulo de cartera,Requerimiento remitido por la jefatura del área para gestión.,reabierto,3
TK-01133,2025-12-28,2026-01-09,Contabilidad,Sin clasificar,ALTA,Correo,usuario107@lafortuna.com.co,Cómo registro un proveedor nuevo,El usuario reporta la novedad desde el inicio de la jornada y requiere solución para continuar con su labor.,CERRADO,0
TK-00256,2025-04-30,,Talento Humano,Sin clasificar,Media,Formulario web,usuario057@lafortuna.com.co,La impresora de la sede norte imprime rayada,El usuario reporta la novedad desde el inicio de la jornada y requiere solución para continuar con su labor.,REABIERTO,1
TK-01563,2025-07-21,,Comercial,Reportes,Alta,correo,usuario149@lafortuna.com.co,El reporte no incluye la sede nueva,,reabierto,1
TK-00412,2025-03-25,2025-05-09,Compras,Sin clasificar,baja,Correo,usuario029@lafortuna.com.co,Consulta general,El solicitante indica que la novedad se presenta de forma intermitente desde hace tres días.,CERRADO,1
TK-00576,2026-04-04,,Talento Humano,Sin clasificar,Media,formulario,usuario007@lafortuna.com.co,Aparece un mensaje de sesión expirada cada cinco minutos,Se adjunta captura de pantalla del mensaje de error recibido.,REABIERTO,1
TK-01198,2025-11-18,,Calidad,Sin clasificar,Media,Telefono,usuario164@lafortuna.com.co,Necesito cotización para equipos de la bodega,,REABIERTO,2
TK-01126,2026-06-17,,Aplicaciones,Hardware,baja,formulario,usuario071@lafortuna.com.co,El portátil no enciende desde ayer,Requerimiento remitido por la jefatura del área para gestión.,Reabierto,2
TK-00947,2025-07-02,2025-08-12,Calidad,Sin clasificar,Baja,Mesa de ayuda,usuario095@lafortuna.com.co,Cuándo es la próxima inducción,Se solicita atención prioritaria porque afecta la operación del área y el cierre del periodo.,cerrado,0
TK-00317,2025-01-16,,Operaciones,Hardware,media,Teléfono,usuario130@lafortuna.com.co,El portátil no enciende desde ayer,El solicitante indica que la novedad se presenta de forma intermitente desde hace tres días.,Escalado,0
TK-01774,2025-09-28,,Contabilidad,Sin clasificar,Baja,Teléfono,usuario060@lafortuna.com.co,Estado de la orden de compra 4471,El usuario reporta la novedad desde el inicio de la jornada y requiere solución para continuar con su labor.,REABIERTO,1
TK-00800,2025-07-27,,Calidad,Sin clasificar,Critica,Telefono,usuario152@lafortuna.com.co,El reporte no incluye la sede nueva,,Escalado,0
TK-00253,2026-04-27,,Infraestructura,Accesos,Baja,Telefono,usuario130@lafortuna.com.co,No puedo entrar al sistema Centrica,Requerimiento remitido por la jefatura del área para gestión.,reabierto,1
TK-01559,2025-04-23,2025-05-13,Comercial,Accesos,ALTA,Correo,usuario128@lafortuna.com.co,Solicito permiso al módulo de cartera,Requerimiento remitido por la jefatura del área para gestión.,Cerrado,0
TK-00164,2025-12-23,,Operaciones,Sin clasificar,alta,Teléfono,usuario159@lafortuna.com.co,Se cayó el servicio de facturación,El usuario reporta la novedad desde el inicio de la jornada y requiere solución para continuar con su labor.,En proceso,0
TK-00569,2025-06-18,,Operaciones,Incidente,Alta,Teléfono,usuario093@lafortuna.com.co,Se cayó el servicio de facturación,Se solicita atención prioritaria porque afecta la operación del área y el cierre del periodo.,Escalado,0
TK-01885,2025-07-29,2025-08-29,Compras,Red,CRITICA,formulario,usuario161@lafortuna.com.co,Muy lenta la conexión en la bodega,Requerimiento remitido por la jefatura del área para gestión.,cerrado,0
TK-00627,2026-01-30,,Aplicaciones,Sin clasificar,media,Formulario web,usuario166@lafortuna.com.co,Necesito que instalen el visor de planos,,Escalado,0
TK-00213,2025-10-01,2025-11-05,Talento Humano,Viáticos,Crítica,Teléfono,usuario125@lafortuna.com.co,Cuál es el monto autorizado para hospedaje,Se solicita atención prioritaria porque afecta la operación del área y el cierre del periodo.,cerrado,1
TK-00371,2026-03-20,,Aplicaciones,Viáticos,2-Media,Teléfono,usuario087@lafortuna.com.co,Cuál es el monto autorizado para hospedaje,Requerimiento remitido por la jefatura del área para gestión.,Reabierto,1
TK-00449,2025-06-15,,Infraestructura,Sin clasificar,Crítica,formulario,usuario168@lafortuna.com.co,Aparece un mensaje de sesión expirada cada cinco minutos,El usuario reporta la novedad desde el inicio de la jornada y requiere solución para continuar con su labor.,Abierto,0
TK-01365,2025-09-10,2025-09-10,Operaciones,Sin clasificar,ALTA,correo,usuario077@lafortuna.com.co,Necesito material del curso de la semana pasada,,CERRADO,0
TK-00457,2025-06-06,,Infraestructura,Sin clasificar,3-Baja,Teléfono,usuario105@lafortuna.com.co,El teclado dejó de responder,El solicitante indica que la novedad se presenta de forma intermitente desde hace tres días.,Abierto,0
TK-01812,2026-05-07,,Operaciones,Vacaciones,1-Alta,Telefono,usuario157@lafortuna.com.co,Puedo dividir mis vacaciones en dos periodos,Se adjunta captura de pantalla del mensaje de error recibido.,en proceso,0
TK-00196,2025-09-14,,Infraestructura,Compras,1-Alta,Teléfono,usuario046@lafortuna.com.co,Estado de la orden de compra 4471,El usuario reporta la novedad desde el inicio de la jornada y requiere solución para continuar con su labor.,Abierto,0
TK-00606,2026-03-31,,Calidad,Viáticos,alta,Teléfono,usuario063@lafortuna.com.co,Cuál es el monto autorizado para hospedaje,Se adjunta captura de pantalla del mensaje de error recibido.,Abierto,0
TK-01845,2026-03-03,,Infraestructura,Hardware,CRITICA,Telefono,usuario013@lafortuna.com.co,La impresora de la sede norte imprime rayada,El solicitante indica que la novedad se presenta de forma intermitente desde hace tres días.,Reabierto,3
TK-00923,2025-01-12,,Compras,Accesos,Critica,Mesa de ayuda,usuario004@lafortuna.com.co,Solicito permiso al módulo de cartera,El solicitante indica que la novedad se presenta de forma intermitente desde hace tres días.,abierto,0
TK-01960,2026-01-21,,Infraestructura,Sin clasificar,Crítica,Telefono,usuario050@lafortuna.com.co,Solicitud varias,El caso fue reportado por teléfono y se registra para trazabilidad.,REABIERTO,3
TK-01401,2025-10-17,,Calidad,Sin clasificar,CRITICA,correo,usuario127@lafortuna.com.co,Pendiente por definir,El caso fue reportado por teléfono y se registra para trazabilidad.,abierto,0
TK-01862,2025-09-08,,Calidad,Red,baja,correo,usuario016@lafortuna.com.co,No carga el sistema desde la sede sur,El solicitante indica que la novedad se presenta de forma intermitente desde hace tres días.,Abierto,0
TK-00845,2025-09-21,2025-10-23,Calidad,Reportes,media,formulario,usuario158@lafortuna.com.co,El informe muestra cifras distintas al sistema,Se adjunta captura de pantalla del mensaje de error recibido.,Cerrado,0
TK-00605,2025-11-03,2025-11-07,Calidad,Incidente,2-Media,formulario,usuario001@lafortuna.com.co,Se cayó el servicio de facturación,,Cerrado,0
TK-01570,2026-01-05,2026-02-09,Calidad,Sin clasificar,baja,Telefono,usuario059@lafortuna.com.co,La aplicación se cierra al generar el informe,El usuario reporta la novedad desde el inicio de la jornada y requiere solución para continuar con su labor.,reabierto,2
TK-00814,2026-01-07,,Compras,Sin clasificar,3-Baja,Correo,usuario095@lafortuna.com.co,Consulta general,El usuario reporta la novedad desde el inicio de la jornada y requiere solución para continuar con su labor.,reabierto,3
TK-00163,2026-04-24,2026-05-27,Infraestructura,Red,Baja,Mesa de ayuda,usuario109@lafortuna.com.co,Sin internet en el segundo piso,Se adjunta captura de pantalla del mensaje de error recibido.,cerrado,1
TK-00750,2026-02-03,,Compras,Compras,Critica,Mesa de ayuda,usuario160@lafortuna.com.co,El proveedor no ha entregado lo solicitado,Requerimiento remitido por la jefatura del área para gestión.,REABIERTO,3
TK-01146,2025-06-10,,Comercial,Accesos,alta,Teléfono,usuario023@lafortuna.com.co,Me retiraron el acceso y aún trabajo en el proceso,El caso fue reportado por teléfono y se registra para trazabilidad.,REABIERTO,2
TK-00965,2025-06-26,2025-07-23,Calidad,Sin clasificar,Baja,Formulario web,usuario043@lafortuna.com.co,Requerimiento del área,Se solicita atención prioritaria porque afecta la operación del área y el cierre del periodo.,Cerrado,0
TK-00161,2025-04-20,2025-04-21,Comercial,Hardware,2-Media,Teléfono,usuario113@lafortuna.com.co,La impresora de la sede norte imprime rayada,Se adjunta captura de pantalla del mensaje de error recibido.,Cerrado,0
TK-01422,2025-10-24,,Aplicaciones,Sin clasificar,media,Correo,usuario165@lafortuna.com.co,Pendiente por definir,El usuario reporta la novedad desde el inicio de la jornada y requiere solución para continuar con su labor.,en proceso,0
TK-00743,2025-05-02,,Comercial,Hardware,Critica,Formulario web,usuario073@lafortuna.com.co,El teclado dejó de responder,Se adjunta captura de pantalla del mensaje de error recibido.,Reabierto,0
TK-01004,2026-02-08,2026-03-02,Calidad,Sin clasificar,Alta,Teléfono,usuario028@lafortuna.com.co,La versión instalada no coincide con la del área,Se solicita atención prioritaria porque afecta la operación del área y el cierre del periodo.,Cerrado,0
TK-01562,2026-06-04,,Talento Humano,Red,Alta,Telefono,usuario135@lafortuna.com.co,No carga el sistema desde la sede sur,Requerimiento remitido por la jefatura del área para gestión.,en proceso,0
TK-01891,2025-03-20,,Talento Humano,Sin clasificar,alta,formulario,usuario010@lafortuna.com.co,Consulta general,Requerimiento remitido por la jefatura del área para gestión.,REABIERTO,1
TK-00190,2026-01-30,2026-02-18,Operaciones,Sin clasificar,1-Alta,Mesa de ayuda,usuario086@lafortuna.com.co,Necesito cotización para equipos de la bodega,,cerrado,0
TK-00001,2026-06-10,2026-06-20,Talento Humano,Vacaciones,ALTA,Telefono,usuario095@lafortuna.com.co,Me negaron las vacaciones solicitadas,El usuario reporta la novedad desde el inicio de la jornada y requiere solución para continuar con su labor.,CERRADO,0
TK-00796,2025-10-05,,Comercial,Sin clasificar,CRITICA,Correo,usuario044@lafortuna.com.co,Cuándo es la próxima inducción,Requerimiento remitido por la jefatura del área para gestión.,abierto,0
TK-00514,2025-12-16,,Infraestructura,Nómina,Media,Mesa de ayuda,usuario038@lafortuna.com.co,No me llegó el desprendible de pago,Se adjunta captura de pantalla del mensaje de error recibido.,Reabierto,2
TK-01474,2025-01-08,2025-02-01,Comercial,Accesos,alta,Mesa de ayuda,usuario161@lafortuna.com.co,Se bloqueó mi usuario tras varios intentos,El solicitante indica que la novedad se presenta de forma intermitente desde hace tres días.,cerrado,0
TK-00517,2025-07-18,,Talento Humano,Accesos,alta,Formulario web,usuario119@lafortuna.com.co,Necesito acceso a la carpeta compartida de mi área,Requerimiento remitido por la jefatura del área para gestión.,abierto,0
TK-01858,2025-12-05,,Compras,Software,1-Alta,Correo,usuario124@lafortuna.com.co,Aparece un mensaje de sesión expirada cada cinco minutos,El usuario reporta la novedad desde el inicio de la jornada y requiere solución para continuar con su labor.,Reabierto,3
TK-00499,2025-04-02,,Comercial,Hardware,alta,correo,usuario106@lafortuna.com.co,El teclado dejó de responder,El usuario reporta la novedad desde el inicio de la jornada y requiere solución para continuar con su labor.,En proceso,0
TK-01149,2025-01-24,,Talento Humano,Compras,alta,Teléfono,usuario075@lafortuna.com.co,El proveedor no ha entregado lo solicitado,El solicitante indica que la novedad se presenta de forma intermitente desde hace tres días.,reabierto,3
TK-01815,2025-08-11,,Compras,Software,Critica,Mesa de ayuda,usuario049@lafortuna.com.co,Error al guardar el formulario de ingreso,,abierto,0
TK-00633,2025-06-17,2025-07-18,Calidad,Compras,Alta,Teléfono,usuario004@lafortuna.com.co,Cómo registro un proveedor nuevo,,Cerrado,0
TK-00300,2025-03-09,2025-04-01,Infraestructura,Accesos,Alta,Formulario web,usuario168@lafortuna.com.co,Me retiraron el acceso y aún trabajo en el proceso,Requerimiento remitido por la jefatura del área para gestión.,Reabierto,1
TK-00391,2026-03-31,2026-04-18,Contabilidad,Reportes,3-Baja,Telefono,usuario010@lafortuna.com.co,El reporte no incluye la sede nueva,El usuario reporta la novedad desde el inicio de la jornada y requiere solución para continuar con su labor.,CERRADO,0
TK-01758,2026-04-22,2026-05-31,Infraestructura,Sin clasificar,MEDIA,Telefono,usuario079@lafortuna.com.co,La aplicación se cierra al generar el informe,Requerimiento remitido por la jefatura del área para gestión.,Cerrado,0
TK-00910,2026-05-06,,Operaciones,Incidente,Baja,correo,usuario049@lafortuna.com.co,Los usuarios reportan lentitud generalizada,Se solicita atención prioritaria porque afecta la operación del área y el cierre del periodo.,REABIERTO,1
TK-01458,2025-11-09,,Compras,Software,Critica,formulario,usuario150@lafortuna.com.co,Necesito que instalen el visor de planos,El caso fue reportado por teléfono y se registra para trazabilidad.,Abierto,0
TK-01654,2025-02-20,,Compras,Sin clasificar,alta,Telefono,usuario128@lafortuna.com.co,Pendiente por definir,Requerimiento remitido por la jefatura del área para gestión.,en proceso,0
TK-00573,2026-03-26,2026-04-28,Comercial,Red,ALTA,formulario,usuario155@lafortuna.com.co,Sin internet en el segundo piso,El solicitante indica que la novedad se presenta de forma intermitente desde hace tres días.,CERRADO,0
TK-01671,2025-01-02,2025-01-08,Compras,Accesos,CRITICA,Correo,usuario128@lafortuna.com.co,Solicito permiso al módulo de cartera,Requerimiento remitido por la jefatura del área para gestión.,Cerrado,0
TK-01869,2025-10-20,2025-10-21,Comercial,Vacaciones,ALTA,Teléfono,usuario041@lafortuna.com.co,Con cuánta anticipación debo solicitar vacaciones,Se solicita atención prioritaria porque afecta la operación del área y el cierre del periodo.,reabierto,1
TK-00237,2026-06-25,,Talento Humano,Sin clasificar,CRITICA,correo,usuario042@lafortuna.com.co,Solicitud varias,Requerimiento remitido por la jefatura del área para gestión.,Reabierto,1
TK-00097,2025-08-07,,Infraestructura,Vacaciones,MEDIA,Mesa de ayuda,usuario030@lafortuna.com.co,Cuántos días tengo acumulados,,Escalado,0
TK-01957,2025-06-03,,Talento Humano,Vacaciones,1-Alta,Mesa de ayuda,usuario098@lafortuna.com.co,Puedo dividir mis vacaciones en dos periodos,El solicitante indica que la novedad se presenta de forma intermitente desde hace tres días.,En proceso,0
TK-01082,2026-02-04,,Compras,Sin clasificar,ALTA,Correo,usuario030@lafortuna.com.co,Solicito capacitación en el módulo nuevo,Requerimiento remitido por la jefatura del área para gestión.,en proceso,0
TK-01622,2025-11-18,,Compras,Viáticos,Baja,correo,usuario100@lafortuna.com.co,Cuál es el monto autorizado para hospedaje,Se adjunta captura de pantalla del mensaje de error recibido.,Abierto,0
TK-00710,2025-07-24,,Comercial,Sin clasificar,CRITICA,Mesa de ayuda,usuario093@lafortuna.com.co,Pendiente por definir,El caso fue reportado por teléfono y se registra para trazabilidad.,En proceso,0
TK-00351,2025-01-13,,Operaciones,Viáticos,Baja,Formulario web,usuario015@lafortuna.com.co,Cómo legalizo los viáticos del viaje a la costa,El solicitante indica que la novedad se presenta de forma intermitente desde hace tres días.,Reabierto,1
TK-00372,2025-06-19,,Talento Humano,Incidente,MEDIA,Mesa de ayuda,usuario095@lafortuna.com.co,Caída total del sistema en la sede principal,El solicitante indica que la novedad se presenta de forma intermitente desde hace tres días.,en proceso,0
TK-00541,2025-08-19,2025-09-28,Calidad,Accesos,1-Alta,Formulario web,usuario101@lafortuna.com.co,No puedo entrar al sistema Centrica,,reabierto,3
TK-00447,2025-05-01,,Compras,Red,Critica,Teléfono,usuario056@lafortuna.com.co,No carga el sistema desde la sede sur,,En proceso,0
TK-01067,2026-06-03,,Aplicaciones,Sin clasificar,3-Baja,Mesa de ayuda,usuario068@lafortuna.com.co,Consulta general,El caso fue reportado por teléfono y se registra para trazabilidad.,abierto,0
TK-00401,2026-04-13,,Compras,Sin clasificar,2-Media,Mesa de ayuda,usuario075@lafortuna.com.co,Requerimiento del área,,en proceso,0
TK-00940,2025-04-23,,Infraestructura,Red,Alta,Mesa de ayuda,usuario019@lafortuna.com.co,Muy lenta la conexión en la bodega,Se solicita atención prioritaria porque afecta la operación del área y el cierre del periodo.,Abierto,0
TK-00347,2025-02-25,,Talento Humano,Sin clasificar,Critica,formulario,usuario128@lafortuna.com.co,Cómo registro un proveedor nuevo,Se adjunta captura de pantalla del mensaje de error recibido.,En proceso,0
TK-00320,2025-11-11,,Talento Humano,Sin clasificar,alta,Telefono,usuario108@lafortuna.com.co,Requerimiento del área,El solicitante indica que la novedad se presenta de forma intermitente desde hace tres días.,Abierto,0
TK-01596,2025-03-17,2025-03-21,Talento Humano,Hardware,media,Teléfono,usuario176@lafortuna.com.co,El teclado dejó de responder,El caso fue reportado por teléfono y se registra para trazabilidad.,Reabierto,3
TK-00226,2026-04-08,,Calidad,Red,Critica,Mesa de ayuda,usuario063@lafortuna.com.co,Sin internet en el segundo piso,Requerimiento remitido por la jefatura del área para gestión.,reabierto,1
TK-00897,2025-02-10,,Operaciones,Sin clasificar,MEDIA,correo,usuario176@lafortuna.com.co,Solicito exportar el listado a Excel,El solicitante indica que la novedad se presenta de forma intermitente desde hace tres días.,Abierto,0
TK-01585,2025-06-15,2025-07-30,Aplicaciones,Hardware,MEDIA,formulario,usuario171@lafortuna.com.co,El portátil no enciende desde ayer,Se solicita atención prioritaria porque afecta la operación del área y el cierre del periodo.,cerrado,0
TK-01241,2025-05-28,,Aplicaciones,Sin clasificar,Baja,Formulario web,usuario005@lafortuna.com.co,El informe muestra cifras distintas al sistema,El usuario reporta la novedad desde el inicio de la jornada y requiere solución para continuar con su labor.,Abierto,0
TK-00851,2025-08-09,,Infraestructura,Sin clasificar,Critica,Mesa de ayuda,usuario033@lafortuna.com.co,El portátil no enciende desde ayer,El solicitante indica que la novedad se presenta de forma intermitente desde hace tres días.,Reabierto,3
TK-00758,2025-07-24,,Talento Humano,Sin clasificar,Critica,correo,usuario028@lafortuna.com.co,Requerimiento del área,Se solicita atención prioritaria porque afecta la operación del área y el cierre del periodo.,en proceso,0
TK-00608,2025-02-05,,Operaciones,Red,baja,Correo,usuario063@lafortuna.com.co,Muy lenta la conexión en la bodega,El solicitante indica que la novedad se presenta de forma intermitente desde hace tres días.,en proceso,0
TK-01381,2026-02-26,,Calidad,Compras,alta,correo,usuario024@lafortuna.com.co,Necesito cotización para equipos de la bodega,El caso fue reportado por teléfono y se registra para trazabilidad.,en proceso,0
TK-00325,2026-02-10,,Infraestructura,Accesos,Baja,formulario,usuario140@lafortuna.com.co,Necesito acceso a la carpeta compartida de mi área,El caso fue reportado por teléfono y se registra para trazabilidad.,abierto,0
TK-00433,2025-01-24,2025-01-25,Talento Humano,Accesos,Baja,Telefono,usuario111@lafortuna.com.co,Se bloqueó mi usuario tras varios intentos,,cerrado,0
TK-01790,2025-07-01,,Infraestructura,Vacaciones,Media,Teléfono,usuario017@lafortuna.com.co,Puedo dividir mis vacaciones en dos periodos,El caso fue reportado por teléfono y se registra para trazabilidad.,REABIERTO,3
TK-00687,2025-12-31,,Aplicaciones,Sin clasificar,Alta,Correo,usuario138@lafortuna.com.co,Consulta general,El usuario reporta la novedad desde el inicio de la jornada y requiere solución para continuar con su labor.,Reabierto,2
TK-01902,2025-02-07,,Talento Humano,Incidente,Media,Mesa de ayuda,usuario016@lafortuna.com.co,Los usuarios reportan lentitud generalizada,El caso fue reportado por teléfono y se registra para trazabilidad.,Reabierto,3
TK-00970,2025-11-01,,Calidad,Hardware,Critica,Mesa de ayuda,usuario150@lafortuna.com.co,Solicito reposición de diadema dañada,Se solicita atención prioritaria porque afecta la operación del área y el cierre del periodo.,Escalado,0
TK-01473,2026-03-02,,Talento Humano,Red,1-Alta,formulario,usuario180@lafortuna.com.co,No carga el sistema desde la sede sur,El solicitante indica que la novedad se presenta de forma intermitente desde hace tres días.,reabierto,3
TK-00596,2025-07-24,2025-09-05,Contabilidad,Software,Alta,Correo,usuario136@lafortuna.com.co,La versión instalada no coincide con la del área,Requerimiento remitido por la jefatura del área para gestión.,Cerrado,0
TK-01310,2025-04-29,2025-06-11,Comercial,Software,3-Baja,formulario,usuario108@lafortuna.com.co,La aplicación se cierra al generar el informe,Se solicita atención prioritaria porque afecta la operación del área y el cierre del periodo.,en proceso,0
TK-00708,2025-08-15,,Aplicaciones,Sin clasificar,Crítica,formulario,usuario111@lafortuna.com.co,Necesito material del curso de la semana pasada,El usuario reporta la novedad desde el inicio de la jornada y requiere solución para continuar con su labor.,Reabierto,2
TK-01700,2026-05-11,2026-05-26,Infraestructura,Accesos,Critica,formulario,usuario115@lafortuna.com.co,Se bloqueó mi usuario tras varios intentos,Requerimiento remitido por la jefatura del área para gestión.,Escalado,0
TK-00932,2025-07-12,,Calidad,Nómina,ALTA,Telefono,usuario007@lafortuna.com.co,Error en el descuento de la quincena,El usuario reporta la novedad desde el inicio de la jornada y requiere solución para continuar con su labor.,reabierto,2
TK-00772,2026-01-29,,Aplicaciones,Hardware,Baja,Formulario web,usuario005@lafortuna.com.co,El teclado dejó de responder,Se solicita atención prioritaria porque afecta la operación del área y el cierre del periodo.,Abierto,0
TK-01732,2026-01-25,,Contabilidad,Vacaciones,Baja,Correo,usuario167@lafortuna.com.co,Me negaron las vacaciones solicitadas,El solicitante indica que la novedad se presenta de forma intermitente desde hace tres días.,En proceso,0
TK-01071,2025-02-06,,Comercial,Software,ALTA,Telefono,usuario113@lafortuna.com.co,Necesito que instalen el visor de planos,Se adjunta captura de pantalla del mensaje de error recibido.,reabierto,3
TK-01910,2025-02-28,,Comercial,Software,Alta,Mesa de ayuda,usuario051@lafortuna.com.co,La aplicación se cierra al generar el informe,Requerimiento remitido por la jefatura del área para gestión.,Reabierto,2
TK-00956,2025-12-06,,Talento Humano,Software,Alta,correo,usuario127@lafortuna.com.co,La aplicación se cierra al generar el informe,El usuario reporta la novedad desde el inicio de la jornada y requiere solución para continuar con su labor.,REABIERTO,1
TK-01551,2025-12-24,2026-01-24,Aplicaciones,Sin clasificar,Alta,Correo,usuario063@lafortuna.com.co,Pendiente por definir,El usuario reporta la novedad desde el inicio de la jornada y requiere solución para continuar con su labor.,cerrado,0
TK-00375,2025-12-19,,Infraestructura,Incidente,Alta,Teléfono,usuario006@lafortuna.com.co,Los usuarios reportan lentitud generalizada,El solicitante indica que la novedad se presenta de forma intermitente desde hace tres días.,En proceso,0
TK-01846,2025-08-29,,Operaciones,Sin clasificar,Baja,Formulario web,usuario164@lafortuna.com.co,La aplicación se cierra al generar el informe,Se solicita atención prioritaria porque afecta la operación del área y el cierre del periodo.,REABIERTO,2
TK-00948,2025-01-15,2025-01-30,Aplicaciones,Hardware,Crítica,Mesa de ayuda,usuario047@lafortuna.com.co,Solicito reposición de diadema dañada,Requerimiento remitido por la jefatura del área para gestión.,CERRADO,0
TK-00402,2026-05-16,2026-06-09,Comercial,Viáticos,alta,Teléfono,usuario064@lafortuna.com.co,Necesito anticipo para comisión,El usuario reporta la novedad desde el inicio de la jornada y requiere solución para continuar con su labor.,reabierto,3
TK-01317,2025-01-05,,Compras,Nómina,CRITICA,Telefono,usuario055@lafortuna.com.co,Solicito certificado laboral con salario,Se solicita atención prioritaria porque afecta la operación del área y el cierre del periodo.,abierto,0
TK-00721,2026-02-19,,Talento Humano,Sin clasificar,Alta,Correo,usuario074@lafortuna.com.co,El portátil no enciende desde ayer,El usuario reporta la novedad desde el inicio de la jornada y requiere solución para continuar con su labor.,Abierto,0
TK-01476,2025-12-31,,Comercial,Sin clasificar,alta,Mesa de ayuda,usuario132@lafortuna.com.co,Solicito capacitación en el módulo nuevo,El usuario reporta la novedad desde el inicio de la jornada y requiere solución para continuar con su labor.,En proceso,0
TK-01754,2025-05-17,,Infraestructura,Red,MEDIA,Correo,usuario055@lafortuna.com.co,Sin internet en el segundo piso,Se solicita atención prioritaria porque afecta la operación del área y el cierre del periodo.,En proceso,0
TK-01481,2026-05-31,2026-06-18,Comercial,Hardware,ALTA,Formulario web,usuario116@lafortuna.com.co,El teclado dejó de responder,El solicitante indica que la novedad se presenta de forma intermitente desde hace tres días.,reabierto,3
TK-00042,2025-08-20,2025-10-03,Talento Humano,Hardware,baja,Teléfono,usuario065@lafortuna.com.co,La impresora de la sede norte imprime rayada,El caso fue reportado por teléfono y se registra para trazabilidad.,en proceso,0
TK-00759,2026-05-30,,Compras,Red,Critica,Teléfono,usuario132@lafortuna.com.co,La VPN se desconecta cada media hora,Se solicita atención prioritaria porque afecta la operación del área y el cierre del periodo.,Escalado,0
TK-01483,2026-02-25,,Calidad,Sin clasificar,ALTA,Telefono,usuario165@lafortuna.com.co,El reporte no incluye la sede nueva,Se adjunta captura de pantalla del mensaje de error recibido.,REABIERTO,3
TK-01343,2025-03-27,2025-04-07,Infraestructura,Sin clasificar,Critica,Telefono,usuario128@lafortuna.com.co,Necesito el reporte de ventas del trimestre,Se solicita atención prioritaria porque afecta la operación del área y el cierre del periodo.,CERRADO,0
TK-01849,2025-07-15,,Comercial,Software,media,Correo,usuario108@lafortuna.com.co,La versión instalada no coincide con la del área,Requerimiento remitido por la jefatura del área para gestión.,Reabierto,1
TK-01353,2025-01-31,,Compras,Accesos,3-Baja,Formulario web,usuario159@lafortuna.com.co,Me retiraron el acceso y aún trabajo en el proceso,El caso fue reportado por teléfono y se registra para trazabilidad.,abierto,0
TK-01888,2025-07-31,,Calidad,Sin clasificar,media,correo,usuario097@lafortuna.com.co,El informe muestra cifras distintas al sistema,El usuario reporta la novedad desde el inicio de la jornada y requiere solución para continuar con su labor.,reabierto,3
TK-01925,2025-12-17,,Operaciones,Accesos,Media,Telefono,usuario107@lafortuna.com.co,Se bloqueó mi usuario tras varios intentos,El usuario reporta la novedad desde el inicio de la jornada y requiere solución para continuar con su labor.,REABIERTO,3
TK-00091,2025-07-15,,Comercial,Sin clasificar,Alta,Teléfono,usuario116@lafortuna.com.co,El reporte no incluye la sede nueva,Se solicita atención prioritaria porque afecta la operación del área y el cierre del periodo.,reabierto,3
TK-01745,2025-06-08,,Comercial,Sin clasificar,Media,Telefono,usuario009@lafortuna.com.co,Necesito un monitor adicional para el puesto,Se adjunta captura de pantalla del mensaje de error recibido.,Abierto,0
TK-01472,2026-02-04,2026-02-06,Compras,Accesos,ALTA,Correo,usuario036@lafortuna.com.co,Me retiraron el acceso y aún trabajo en el proceso,Se adjunta captura de pantalla del mensaje de error recibido.,Cerrado,0
TK-00430,2025-06-02,,Aplicaciones,Accesos,alta,Mesa de ayuda,usuario037@lafortuna.com.co,Necesito acceso a la carpeta compartida de mi área,Requerimiento remitido por la jefatura del área para gestión.,Reabierto,1
TK-01619,2026-05-06,2026-06-07,Contabilidad,Sin clasificar,ALTA,Correo,usuario100@lafortuna.com.co,Error al guardar el formulario de ingreso,Se solicita atención prioritaria porque afecta la operación del área y el cierre del periodo.,en proceso,0
TK-00525,2026-03-23,,Contabilidad,Sin clasificar,alta,formulario,usuario112@lafortuna.com.co,Consulta general,Requerimiento remitido por la jefatura del área para gestión.,abierto,0
TK-00739,2025-08-13,2025-08-26,Compras,Sin clasificar,CRITICA,Teléfono,usuario092@lafortuna.com.co,Necesito que instalen el visor de planos,El usuario reporta la novedad desde el inicio de la jornada y requiere solución para continuar con su labor.,CERRADO,0
TK-01019,2025-07-27,,Calidad,Software,baja,Mesa de ayuda,usuario046@lafortuna.com.co,Aparece un mensaje de sesión expirada cada cinco minutos,Requerimiento remitido por la jefatura del área para gestión.,En proceso,0
TK-00763,2025-11-12,2025-11-27,Aplicaciones,Sin clasificar,Media,correo,usuario111@lafortuna.com.co,Cómo registro un proveedor nuevo,El usuario reporta la novedad desde el inicio de la jornada y requiere solución para continuar con su labor.,cerrado,0
TK-00343,2025-12-23,,Comercial,Hardware,Critica,Correo,usuario029@lafortuna.com.co,Necesito un monitor adicional para el puesto,El caso fue reportado por teléfono y se registra para trazabilidad.,En proceso,0
TK-00318,2026-01-30,,Aplicaciones,Accesos,3-Baja,formulario,usuario162@lafortuna.com.co,Me retiraron el acceso y aún trabajo en el proceso,Se adjunta captura de pantalla del mensaje de error recibido.,Reabierto,3
TK-00331,2026-02-16,2026-04-02,Contabilidad,Nómina,ALTA,formulario,usuario166@lafortuna.com.co,Solicito certificado laboral con salario,El caso fue reportado por teléfono y se registra para trazabilidad.,CERRADO,1
TK-01115,2026-05-15,,Infraestructura,Sin clasificar,baja,Correo,usuario016@lafortuna.com.co,Solicito capacitación en el módulo nuevo,Se solicita atención prioritaria porque afecta la operación del área y el cierre del periodo.,Abierto,0
TK-01672,2025-07-15,,Aplicaciones,Viáticos,1-Alta,Telefono,usuario004@lafortuna.com.co,No me han reembolsado los gastos del mes pasado,,reabierto,1
TK-01760,2025-05-14,,Aplicaciones,Sin clasificar,baja,correo,usuario111@lafortuna.com.co,Consulta general,Requerimiento remitido por la jefatura del área para gestión.,abierto,0
TK-01280,2025-03-19,,Operaciones,Red,2-Media,Telefono,usuario017@lafortuna.com.co,La VPN se desconecta cada media hora,El usuario reporta la novedad desde el inicio de la jornada y requiere solución para continuar con su labor.,abierto,0
TK-01358,2025-02-10,2025-02-10,Calidad,Vacaciones,3-Baja,correo,usuario045@lafortuna.com.co,Con cuánta anticipación debo solicitar vacaciones,Requerimiento remitido por la jefatura del área para gestión.,Cerrado,0
TK-01341,2026-02-27,,Infraestructura,Accesos,Crítica,Telefono,usuario063@lafortuna.com.co,Solicito permiso al módulo de cartera,Se adjunta captura de pantalla del mensaje de error recibido.,Reabierto,1
TK-00497,2026-02-13,,Compras,Compras,alta,Correo,usuario158@lafortuna.com.co,Cómo registro un proveedor nuevo,,En proceso,0
TK-00803,2025-05-19,,Comercial,Sin clasificar,CRITICA,correo,usuario083@lafortuna.com.co,Cuándo es la próxima inducción,El usuario reporta la novedad desde el inicio de la jornada y requiere solución para continuar con su labor.,En proceso,0
TK-01312,2026-05-03,2026-05-22,Operaciones,Incidente,Baja,Mesa de ayuda,usuario059@lafortuna.com.co,Los usuarios reportan lentitud generalizada,El usuario reporta la novedad desde el inicio de la jornada y requiere solución para continuar con su labor.,cerrado,0
TK-01933,2026-05-22,,Operaciones,Red,Media,formulario,usuario101@lafortuna.com.co,La VPN se desconecta cada media hora,El usuario reporta la novedad desde el inicio de la jornada y requiere solución para continuar con su labor.,Abierto,0
TK-00554,2025-06-11,,Infraestructura,Sin clasificar,CRITICA,Correo,usuario152@lafortuna.com.co,Aparece un mensaje de sesión expirada cada cinco minutos,El usuario reporta la novedad desde el inicio de la jornada y requiere solución para continuar con su labor.,REABIERTO,2
TK-01810,2025-05-19,2025-06-06,Aplicaciones,Nómina,1-Alta,correo,usuario033@lafortuna.com.co,Solicito certificado laboral con salario,El solicitante indica que la novedad se presenta de forma intermitente desde hace tres días.,CERRADO,0
TK-00185,2025-05-06,,Compras,Hardware,Media,Teléfono,usuario033@lafortuna.com.co,Solicito reposición de diadema dañada,Se solicita atención prioritaria porque afecta la operación del área y el cierre del periodo.,abierto,0
TK-00287,2025-03-30,2025-04-22,Talento Humano,Sin clasificar,Critica,correo,usuario044@lafortuna.com.co,Los usuarios reportan lentitud generalizada,El usuario reporta la novedad desde el inicio de la jornada y requiere solución para continuar con su labor.,En proceso,0
TK-01110,2025-11-03,,Talento Humano,Sin clasificar,2-Media,formulario,usuario145@lafortuna.com.co,El proveedor no ha entregado lo solicitado,Se solicita atención prioritaria porque afecta la operación del área y el cierre del periodo.,Abierto,0
TK-01663,2026-02-18,,Operaciones,Sin clasificar,ALTA,correo,usuario141@lafortuna.com.co,La aplicación se cierra al generar el informe,El solicitante indica que la novedad se presenta de forma intermitente desde hace tres días.,Reabierto,0
TK-00717,2025-12-01,,Contabilidad,Red,baja,Telefono,usuario124@lafortuna.com.co,Sin internet en el segundo piso,Se adjunta captura de pantalla del mensaje de error recibido.,en proceso,0
TK-00676,2025-01-10,,Infraestructura,Incidente,CRITICA,Formulario web,usuario150@lafortuna.com.co,Los usuarios reportan lentitud generalizada,Se solicita atención prioritaria porque afecta la operación del área y el cierre del periodo.,en proceso,0
TK-01942,2026-03-03,2026-04-06,Calidad,Accesos,3-Baja,Telefono,usuario099@lafortuna.com.co,Necesito acceso a la carpeta compartida de mi área,,Reabierto,2
TK-01390,2025-07-03,,Aplicaciones,Accesos,ALTA,formulario,usuario071@lafortuna.com.co,Me retiraron el acceso y aún trabajo en el proceso,,Abierto,0
TK-01426,2026-04-19,,Calidad,Software,baja,Formulario web,usuario159@lafortuna.com.co,Aparece un mensaje de sesión expirada cada cinco minutos,El caso fue reportado por teléfono y se registra para trazabilidad.,reabierto,1
TK-00571,2026-02-02,,Operaciones,Reportes,Alta,Mesa de ayuda,usuario060@lafortuna.com.co,El reporte no incluye la sede nueva,El usuario reporta la novedad desde el inicio de la jornada y requiere solución para continuar con su labor.,REABIERTO,0
TK-01674,2026-03-31,,Comercial,Sin clasificar,Media,Correo,usuario078@lafortuna.com.co,Necesito acceso a la carpeta compartida de mi área,El solicitante indica que la novedad se presenta de forma intermitente desde hace tres días.,Abierto,0
TK-01954,2025-09-03,,Talento Humano,Sin clasificar,1-Alta,Formulario web,usuario061@lafortuna.com.co,Error al guardar el formulario de ingreso,Se adjunta captura de pantalla del mensaje de error recibido.,Reabierto,3
TK-01044,2025-10-31,2025-11-08,Talento Humano,Sin clasificar,baja,Correo,usuario125@lafortuna.com.co,Error al guardar el formulario de ingreso,Se adjunta captura de pantalla del mensaje de error recibido.,Cerrado,1
TK-00102,2025-04-03,2025-04-15,Contabilidad,Sin clasificar,2-Media,Telefono,usuario084@lafortuna.com.co,Cuándo es la próxima inducción,Requerimiento remitido por la jefatura del área para gestión.,CERRADO,0
TK-00064,2026-01-15,,Contabilidad,Software,alta,Teléfono,usuario048@lafortuna.com.co,Aparece un mensaje de sesión expirada cada cinco minutos,,reabierto,0
TK-01708,2026-04-19,,Aplicaciones,Red,1-Alta,Correo,usuario089@lafortuna.com.co,No carga el sistema desde la sede sur,Se adjunta captura de pantalla del mensaje de error recibido.,abierto,0
TK-00116,2025-09-26,,Calidad,Accesos,3-Baja,Correo,usuario102@lafortuna.com.co,Me retiraron el acceso y aún trabajo en el proceso,El usuario reporta la novedad desde el inicio de la jornada y requiere solución para continuar con su labor.,REABIERTO,3
TK-01540,2025-08-11,,Operaciones,Accesos,ALTA,formulario,usuario087@lafortuna.com.co,Me retiraron el acceso y aún trabajo en el proceso,El solicitante indica que la novedad se presenta de forma intermitente desde hace tres días.,En proceso,0
TK-01755,2025-03-25,2025-04-27,Comercial,Sin clasificar,1-Alta,correo,usuario015@lafortuna.com.co,Solicito reposición de diadema dañada,El usuario reporta la novedad desde el inicio de la jornada y requiere solución para continuar con su labor.,Cerrado,0
TK-00181,2026-02-03,2026-03-07,Contabilidad,Red,1-Alta,formulario,usuario041@lafortuna.com.co,No carga el sistema desde la sede sur,El caso fue reportado por teléfono y se registra para trazabilidad.,CERRADO,1
TK-00522,2025-12-13,2025-12-19,Calidad,Sin clasificar,MEDIA,Formulario web,usuario041@lafortuna.com.co,Los usuarios reportan lentitud generalizada,,Escalado,0
TK-01928,2026-06-11,,Calidad,Sin clasificar,alta,Formulario web,usuario010@lafortuna.com.co,Necesito material del curso de la semana pasada,,reabierto,2
TK-01239,2025-07-30,2025-09-06,Aplicaciones,Sin clasificar,Critica,Correo,usuario009@lafortuna.com.co,Pendiente por definir,El caso fue reportado por teléfono y se registra para trazabilidad.,CERRADO,0
TK-01047,2026-05-29,2026-06-18,Aplicaciones,Software,CRITICA,formulario,usuario134@lafortuna.com.co,La versión instalada no coincide con la del área,Se solicita atención prioritaria porque afecta la operación del área y el cierre del periodo.,en proceso,0
TK-01859,2026-02-12,,Infraestructura,Sin clasificar,Critica,Correo,usuario076@lafortuna.com.co,Aparece un mensaje de sesión expirada cada cinco minutos,El caso fue reportado por teléfono y se registra para trazabilidad.,Abierto,0
TK-01464,2026-05-01,,Contabilidad,Red,MEDIA,Correo,usuario150@lafortuna.com.co,Muy lenta la conexión en la bodega,El solicitante indica que la novedad se presenta de forma intermitente desde hace tres días.,abierto,0
TK-00197,2025-02-26,2025-03-21,Aplicaciones,Red,CRITICA,Correo,usuario036@lafortuna.com.co,La VPN se desconecta cada media hora,El usuario reporta la novedad desde el inicio de la jornada y requiere solución para continuar con su labor.,Cerrado,0
TK-00807,2026-06-05,,Calidad,Viáticos,Critica,Formulario web,usuario104@lafortuna.com.co,Necesito anticipo para comisión,El solicitante indica que la novedad se presenta de forma intermitente desde hace tres días.,en proceso,0
TK-00549,2025-01-13,2025-02-14,Talento Humano,Accesos,1-Alta,Correo,usuario076@lafortuna.com.co,Me retiraron el acceso y aún trabajo en el proceso,El caso fue reportado por teléfono y se registra para trazabilidad.,cerrado,0
TK-01330,2025-12-15,,Aplicaciones,Red,alta,Formulario web,usuario072@lafortuna.com.co,No carga el sistema desde la sede sur,Requerimiento remitido por la jefatura del área para gestión.,Abierto,0
TK-01094,2025-08-11,,Talento Humano,Sin clasificar,Baja,formulario,usuario146@lafortuna.com.co,Requerimiento del área,El usuario reporta la novedad desde el inicio de la jornada y requiere solución para continuar con su labor.,Abierto,0
TK-01739,2026-04-03,,Contabilidad,Nómina,alta,correo,usuario031@lafortuna.com.co,Solicito certificado laboral con salario,Se adjunta captura de pantalla del mensaje de error recibido.,Abierto,0
TK-01408,2025-02-05,2025-02-23,Operaciones,Software,Crítica,Correo,usuario092@lafortuna.com.co,Error al guardar el formulario de ingreso,El solicitante indica que la novedad se presenta de forma intermitente desde hace tres días.,CERRADO,0
TK-01206,2026-02-05,,Compras,Accesos,Baja,formulario,usuario026@lafortuna.com.co,Necesito acceso a la carpeta compartida de mi área,El solicitante indica que la novedad se presenta de forma intermitente desde hace tres días.,Escalado,0
TK-01603,2025-09-08,,Talento Humano,Red,Baja,Correo,usuario153@lafortuna.com.co,Sin internet en el segundo piso,El usuario reporta la novedad desde el inicio de la jornada y requiere solución para continuar con su labor.,Abierto,0
TK-00309,2025-10-10,2025-11-16,Comercial,Sin clasificar,Alta,Teléfono,usuario152@lafortuna.com.co,Solicitud varias,El solicitante indica que la novedad se presenta de forma intermitente desde hace tres días.,CERRADO,0
TK-00288,2025-08-03,,Infraestructura,Vacaciones,3-Baja,Correo,usuario043@lafortuna.com.co,Cuántos días tengo acumulados,El caso fue reportado por teléfono y se registra para trazabilidad.,REABIERTO,3
TK-00841,2026-04-08,,Compras,Vacaciones,Crítica,formulario,usuario110@lafortuna.com.co,Cuántos días tengo acumulados,El usuario reporta la novedad desde el inicio de la jornada y requiere solución para continuar con su labor.,Escalado,0
TK-01066,2026-01-16,2026-02-26,Calidad,Accesos,Critica,Teléfono,usuario133@lafortuna.com.co,No puedo entrar al sistema Centrica,El solicitante indica que la novedad se presenta de forma intermitente desde hace tres días.,Cerrado,0
TK-01687,2026-05-16,,Calidad,Software,Baja,Formulario web,usuario164@lafortuna.com.co,Aparece un mensaje de sesión expirada cada cinco minutos,Se solicita atención prioritaria porque afecta la operación del área y el cierre del periodo.,en proceso,0
TK-00618,2026-01-09,2026-01-31,Calidad,Nómina,alta,correo,usuario178@lafortuna.com.co,Error en el descuento de la quincena,El caso fue reportado por teléfono y se registra para trazabilidad.,Cerrado,0
TK-00684,2026-05-21,2026-06-23,Talento Humano,Sin clasificar,2-Media,correo,usuario022@lafortuna.com.co,Pendiente por definir,Se solicita atención prioritaria porque afecta la operación del área y el cierre del periodo.,reabierto,1
TK-00654,2026-01-01,2026-02-03,Calidad,Red,MEDIA,correo,usuario044@lafortuna.com.co,No carga el sistema desde la sede sur,El caso fue reportado por teléfono y se registra para trazabilidad.,Cerrado,0
TK-00305,2025-02-04,,Contabilidad,Viáticos,baja,Mesa de ayuda,usuario065@lafortuna.com.co,Cuál es el monto autorizado para hospedaje,El solicitante indica que la novedad se presenta de forma intermitente desde hace tres días.,en proceso,0
TK-00874,2025-11-22,2025-11-22,Contabilidad,Hardware,Critica,correo,usuario122@lafortuna.com.co,Solicito reposición de diadema dañada,Se adjunta captura de pantalla del mensaje de error recibido.,CERRADO,0
TK-00996,2026-01-09,2026-02-09,Compras,Compras,Media,Teléfono,usuario132@lafortuna.com.co,El proveedor no ha entregado lo solicitado,,cerrado,0
TK-01457,2026-06-08,,Comercial,Sin clasificar,Baja,correo,usuario150@lafortuna.com.co,Error al guardar el formulario de ingreso,Se solicita atención prioritaria porque afecta la operación del área y el cierre del periodo.,Reabierto,1
TK-01553,2025-01-21,,Aplicaciones,Accesos,Critica,correo,usuario127@lafortuna.com.co,Solicito permiso al módulo de cartera,El solicitante indica que la novedad se presenta de forma intermitente desde hace tres días.,abierto,0
TK-01012,2026-05-19,2026-06-29,Comercial,Hardware,baja,Mesa de ayuda,usuario051@lafortuna.com.co,El teclado dejó de responder,Requerimiento remitido por la jefatura del área para gestión.,cerrado,0
TK-01416,2026-06-02,2026-06-24,Compras,Sin clasificar,ALTA,Telefono,usuario171@lafortuna.com.co,Caída total del sistema en la sede principal,,cerrado,0
TK-00463,2026-04-30,,Calidad,Sin clasificar,CRITICA,Teléfono,usuario025@lafortuna.com.co,Solicito capacitación en el módulo nuevo,Se solicita atención prioritaria porque afecta la operación del área y el cierre del periodo.,reabierto,0
TK-01784,2026-05-10,,Contabilidad,Sin clasificar,1-Alta,Correo,usuario095@lafortuna.com.co,Solicito exportar el listado a Excel,El solicitante indica que la novedad se presenta de forma intermitente desde hace tres días.,Escalado,0
TK-01893,2025-11-12,,Infraestructura,Sin clasificar,2-Media,Formulario web,usuario165@lafortuna.com.co,Necesito material del curso de la semana pasada,El solicitante indica que la novedad se presenta de forma intermitente desde hace tres días.,En proceso,0
TK-01867,2025-08-29,,Infraestructura,Red,media,correo,usuario010@lafortuna.com.co,No carga el sistema desde la sede sur,,en proceso,0
TK-01158,2025-06-09,2025-07-11,Aplicaciones,Sin clasificar,Crítica,Mesa de ayuda,usuario162@lafortuna.com.co,Caída total del sistema en la sede principal,Se adjunta captura de pantalla del mensaje de error recibido.,CERRADO,0
TK-00954,2026-03-06,,Comercial,Sin clasificar,ALTA,Teléfono,usuario043@lafortuna.com.co,Solicito permiso al módulo de cartera,El caso fue reportado por teléfono y se registra para trazabilidad.,Abierto,0
TK-00675,2026-05-11,,Comercial,Red,Alta,Mesa de ayuda,usuario101@lafortuna.com.co,Muy lenta la conexión en la bodega,Se solicita atención prioritaria porque afecta la operación del área y el cierre del periodo.,abierto,0
TK-00141,2026-06-21,,Calidad,Incidente,Critica,Mesa de ayuda,usuario155@lafortuna.com.co,Pérdida de información en el módulo de inventario,Se solicita atención prioritaria porque afecta la operación del área y el cierre del periodo.,abierto,0
TK-00713,2026-01-12,,Calidad,Nómina,3-Baja,Teléfono,usuario015@lafortuna.com.co,Solicito certificado laboral con salario,El solicitante indica que la novedad se presenta de forma intermitente desde hace tres días.,Abierto,0
TK-01090,2026-04-28,2026-06-09,Contabilidad,Nómina,MEDIA,Mesa de ayuda,usuario080@lafortuna.com.co,Error en el descuento de la quincena,El caso fue reportado por teléfono y se registra para trazabilidad.,cerrado,0
TK-01805,2026-05-09,,Contabilidad,Sin clasificar,Alta,Teléfono,usuario109@lafortuna.com.co,Necesito material del curso de la semana pasada,El usuario reporta la novedad desde el inicio de la jornada y requiere solución para continuar con su labor.,Escalado,0
TK-01920,2025-04-27,,Contabilidad,Sin clasificar,1-Alta,correo,usuario023@lafortuna.com.co,El portátil no enciende desde ayer,Se solicita atención prioritaria porque afecta la operación del área y el cierre del periodo.,Reabierto,1
TK-01154,2025-02-26,2025-02-26,Operaciones,Sin clasificar,alta,formulario,usuario098@lafortuna.com.co,El informe muestra cifras distintas al sistema,Se solicita atención prioritaria porque afecta la operación del área y el cierre del periodo.,Cerrado,0
TK-01820,2025-04-22,2025-05-29,Contabilidad,Accesos,Alta,correo,usuario115@lafortuna.com.co,Necesito acceso a la carpeta compartida de mi área,El solicitante indica que la novedad se presenta de forma intermitente desde hace tres días.,Cerrado,0
TK-00767,2026-05-07,,Calidad,Nómina,1-Alta,Correo,usuario024@lafortuna.com.co,Solicito certificado laboral con salario,Requerimiento remitido por la jefatura del área para gestión.,En proceso,0
TK-00092,2025-12-08,,Aplicaciones,Vacaciones,baja,Mesa de ayuda,usuario109@lafortuna.com.co,Puedo dividir mis vacaciones en dos periodos,Se adjunta captura de pantalla del mensaje de error recibido.,Escalado,0
TK-00999,2025-11-14,,Calidad,Sin clasificar,Baja,Formulario web,usuario151@lafortuna.com.co,Consulta general,El solicitante indica que la novedad se presenta de forma intermitente desde hace tres días.,en proceso,0
TK-00823,2025-02-12,,Talento Humano,Hardware,ALTA,Formulario web,usuario115@lafortuna.com.co,El teclado dejó de responder,El solicitante indica que la novedad se presenta de forma intermitente desde hace tres días.,En proceso,0
TK-01777,2025-05-11,,Calidad,Viáticos,2-Media,correo,usuario035@lafortuna.com.co,Cuál es el monto autorizado para hospedaje,Requerimiento remitido por la jefatura del área para gestión.,abierto,0
TK-00284,2025-08-26,2025-09-28,Comercial,Sin clasificar,Baja,correo,usuario163@lafortuna.com.co,Necesito material del curso de la semana pasada,El caso fue reportado por teléfono y se registra para trazabilidad.,en proceso,0
TK-00079,2025-10-29,2025-11-15,Aplicaciones,Software,Media,formulario,usuario024@lafortuna.com.co,Aparece un mensaje de sesión expirada cada cinco minutos,El usuario reporta la novedad desde el inicio de la jornada y requiere solución para continuar con su labor.,Cerrado,0
TK-01549,2026-04-16,,Contabilidad,Software,3-Baja,correo,usuario150@lafortuna.com.co,Error al guardar el formulario de ingreso,El caso fue reportado por teléfono y se registra para trazabilidad.,abierto,0
TK-01013,2026-01-17,,Infraestructura,Sin clasificar,Media,Mesa de ayuda,usuario149@lafortuna.com.co,Aparece un mensaje de sesión expirada cada cinco minutos,Requerimiento remitido por la jefatura del área para gestión.,abierto,0
TK-00294,2026-01-05,2026-01-16,Calidad,Hardware,baja,correo,usuario125@lafortuna.com.co,El portátil no enciende desde ayer,Se solicita atención prioritaria porque afecta la operación del área y el cierre del periodo.,REABIERTO,2
TK-01529,2025-02-11,2025-03-02,Calidad,Accesos,CRITICA,Telefono,usuario056@lafortuna.com.co,No puedo entrar al sistema Centrica,,CERRADO,0
TK-00267,2025-05-14,2025-06-17,Compras,Red,3-Baja,Formulario web,usuario041@lafortuna.com.co,La VPN se desconecta cada media hora,El solicitante indica que la novedad se presenta de forma intermitente desde hace tres días.,cerrado,0
TK-01292,2025-11-08,,Aplicaciones,Compras,MEDIA,Teléfono,usuario069@lafortuna.com.co,Estado de la orden de compra 4471,Se adjunta captura de pantalla del mensaje de error recibido.,Reabierto,2
TK-00790,2026-04-28,2026-05-01,Compras,Sin clasificar,Alta,Telefono,usuario024@lafortuna.com.co,Pendiente por definir,,Reabierto,1
TK-01698,2025-07-03,2025-07-21,Compras,Nómina,MEDIA,correo,usuario028@lafortuna.com.co,Error en el descuento de la quincena,Se solicita atención prioritaria porque afecta la operación del área y el cierre del periodo.,CERRADO,0
TK-00656,2026-05-06,,Compras,Software,Media,Telefono,usuario137@lafortuna.com.co,Aparece un mensaje de sesión expirada cada cinco minutos,El caso fue reportado por teléfono y se registra para trazabilidad.,reabierto,3
TK-01833,2025-07-15,,Aplicaciones,Incidente,ALTA,Formulario web,usuario065@lafortuna.com.co,Caída total del sistema en la sede principal,Se solicita atención prioritaria porque afecta la operación del área y el cierre del periodo.,En proceso,0
TK-00249,2025-09-19,,Infraestructura,Sin clasificar,Critica,Teléfono,usuario130@lafortuna.com.co,El reporte no incluye la sede nueva,El solicitante indica que la novedad se presenta de forma intermitente desde hace tres días.,Escalado,0
TK-00336,2025-08-25,,Compras,Incidente,Baja,Teléfono,usuario120@lafortuna.com.co,Caída total del sistema en la sede principal,Se adjunta captura de pantalla del mensaje de error recibido.,abierto,0
TK-01634,2026-03-21,,Infraestructura,Red,ALTA,correo,usuario036@lafortuna.com.co,La VPN se desconecta cada media hora,El solicitante indica que la novedad se presenta de forma intermitente desde hace tres días.,en proceso,0
TK-01300,2026-03-23,2026-04-14,Comercial,Software,1-Alta,Telefono,usuario042@lafortuna.com.co,Necesito que instalen el visor de planos,Requerimiento remitido por la jefatura del área para gestión.,CERRADO,0
TK-01440,2025-04-01,,Talento Humano,Sin clasificar,baja,formulario,usuario171@lafortuna.com.co,Estado de la orden de compra 4471,Requerimiento remitido por la jefatura del área para gestión.,Abierto,0
TK-01537,2025-02-01,2025-03-12,Talento Humano,Sin clasificar,Media,Mesa de ayuda,usuario046@lafortuna.com.co,Se cayó el servicio de facturación,Requerimiento remitido por la jefatura del área para gestión.,CERRADO,0
TK-00672,2025-09-14,,Compras,Vacaciones,media,Mesa de ayuda,usuario150@lafortuna.com.co,Con cuánta anticipación debo solicitar vacaciones,El usuario reporta la novedad desde el inicio de la jornada y requiere solución para continuar con su labor.,REABIERTO,1
TK-00354,2025-08-28,,Infraestructura,Sin clasificar,Critica,Mesa de ayuda,usuario054@lafortuna.com.co,Estado de la orden de compra 4471,El usuario reporta la novedad desde el inicio de la jornada y requiere solución para continuar con su labor.,REABIERTO,3
TK-01049,2025-03-10,2025-03-22,Comercial,Accesos,media,Correo,usuario158@lafortuna.com.co,No puedo entrar al sistema Centrica,El usuario reporta la novedad desde el inicio de la jornada y requiere solución para continuar con su labor.,Cerrado,0
TK-00480,2026-01-13,,Operaciones,Incidente,2-Media,Correo,usuario128@lafortuna.com.co,Los usuarios reportan lentitud generalizada,El usuario reporta la novedad desde el inicio de la jornada y requiere solución para continuar con su labor.,REABIERTO,3
TK-01697,2026-05-21,2026-06-04,Compras,Sin clasificar,media,Correo,usuario159@lafortuna.com.co,Necesito un monitor adicional para el puesto,El solicitante indica que la novedad se presenta de forma intermitente desde hace tres días.,CERRADO,0
TK-00661,2025-08-26,,Compras,Sin clasificar,Baja,formulario,usuario045@lafortuna.com.co,El portátil no enciende desde ayer,Requerimiento remitido por la jefatura del área para gestión.,En proceso,0
TK-00127,2025-07-20,2025-08-02,Comercial,Sin clasificar,2-Media,correo,usuario178@lafortuna.com.co,La impresora de la sede norte imprime rayada,El solicitante indica que la novedad se presenta de forma intermitente desde hace tres días.,En proceso,0
TK-00730,2026-03-03,2026-03-27,Calidad,Nómina,2-Media,Mesa de ayuda,usuario137@lafortuna.com.co,Error en el descuento de la quincena,Se adjunta captura de pantalla del mensaje de error recibido.,Cerrado,0
TK-01178,2025-08-15,2025-09-26,Infraestructura,Red,MEDIA,correo,usuario068@lafortuna.com.co,No carga el sistema desde la sede sur,Se solicita atención prioritaria porque afecta la operación del área y el cierre del periodo.,en proceso,0
TK-01780,2026-01-28,,Compras,Accesos,Baja,formulario,usuario073@lafortuna.com.co,Necesito acceso a la carpeta compartida de mi área,Se solicita atención prioritaria porque afecta la operación del área y el cierre del periodo.,Escalado,0
TK-01113,2025-01-06,2025-01-17,Contabilidad,Hardware,CRITICA,correo,usuario098@lafortuna.com.co,La impresora de la sede norte imprime rayada,El usuario reporta la novedad desde el inicio de la jornada y requiere solución para continuar con su labor.,En proceso,0
TK-01757,2025-05-19,2025-06-28,Operaciones,Software,2-Media,correo,usuario014@lafortuna.com.co,Necesito que instalen el visor de planos,Se adjunta captura de pantalla del mensaje de error recibido.,CERRADO,0
TK-00579,2025-05-05,,Comercial,Sin clasificar,MEDIA,Mesa de ayuda,usuario075@lafortuna.com.co,Consulta general,El solicitante indica que la novedad se presenta de forma intermitente desde hace tres días.,En proceso,0
TK-01279,2025-07-18,,Comercial,Incidente,Media,formulario,usuario130@lafortuna.com.co,Caída total del sistema en la sede principal,Se solicita atención prioritaria porque afecta la operación del área y el cierre del periodo.,abierto,0
TK-00038,2025-05-17,,Comercial,Sin clasificar,media,Correo,usuario121@lafortuna.com.co,Solicitud varias,,en proceso,0
TK-00746,2025-07-11,,Talento Humano,Vacaciones,MEDIA,correo,usuario178@lafortuna.com.co,Con cuánta anticipación debo solicitar vacaciones,El caso fue reportado por teléfono y se registra para trazabilidad.,abierto,0
TK-00158,2025-07-09,,Comercial,Reportes,1-Alta,Telefono,usuario029@lafortuna.com.co,El informe muestra cifras distintas al sistema,El caso fue reportado por teléfono y se registra para trazabilidad.,abierto,0
TK-00538,2025-07-09,,Calidad,Sin clasificar,CRITICA,Teléfono,usuario127@lafortuna.com.co,Necesito material del curso de la semana pasada,El caso fue reportado por teléfono y se registra para trazabilidad.,Escalado,0
TK-01817,2025-04-25,2025-05-22,Calidad,Accesos,1-Alta,Teléfono,usuario122@lafortuna.com.co,Solicito permiso al módulo de cartera,El solicitante indica que la novedad se presenta de forma intermitente desde hace tres días.,Cerrado,0
TK-00466,2026-05-14,2026-06-06,Calidad,Software,1-Alta,formulario,usuario099@lafortuna.com.co,Necesito que instalen el visor de planos,Se solicita atención prioritaria porque afecta la operación del área y el cierre del periodo.,CERRADO,0
TK-00299,2026-02-13,2026-03-30,Calidad,Sin clasificar,CRITICA,Correo,usuario162@lafortuna.com.co,El proveedor no ha entregado lo solicitado,Se solicita atención prioritaria porque afecta la operación del área y el cierre del periodo.,cerrado,0
TK-01093,2025-08-03,,Comercial,Sin clasificar,MEDIA,Teléfono,usuario037@lafortuna.com.co,Pendiente por definir,Requerimiento remitido por la jefatura del área para gestión.,Abierto,0
TK-01199,2026-02-12,,Comercial,Red,Baja,Mesa de ayuda,usuario096@lafortuna.com.co,La VPN se desconecta cada media hora,El caso fue reportado por teléfono y se registra para trazabilidad.,en proceso,0
TK-01773,2025-05-29,2025-07-11,Infraestructura,Viáticos,1-Alta,Mesa de ayuda,usuario035@lafortuna.com.co,Cuál es el monto autorizado para hospedaje,,Cerrado,0
TK-00239,2025-11-03,2025-11-20,Contabilidad,Sin clasificar,Crítica,Formulario web,usuario130@lafortuna.com.co,La versión instalada no coincide con la del área,El usuario reporta la novedad desde el inicio de la jornada y requiere solución para continuar con su labor.,Reabierto,1
TK-00597,2026-02-06,,Contabilidad,Sin clasificar,Crítica,Telefono,usuario171@lafortuna.com.co,Solicito exportar el listado a Excel,El usuario reporta la novedad desde el inicio de la jornada y requiere solución para continuar con su labor.,reabierto,1
TK-01608,2025-10-08,,Infraestructura,Accesos,ALTA,Telefono,usuario103@lafortuna.com.co,Necesito acceso a la carpeta compartida de mi área,El solicitante indica que la novedad se presenta de forma intermitente desde hace tres días.,Abierto,0
TK-00166,2025-08-19,2025-08-30,Contabilidad,Software,alta,formulario,usuario016@lafortuna.com.co,La versión instalada no coincide con la del área,Requerimiento remitido por la jefatura del área para gestión.,Cerrado,0
TK-00230,2025-12-22,,Talento Humano,Red,Alta,Formulario web,usuario110@lafortuna.com.co,Sin internet en el segundo piso,Se adjunta captura de pantalla del mensaje de error recibido.,REABIERTO,3
TK-01447,2026-05-31,2026-06-09,Comercial,Reportes,Critica,formulario,usuario091@lafortuna.com.co,El reporte no incluye la sede nueva,Requerimiento remitido por la jefatura del área para gestión.,CERRADO,1
TK-00022,2026-06-20,2026-07-31,Contabilidad,Sin clasificar,alta,Teléfono,usuario088@lafortuna.com.co,Necesito un monitor adicional para el puesto,El caso fue reportado por teléfono y se registra para trazabilidad.,Reabierto,3
TK-01021,2025-11-06,2025-11-22,Aplicaciones,Accesos,baja,Formulario web,usuario105@lafortuna.com.co,Se bloqueó mi usuario tras varios intentos,Se solicita atención prioritaria porque afecta la operación del área y el cierre del periodo.,CERRADO,1
TK-00211,2026-05-23,,Comercial,Software,Crítica,Telefono,usuario162@lafortuna.com.co,Error al guardar el formulario de ingreso,Se solicita atención prioritaria porque afecta la operación del área y el cierre del periodo.,reabierto,2
TK-00495,2025-11-02,,Talento Humano,Sin clasificar,2-Media,Telefono,usuario021@lafortuna.com.co,Solicitud varias,Requerimiento remitido por la jefatura del área para gestión.,REABIERTO,1
TK-01581,2026-01-21,,Operaciones,Sin clasificar,Critica,Teléfono,usuario097@lafortuna.com.co,El teclado dejó de responder,Se adjunta captura de pantalla del mensaje de error recibido.,en proceso,0
TK-01814,2025-08-23,2025-09-01,Compras,Sin clasificar,Crítica,correo,usuario105@lafortuna.com.co,La aplicación se cierra al generar el informe,Se adjunta captura de pantalla del mensaje de error recibido.,reabierto,1
TK-00884,2025-08-03,,Compras,Vacaciones,1-Alta,formulario,usuario172@lafortuna.com.co,Cuántos días tengo acumulados,El caso fue reportado por teléfono y se registra para trazabilidad.,en proceso,0
TK-01593,2025-02-18,,Compras,Hardware,ALTA,Correo,usuario062@lafortuna.com.co,Solicito reposición de diadema dañada,Se solicita atención prioritaria porque afecta la operación del área y el cierre del periodo.,Abierto,0
TK-01776,2025-12-14,2026-01-23,Aplicaciones,Hardware,Alta,Correo,usuario013@lafortuna.com.co,La impresora de la sede norte imprime rayada,,CERRADO,0
TK-01083,2025-06-27,,Infraestructura,Red,1-Alta,Mesa de ayuda,usuario171@lafortuna.com.co,Muy lenta la conexión en la bodega,Se solicita atención prioritaria porque afecta la operación del área y el cierre del periodo.,abierto,0
TK-00669,2025-07-05,2025-07-26,Compras,Vacaciones,3-Baja,Correo,usuario104@lafortuna.com.co,Me negaron las vacaciones solicitadas,El usuario reporta la novedad desde el inicio de la jornada y requiere solución para continuar con su labor.,CERRADO,0
TK-01201,2025-08-12,,Contabilidad,Accesos,Baja,Formulario web,usuario034@lafortuna.com.co,Se bloqueó mi usuario tras varios intentos,Se solicita atención prioritaria porque afecta la operación del área y el cierre del periodo.,abierto,0
TK-00824,2025-02-28,,Compras,Hardware,alta,correo,usuario174@lafortuna.com.co,Necesito un monitor adicional para el puesto,Se adjunta captura de pantalla del mensaje de error recibido.,Reabierto,0
TK-01134,2026-06-12,2026-07-04,Aplicaciones,Incidente,CRITICA,correo,usuario004@lafortuna.com.co,Pérdida de información en el módulo de inventario,,En proceso,0
TK-01932,2026-03-17,,Operaciones,Sin clasificar,3-Baja,Telefono,usuario034@lafortuna.com.co,Necesito acceso a la carpeta compartida de mi área,El caso fue reportado por teléfono y se registra para trazabilidad.,Reabierto,1
TK-01927,2025-06-19,2025-07-04,Calidad,Software,baja,Formulario web,usuario097@lafortuna.com.co,Necesito que instalen el visor de planos,El usuario reporta la novedad desde el inicio de la jornada y requiere solución para continuar con su labor.,Cerrado,1
TK-01544,2026-06-23,,Contabilidad,Reportes,Alta,Mesa de ayuda,usuario038@lafortuna.com.co,Solicito exportar el listado a Excel,,Reabierto,3
TK-01825,2025-05-24,2025-06-26,Compras,Sin clasificar,MEDIA,formulario,usuario010@lafortuna.com.co,Solicitud varias,El solicitante indica que la novedad se presenta de forma intermitente desde hace tres días.,cerrado,0
TK-01748,2025-09-08,,Aplicaciones,Accesos,Crítica,correo,usuario122@lafortuna.com.co,Me retiraron el acceso y aún trabajo en el proceso,Se solicita atención prioritaria porque afecta la operación del área y el cierre del periodo.,Abierto,0
TK-00925,2026-01-24,,Calidad,Red,Alta,Formulario web,usuario028@lafortuna.com.co,No carga el sistema desde la sede sur,El usuario reporta la novedad desde el inicio de la jornada y requiere solución para continuar con su labor.,en proceso,0
TK-01584,2026-02-12,,Contabilidad,Hardware,Alta,Telefono,usuario066@lafortuna.com.co,Solicito reposición de diadema dañada,,En proceso,0
TK-00436,2025-11-06,,Comercial,Vacaciones,Crítica,formulario,usuario107@lafortuna.com.co,Con cuánta anticipación debo solicitar vacaciones,El usuario reporta la novedad desde el inicio de la jornada y requiere solución para continuar con su labor.,abierto,0
TK-00805,2025-05-12,2025-06-11,Aplicaciones,Red,MEDIA,Telefono,usuario094@lafortuna.com.co,Sin internet en el segundo piso,El caso fue reportado por teléfono y se registra para trazabilidad.,CERRADO,0
TK-00235,2026-03-09,,Calidad,Sin clasificar,Critica,correo,usuario104@lafortuna.com.co,El reporte no incluye la sede nueva,Requerimiento remitido por la jefatura del área para gestión.,abierto,0
TK-00446,2025-11-26,,Infraestructura,Software,Crítica,correo,usuario061@lafortuna.com.co,Error al guardar el formulario de ingreso,Se adjunta captura de pantalla del mensaje de error recibido.,Reabierto,3
TK-01923,2025-11-30,,Infraestructura,Red,Media,Formulario web,usuario002@lafortuna.com.co,Sin internet en el segundo piso,,Abierto,0
TK-00179,2025-12-26,2026-01-29,Infraestructura,Sin clasificar,1-Alta,Formulario web,usuario097@lafortuna.com.co,Solicito capacitación en el módulo nuevo,El usuario reporta la novedad desde el inicio de la jornada y requiere solución para continuar con su labor.,Cerrado,0
TK-01136,2025-10-27,2025-11-22,Compras,Compras,Alta,Teléfono,usuario060@lafortuna.com.co,Estado de la orden de compra 4471,Se adjunta captura de pantalla del mensaje de error recibido.,Cerrado,0
TK-01313,2025-06-11,2025-07-17,Operaciones,Accesos,2-Media,correo,usuario161@lafortuna.com.co,Se bloqueó mi usuario tras varios intentos,El usuario reporta la novedad desde el inicio de la jornada y requiere solución para continuar con su labor.,cerrado,1
TK-01345,2026-02-12,2026-03-19,Operaciones,Nómina,media,correo,usuario010@lafortuna.com.co,Diferencia en el pago de horas extras,Se adjunta captura de pantalla del mensaje de error recibido.,cerrado,0
TK-01711,2025-01-09,2025-01-21,Contabilidad,Hardware,ALTA,correo,usuario033@lafortuna.com.co,El teclado dejó de responder,Se adjunta captura de pantalla del mensaje de error recibido.,En proceso,0
TK-00789,2025-01-26,,Comercial,Incidente,media,Teléfono,usuario143@lafortuna.com.co,Los usuarios reportan lentitud generalizada,El caso fue reportado por teléfono y se registra para trazabilidad.,Escalado,0
TK-01200,2025-09-13,2025-10-04,Compras,Sin clasificar,1-Alta,Correo,usuario042@lafortuna.com.co,La versión instalada no coincide con la del área,Se adjunta captura de pantalla del mensaje de error recibido.,CERRADO,0
TK-01375,2025-01-13,,Contabilidad,Accesos,alta,correo,usuario140@lafortuna.com.co,No puedo entrar al sistema Centrica,Se solicita atención prioritaria porque afecta la operación del área y el cierre del periodo.,en proceso,0
TK-00471,2025-08-21,2025-09-09,Aplicaciones,Accesos,ALTA,Formulario web,usuario035@lafortuna.com.co,Se bloqueó mi usuario tras varios intentos,El caso fue reportado por teléfono y se registra para trazabilidad.,cerrado,0
TK-01734,2025-12-31,,Contabilidad,Red,Baja,Correo,usuario141@lafortuna.com.co,La VPN se desconecta cada media hora,El usuario reporta la novedad desde el inicio de la jornada y requiere solución para continuar con su labor.,Abierto,0
TK-00566,2025-04-05,,Comercial,Incidente,ALTA,Teléfono,usuario084@lafortuna.com.co,Se cayó el servicio de facturación,Se adjunta captura de pantalla del mensaje de error recibido.,Abierto,0
TK-01249,2026-05-09,,Comercial,Red,1-Alta,Mesa de ayuda,usuario114@lafortuna.com.co,Muy lenta la conexión en la bodega,,En proceso,0
TK-00243,2025-05-15,,Compras,Nómina,ALTA,formulario,usuario107@lafortuna.com.co,No me llegó el desprendible de pago,El solicitante indica que la novedad se presenta de forma intermitente desde hace tres días.,en proceso,0
TK-01221,2026-02-27,,Contabilidad,Sin clasificar,2-Media,Mesa de ayuda,usuario140@lafortuna.com.co,Cómo registro un proveedor nuevo,Se adjunta captura de pantalla del mensaje de error recibido.,en proceso,0
TK-00903,2026-03-28,,Infraestructura,Nómina,Alta,correo,usuario048@lafortuna.com.co,Diferencia en el pago de horas extras,El solicitante indica que la novedad se presenta de forma intermitente desde hace tres días.,Abierto,0
TK-00816,2026-05-06,2026-06-12,Compras,Software,alta,Formulario web,usuario134@lafortuna.com.co,Aparece un mensaje de sesión expirada cada cinco minutos,El usuario reporta la novedad desde el inicio de la jornada y requiere solución para continuar con su labor.,cerrado,1
TK-00876,2025-02-13,,Contabilidad,Sin clasificar,CRITICA,Mesa de ayuda,usuario013@lafortuna.com.co,Pendiente por definir,Se adjunta captura de pantalla del mensaje de error recibido.,abierto,0
TK-01946,2025-06-09,2025-06-20,Aplicaciones,Software,alta,correo,usuario171@lafortuna.com.co,Necesito que instalen el visor de planos,,reabierto,1
TK-01699,2026-04-08,2026-04-13,Calidad,Sin clasificar,CRITICA,Mesa de ayuda,usuario153@lafortuna.com.co,Necesito que instalen el visor de planos,El caso fue reportado por teléfono y se registra para trazabilidad.,cerrado,0
TK-01653,2025-10-04,,Operaciones,Software,3-Baja,Telefono,usuario172@lafortuna.com.co,Necesito que instalen el visor de planos,El usuario reporta la novedad desde el inicio de la jornada y requiere solución para continuar con su labor.,Abierto,0
TK-01350,2025-06-21,2025-07-04,Operaciones,Vacaciones,Alta,Formulario web,usuario046@lafortuna.com.co,Me negaron las vacaciones solicitadas,Se solicita atención prioritaria porque afecta la operación del área y el cierre del periodo.,cerrado,0
TK-00424,2026-05-05,,Aplicaciones,Accesos,ALTA,correo,usuario120@lafortuna.com.co,Me retiraron el acceso y aún trabajo en el proceso,El usuario reporta la novedad desde el inicio de la jornada y requiere solución para continuar con su labor.,Abierto,0
TK-01439,2025-04-17,,Contabilidad,Red,Media,Mesa de ayuda,usuario048@lafortuna.com.co,No carga el sistema desde la sede sur,Se solicita atención prioritaria porque afecta la operación del área y el cierre del periodo.,Abierto,0
TK-00376,2026-04-04,,Compras,Compras,2-Media,Formulario web,usuario037@lafortuna.com.co,Estado de la orden de compra 4471,,Escalado,0
TK-00058,2025-11-21,,Calidad,Sin clasificar,alta,Correo,usuario167@lafortuna.com.co,Caída total del sistema en la sede principal,Se solicita atención prioritaria porque afecta la operación del área y el cierre del periodo.,Escalado,0
TK-01573,2026-03-13,2026-04-09,Contabilidad,Sin clasificar,Alta,Teléfono,usuario088@lafortuna.com.co,Cuándo es la próxima inducción,Se adjunta captura de pantalla del mensaje de error recibido.,cerrado,0
TK-00002,2025-12-10,2026-01-10,Compras,Viáticos,baja,Mesa de ayuda,usuario097@lafortuna.com.co,Cómo legalizo los viáticos del viaje a la costa,El solicitante indica que la novedad se presenta de forma intermitente desde hace tres días.,CERRADO,0
TK-00292,2026-01-25,,Operaciones,Hardware,Media,Correo,usuario030@lafortuna.com.co,Necesito un monitor adicional para el puesto,El caso fue reportado por teléfono y se registra para trazabilidad.,Escalado,0
TK-01144,2025-07-20,2025-08-23,Comercial,Sin clasificar,ALTA,Mesa de ayuda,usuario079@lafortuna.com.co,Requerimiento del área,Se adjunta captura de pantalla del mensaje de error recibido.,Reabierto,1
TK-00171,2026-03-31,2026-04-24,Comercial,Software,Baja,Formulario web,usuario063@lafortuna.com.co,La aplicación se cierra al generar el informe,El caso fue reportado por teléfono y se registra para trazabilidad.,cerrado,0
TK-01726,2025-04-14,2025-05-02,Infraestructura,Sin clasificar,Critica,correo,usuario107@lafortuna.com.co,Necesito material del curso de la semana pasada,El caso fue reportado por teléfono y se registra para trazabilidad.,Cerrado,0
TK-00769,2025-09-26,,Comercial,Software,1-Alta,Telefono,usuario040@lafortuna.com.co,La versión instalada no coincide con la del área,El usuario reporta la novedad desde el inicio de la jornada y requiere solución para continuar con su labor.,Escalado,0
TK-00914,2026-05-07,2026-05-22,Aplicaciones,Compras,2-Media,Correo,usuario032@lafortuna.com.co,Necesito cotización para equipos de la bodega,El solicitante indica que la novedad se presenta de forma intermitente desde hace tres días.,Escalado,0
TK-01029,2026-06-07,2026-06-30,Aplicaciones,Red,MEDIA,Formulario web,usuario037@lafortuna.com.co,No carga el sistema desde la sede sur,Se adjunta captura de pantalla del mensaje de error recibido.,CERRADO,0
TK-01746,2026-02-21,,Talento Humano,Viáticos,baja,Telefono,usuario099@lafortuna.com.co,No me han reembolsado los gastos del mes pasado,El usuario reporta la novedad desde el inicio de la jornada y requiere solución para continuar con su labor.,abierto,0
TK-01588,2025-02-13,,Comercial,Incidente,ALTA,Correo,usuario137@lafortuna.com.co,Se cayó el servicio de facturación,El solicitante indica que la novedad se presenta de forma intermitente desde hace tres días.,Reabierto,2
TK-01185,2025-09-13,,Talento Humano,Accesos,ALTA,Correo,usuario022@lafortuna.com.co,No puedo entrar al sistema Centrica,Requerimiento remitido por la jefatura del área para gestión.,REABIERTO,3
TK-01477,2025-12-19,2026-01-07,Contabilidad,Sin clasificar,media,Telefono,usuario152@lafortuna.com.co,Aparece un mensaje de sesión expirada cada cinco minutos,El usuario reporta la novedad desde el inicio de la jornada y requiere solución para continuar con su labor.,CERRADO,0
TK-01707,2026-05-23,,Aplicaciones,Sin clasificar,baja,Teléfono,usuario089@lafortuna.com.co,La versión instalada no coincide con la del área,Se adjunta captura de pantalla del mensaje de error recibido.,En proceso,0
TK-00037,2025-07-09,,Aplicaciones,Accesos,media,Telefono,usuario006@lafortuna.com.co,Necesito acceso a la carpeta compartida de mi área,El usuario reporta la novedad desde el inicio de la jornada y requiere solución para continuar con su labor.,Escalado,0
TK-01045,2025-03-26,,Infraestructura,Red,3-Baja,correo,usuario139@lafortuna.com.co,Muy lenta la conexión en la bodega,Requerimiento remitido por la jefatura del área para gestión.,reabierto,0
TK-00241,2026-03-16,,Comercial,Sin clasificar,Baja,Teléfono,usuario129@lafortuna.com.co,La aplicación se cierra al generar el informe,Se solicita atención prioritaria porque afecta la operación del área y el cierre del periodo.,Abierto,0
TK-00272,2025-05-25,,Operaciones,Red,Baja,correo,usuario168@lafortuna.com.co,Sin internet en el segundo piso,Requerimiento remitido por la jefatura del área para gestión.,abierto,0
TK-00924,2025-04-05,,Calidad,Sin clasificar,Media,formulario,usuario160@lafortuna.com.co,Aparece un mensaje de sesión expirada cada cinco minutos,Se adjunta captura de pantalla del mensaje de error recibido.,abierto,0
TK-01525,2026-06-11,,Calidad,Sin clasificar,Alta,Formulario web,usuario012@lafortuna.com.co,El reporte no incluye la sede nueva,,En proceso,0
TK-00464,2026-03-28,,Operaciones,Viáticos,ALTA,Formulario web,usuario136@lafortuna.com.co,Necesito anticipo para comisión,Requerimiento remitido por la jefatura del área para gestión.,reabierto,2
TK-01363,2025-03-30,2025-04-01,Calidad,Nómina,alta,correo,usuario118@lafortuna.com.co,Diferencia en el pago de horas extras,Se adjunta captura de pantalla del mensaje de error recibido.,cerrado,0
TK-00427,2025-10-05,,Infraestructura,Viáticos,1-Alta,Mesa de ayuda,usuario123@lafortuna.com.co,Necesito anticipo para comisión,,Abierto,0
TK-00397,2025-09-21,,Contabilidad,Sin clasificar,3-Baja,Telefono,usuario069@lafortuna.com.co,Necesito cotización para equipos de la bodega,El usuario reporta la novedad desde el inicio de la jornada y requiere solución para continuar con su labor.,abierto,0
TK-00647,2025-09-17,2025-11-01,Compras,Viáticos,3-Baja,formulario,usuario115@lafortuna.com.co,No me han reembolsado los gastos del mes pasado,Se adjunta captura de pantalla del mensaje de error recibido.,en proceso,0
TK-00873,2025-05-08,,Comercial,Vacaciones,media,correo,usuario008@lafortuna.com.co,Con cuánta anticipación debo solicitar vacaciones,El caso fue reportado por teléfono y se registra para trazabilidad.,REABIERTO,1
TK-01367,2026-06-19,,Aplicaciones,Compras,3-Baja,correo,usuario087@lafortuna.com.co,Cómo registro un proveedor nuevo,Se adjunta captura de pantalla del mensaje de error recibido.,reabierto,1
TK-01337,2025-02-13,2025-03-10,Calidad,Hardware,1-Alta,Formulario web,usuario083@lafortuna.com.co,La impresora de la sede norte imprime rayada,El caso fue reportado por teléfono y se registra para trazabilidad.,Reabierto,1
TK-01686,2025-11-08,,Comercial,Sin clasificar,1-Alta,Correo,usuario074@lafortuna.com.co,Solicito capacitación en el módulo nuevo,El usuario reporta la novedad desde el inicio de la jornada y requiere solución para continuar con su labor.,Reabierto,1
TK-01609,2025-08-07,2025-08-31,Infraestructura,Compras,3-Baja,Telefono,usuario172@lafortuna.com.co,El proveedor no ha entregado lo solicitado,Se adjunta captura de pantalla del mensaje de error recibido.,CERRADO,1
TK-01743,2026-06-02,2026-06-12,Calidad,Accesos,media,Telefono,usuario172@lafortuna.com.co,Se bloqueó mi usuario tras varios intentos,Se adjunta captura de pantalla del mensaje de error recibido.,Cerrado,0
TK-01761,2026-05-28,,Comercial,Vacaciones,Alta,Correo,usuario138@lafortuna.com.co,Puedo dividir mis vacaciones en dos periodos,El usuario reporta la novedad desde el inicio de la jornada y requiere solución para continuar con su labor.,Abierto,0
TK-01762,2026-04-22,2026-06-02,Infraestructura,Red,Media,correo,usuario048@lafortuna.com.co,Sin internet en el segundo piso,El caso fue reportado por teléfono y se registra para trazabilidad.,reabierto,3
TK-00853,2025-02-18,2025-02-28,Aplicaciones,Nómina,Crítica,formulario,usuario088@lafortuna.com.co,Solicito certificado laboral con salario,El usuario reporta la novedad desde el inicio de la jornada y requiere solución para continuar con su labor.,cerrado,0
TK-00337,2026-03-18,,Infraestructura,Sin clasificar,CRITICA,formulario,usuario039@lafortuna.com.co,Necesito material del curso de la semana pasada,Se solicita atención prioritaria porque afecta la operación del área y el cierre del periodo.,Reabierto,2
TK-01578,2026-01-01,,Comercial,Sin clasificar,Media,Mesa de ayuda,usuario025@lafortuna.com.co,La aplicación se cierra al generar el informe,,En proceso,0
TK-01058,2026-06-25,2026-07-26,Infraestructura,Sin clasificar,Baja,Telefono,usuario050@lafortuna.com.co,Necesito un monitor adicional para el puesto,El usuario reporta la novedad desde el inicio de la jornada y requiere solución para continuar con su labor.,cerrado,1
TK-01469,2026-03-22,,Calidad,Software,MEDIA,correo,usuario099@lafortuna.com.co,Aparece un mensaje de sesión expirada cada cinco minutos,Se adjunta captura de pantalla del mensaje de error recibido.,en proceso,0
TK-01223,2025-10-19,,Aplicaciones,Compras,MEDIA,Formulario web,usuario114@lafortuna.com.co,Necesito cotización para equipos de la bodega,El usuario reporta la novedad desde el inicio de la jornada y requiere solución para continuar con su labor.,abierto,0
TK-01565,2025-06-01,,Talento Humano,Sin clasificar,baja,Mesa de ayuda,usuario096@lafortuna.com.co,El proveedor no ha entregado lo solicitado,Se solicita atención prioritaria porque afecta la operación del área y el cierre del periodo.,Abierto,0
TK-01400,2026-03-01,2026-03-15,Comercial,Sin clasificar,Critica,Telefono,usuario026@lafortuna.com.co,Solicito capacitación en el módulo nuevo,Requerimiento remitido por la jefatura del área para gestión.,reabierto,3
TK-01062,2025-08-12,,Operaciones,Hardware,1-Alta,formulario,usuario006@lafortuna.com.co,El teclado dejó de responder,El usuario reporta la novedad desde el inicio de la jornada y requiere solución para continuar con su labor.,REABIERTO,0
TK-00303,2026-02-22,,Aplicaciones,Incidente,3-Baja,Telefono,usuario159@lafortuna.com.co,Los usuarios reportan lentitud generalizada,El solicitante indica que la novedad se presenta de forma intermitente desde hace tres días.,Reabierto,2
TK-00592,2026-01-17,,Infraestructura,Software,media,correo,usuario095@lafortuna.com.co,La aplicación se cierra al generar el informe,El usuario reporta la novedad desde el inicio de la jornada y requiere solución para continuar con su labor.,REABIERTO,1
TK-00950,2025-10-13,,Operaciones,Viáticos,2-Media,correo,usuario135@lafortuna.com.co,Necesito anticipo para comisión,El caso fue reportado por teléfono y se registra para trazabilidad.,abierto,0
TK-00468,2025-11-06,,Calidad,Nómina,MEDIA,formulario,usuario101@lafortuna.com.co,Solicito certificado laboral con salario,El caso fue reportado por teléfono y se registra para trazabilidad.,En proceso,0
TK-00794,2026-03-13,,Infraestructura,Accesos,1-Alta,Correo,usuario045@lafortuna.com.co,Se bloqueó mi usuario tras varios intentos,El usuario reporta la novedad desde el inicio de la jornada y requiere solución para continuar con su labor.,abierto,0
TK-01175,2025-12-17,2025-12-30,Compras,Hardware,CRITICA,correo,usuario099@lafortuna.com.co,Necesito un monitor adicional para el puesto,El solicitante indica que la novedad se presenta de forma intermitente desde hace tres días.,Cerrado,0
TK-00890,2025-11-03,,Aplicaciones,Accesos,Critica,Teléfono,usuario084@lafortuna.com.co,Me retiraron el acceso y aún trabajo en el proceso,El caso fue reportado por teléfono y se registra para trazabilidad.,En proceso,0
TK-00588,2026-01-30,2026-02-20,Talento Humano,Red,Critica,Teléfono,usuario013@lafortuna.com.co,La VPN se desconecta cada media hora,Se solicita atención prioritaria porque afecta la operación del área y el cierre del periodo.,REABIERTO,3
TK-01015,2026-04-22,2026-05-13,Calidad,Nómina,Crítica,Correo,usuario008@lafortuna.com.co,Solicito certificado laboral con salario,Se solicita atención prioritaria porque afecta la operación del área y el cierre del periodo.,Cerrado,0
TK-01770,2025-12-26,,Calidad,Accesos,CRITICA,Teléfono,usuario126@lafortuna.com.co,Necesito acceso a la carpeta compartida de mi área,Requerimiento remitido por la jefatura del área para gestión.,REABIERTO,2
TK-01569,2025-01-22,2025-02-08,Compras,Nómina,baja,Teléfono,usuario116@lafortuna.com.co,Error en el descuento de la quincena,,Cerrado,0
TK-00922,2025-11-25,,Infraestructura,Software,2-Media,Telefono,usuario081@lafortuna.com.co,La versión instalada no coincide con la del área,Requerimiento remitido por la jefatura del área para gestión.,Abierto,0
TK-00580,2025-08-23,2025-08-27,Infraestructura,Vacaciones,Critica,Formulario web,usuario020@lafortuna.com.co,Puedo dividir mis vacaciones en dos periodos,El caso fue reportado por teléfono y se registra para trazabilidad.,cerrado,0
TK-01309,2025-10-04,,Contabilidad,Accesos,Crítica,Mesa de ayuda,usuario115@lafortuna.com.co,Necesito acceso a la carpeta compartida de mi área,El usuario reporta la novedad desde el inicio de la jornada y requiere solución para continuar con su labor.,REABIERTO,3
TK-01688,2025-08-05,,Contabilidad,Red,2-Media,formulario,usuario052@lafortuna.com.co,La VPN se desconecta cada media hora,El caso fue reportado por teléfono y se registra para trazabilidad.,Escalado,0
TK-01959,2026-06-26,,Talento Humano,Software,baja,Correo,usuario111@lafortuna.com.co,La versión instalada no coincide con la del área,Se solicita atención prioritaria porque afecta la operación del área y el cierre del periodo.,Reabierto,1
TK-00011,2025-05-04,2025-06-07,Talento Humano,Hardware,MEDIA,correo,usuario048@lafortuna.com.co,Solicito reposición de diadema dañada,Se solicita atención prioritaria porque afecta la operación del área y el cierre del periodo.,CERRADO,0
TK-01236,2025-09-18,,Operaciones,Sin clasificar,2-Media,Formulario web,usuario126@lafortuna.com.co,La versión instalada no coincide con la del área,Requerimiento remitido por la jefatura del área para gestión.,Escalado,0
TK-01252,2025-03-17,,Aplicaciones,Nómina,Alta,formulario,usuario003@lafortuna.com.co,Diferencia en el pago de horas extras,El solicitante indica que la novedad se presenta de forma intermitente desde hace tres días.,REABIERTO,2
TK-00410,2025-12-27,,Operaciones,Viáticos,2-Media,Correo,usuario146@lafortuna.com.co,Cuál es el monto autorizado para hospedaje,Requerimiento remitido por la jefatura del área para gestión.,Escalado,0
TK-01051,2025-04-29,,Talento Humano,Hardware,media,Telefono,usuario023@lafortuna.com.co,La impresora de la sede norte imprime rayada,Requerimiento remitido por la jefatura del área para gestión.,En proceso,0
TK-01040,2025-08-11,,Aplicaciones,Nómina,MEDIA,formulario,usuario107@lafortuna.com.co,Solicito certificado laboral con salario,,REABIERTO,2
TK-01863,2026-06-07,,Infraestructura,Sin clasificar,2-Media,Mesa de ayuda,usuario024@lafortuna.com.co,Se bloqueó mi usuario tras varios intentos,Se solicita atención prioritaria porque afecta la operación del área y el cierre del periodo.,En proceso,0
TK-00023,2026-06-27,,Comercial,Sin clasificar,2-Media,Teléfono,usuario149@lafortuna.com.co,Solicito capacitación en el módulo nuevo,,reabierto,3
TK-00316,2026-06-23,,Talento Humano,Compras,media,formulario,usuario010@lafortuna.com.co,Cómo registro un proveedor nuevo,Requerimiento remitido por la jefatura del área para gestión.,abierto,0
TK-00942,2026-01-22,,Infraestructura,Red,baja,Teléfono,usuario068@lafortuna.com.co,No carga el sistema desde la sede sur,Se solicita atención prioritaria porque afecta la operación del área y el cierre del periodo.,Reabierto,3
TK-01064,2026-04-11,,Infraestructura,Software,baja,Formulario web,usuario046@lafortuna.com.co,Error al guardar el formulario de ingreso,El usuario reporta la novedad desde el inicio de la jornada y requiere solución para continuar con su labor.,reabierto,3
TK-00673,2025-01-22,,Comercial,Accesos,ALTA,Mesa de ayuda,usuario169@lafortuna.com.co,Me retiraron el acceso y aún trabajo en el proceso,El usuario reporta la novedad desde el inicio de la jornada y requiere solución para continuar con su labor.,Escalado,0
TK-00219,2025-06-12,,Compras,Nómina,ALTA,Telefono,usuario035@lafortuna.com.co,Solicito certificado laboral con salario,Se adjunta captura de pantalla del mensaje de error recibido.,Escalado,0
TK-00530,2025-10-28,,Operaciones,Hardware,Baja,Teléfono,usuario018@lafortuna.com.co,El teclado dejó de responder,El caso fue reportado por teléfono y se registra para trazabilidad.,reabierto,0
TK-01195,2025-03-08,,Aplicaciones,Sin clasificar,baja,correo,usuario150@lafortuna.com.co,Cómo registro un proveedor nuevo,Requerimiento remitido por la jefatura del área para gestión.,abierto,0
TK-01283,2025-03-11,,Comercial,Sin clasificar,Critica,Formulario web,usuario170@lafortuna.com.co,Solicito exportar el listado a Excel,Requerimiento remitido por la jefatura del área para gestión.,Reabierto,2
TK-01835,2025-01-09,2025-01-12,Compras,Software,3-Baja,formulario,usuario171@lafortuna.com.co,Error al guardar el formulario de ingreso,El solicitante indica que la novedad se presenta de forma intermitente desde hace tres días.,Escalado,0
TK-01937,2025-07-22,2025-08-13,Calidad,Software,Crítica,Correo,usuario134@lafortuna.com.co,La versión instalada no coincide con la del área,Se adjunta captura de pantalla del mensaje de error recibido.,Cerrado,0
TK-01078,2026-06-19,2026-08-03,Calidad,Sin clasificar,3-Baja,Correo,usuario165@lafortuna.com.co,Necesito material del curso de la semana pasada,El solicitante indica que la novedad se presenta de forma intermitente desde hace tres días.,CERRADO,0
TK-01412,2025-09-27,2025-10-07,Infraestructura,Sin clasificar,alta,formulario,usuario036@lafortuna.com.co,Solicitud varias,El usuario reporta la novedad desde el inicio de la jornada y requiere solución para continuar con su labor.,Escalado,0
TK-01180,2025-02-21,,Aplicaciones,Sin clasificar,Baja,Mesa de ayuda,usuario070@lafortuna.com.co,Solicito reposición de diadema dañada,Se solicita atención prioritaria porque afecta la operación del área y el cierre del periodo.,En proceso,0
TK-00005,2025-09-05,2025-10-05,Operaciones,Sin clasificar,Alta,Correo,usuario126@lafortuna.com.co,Necesito que instalen el visor de planos,El solicitante indica que la novedad se presenta de forma intermitente desde hace tres días.,en proceso,0
TK-01851,2025-04-12,,Infraestructura,Sin clasificar,2-Media,Formulario web,usuario083@lafortuna.com.co,Solicitud varias,El solicitante indica que la novedad se presenta de forma intermitente desde hace tres días.,en proceso,0
TK-01348,2025-02-20,,Talento Humano,Accesos,3-Baja,formulario,usuario162@lafortuna.com.co,Me retiraron el acceso y aún trabajo en el proceso,Se adjunta captura de pantalla del mensaje de error recibido.,Escalado,0
TK-00642,2025-11-22,,Talento Humano,Sin clasificar,Critica,correo,usuario164@lafortuna.com.co,Cómo registro un proveedor nuevo,El caso fue reportado por teléfono y se registra para trazabilidad.,Abierto,0
TK-01750,2026-04-10,2026-05-09,Infraestructura,Sin clasificar,Alta,Telefono,usuario117@lafortuna.com.co,Caída total del sistema en la sede principal,Se solicita atención prioritaria porque afecta la operación del área y el cierre del periodo.,CERRADO,1
TK-01360,2026-03-11,,Contabilidad,Accesos,Media,formulario,usuario068@lafortuna.com.co,Solicito permiso al módulo de cartera,El solicitante indica que la novedad se presenta de forma intermitente desde hace tres días.,en proceso,0
TK-01452,2025-10-17,,Operaciones,Red,Alta,Correo,usuario139@lafortuna.com.co,No carga el sistema desde la sede sur,,en proceso,0
TK-01724,2025-09-14,2025-09-29,Comercial,Compras,media,Formulario web,usuario020@lafortuna.com.co,El proveedor no ha entregado lo solicitado,,CERRADO,0
TK-01331,2025-10-11,,Infraestructura,Red,media,Teléfono,usuario056@lafortuna.com.co,Muy lenta la conexión en la bodega,Se solicita atención prioritaria porque afecta la operación del área y el cierre del periodo.,REABIERTO,3
TK-00007,2025-01-04,2025-01-28,Compras,Red,media,Formulario web,usuario159@lafortuna.com.co,Muy lenta la conexión en la bodega,El usuario reporta la novedad desde el inicio de la jornada y requiere solución para continuar con su labor.,Cerrado,0
TK-01683,2026-01-03,,Comercial,Hardware,alta,correo,usuario035@lafortuna.com.co,Necesito un monitor adicional para el puesto,El caso fue reportado por teléfono y se registra para trazabilidad.,Reabierto,3
TK-01208,2026-05-25,,Infraestructura,Reportes,MEDIA,Correo,usuario163@lafortuna.com.co,El reporte no incluye la sede nueva,El usuario reporta la novedad desde el inicio de la jornada y requiere solución para continuar con su labor.,REABIERTO,2
TK-01484,2026-03-06,,Infraestructura,Viáticos,2-Media,correo,usuario062@lafortuna.com.co,Cuál es el monto autorizado para hospedaje,Se adjunta captura de pantalla del mensaje de error recibido.,REABIERTO,2
TK-00742,2026-03-21,,Aplicaciones,Hardware,Critica,Formulario web,usuario172@lafortuna.com.co,Necesito un monitor adicional para el puesto,El solicitante indica que la novedad se presenta de forma intermitente desde hace tres días.,abierto,0
TK-01434,2025-04-27,2025-05-25,Talento Humano,Sin clasificar,Crítica,correo,usuario095@lafortuna.com.co,Solicito exportar el listado a Excel,,cerrado,1
TK-00620,2026-03-31,2026-04-29,Aplicaciones,Sin clasificar,2-Media,Correo,usuario117@lafortuna.com.co,Solicitud varias,Requerimiento remitido por la jefatura del área para gestión.,Cerrado,0
TK-00192,2025-04-12,2025-04-22,Compras,Sin clasificar,Media,Formulario web,usuario081@lafortuna.com.co,Necesito material del curso de la semana pasada,Se adjunta captura de pantalla del mensaje de error recibido.,REABIERTO,0
TK-01042,2025-01-18,2025-03-03,Aplicaciones,Accesos,CRITICA,formulario,usuario077@lafortuna.com.co,Necesito acceso a la carpeta compartida de mi área,,cerrado,0
TK-00760,2025-07-19,2025-08-28,Contabilidad,Software,Crítica,Correo,usuario035@lafortuna.com.co,Aparece un mensaje de sesión expirada cada cinco minutos,El solicitante indica que la novedad se presenta de forma intermitente desde hace tres días.,cerrado,0
TK-00786,2026-04-24,,Calidad,Accesos,1-Alta,Mesa de ayuda,usuario157@lafortuna.com.co,Necesito acceso a la carpeta compartida de mi área,El caso fue reportado por teléfono y se registra para trazabilidad.,Abierto,0
TK-01467,2025-12-03,,Compras,Red,1-Alta,Mesa de ayuda,usuario113@lafortuna.com.co,No carga el sistema desde la sede sur,Se adjunta captura de pantalla del mensaje de error recibido.,Reabierto,3
TK-01861,2025-12-07,2025-12-23,Comercial,Hardware,ALTA,Teléfono,usuario035@lafortuna.com.co,La impresora de la sede norte imprime rayada,Requerimiento remitido por la jefatura del área para gestión.,cerrado,0
TK-00188,2025-01-01,,Calidad,Sin clasificar,alta,correo,usuario044@lafortuna.com.co,Requerimiento del área,Requerimiento remitido por la jefatura del área para gestión.,Abierto,0
TK-00117,2025-05-29,2025-06-19,Talento Humano,Sin clasificar,CRITICA,Teléfono,usuario180@lafortuna.com.co,La aplicación se cierra al generar el informe,El caso fue reportado por teléfono y se registra para trazabilidad.,cerrado,0
TK-00441,2026-04-20,,Talento Humano,Accesos,MEDIA,Formulario web,usuario005@lafortuna.com.co,Solicito permiso al módulo de cartera,,reabierto,1
TK-01055,2025-11-02,2025-11-06,Contabilidad,Sin clasificar,baja,Mesa de ayuda,usuario155@lafortuna.com.co,Necesito acceso a la carpeta compartida de mi área,El caso fue reportado por teléfono y se registra para trazabilidad.,Cerrado,0
TK-01676,2026-05-18,,Compras,Nómina,3-Baja,correo,usuario127@lafortuna.com.co,Error en el descuento de la quincena,,reabierto,2
TK-00231,2026-04-30,2026-05-25,Aplicaciones,Accesos,Crítica,correo,usuario025@lafortuna.com.co,Necesito acceso a la carpeta compartida de mi área,,cerrado,1
TK-00122,2025-11-13,2025-11-20,Operaciones,Nómina,Critica,Formulario web,usuario129@lafortuna.com.co,Solicito certificado laboral con salario,El usuario reporta la novedad desde el inicio de la jornada y requiere solución para continuar con su labor.,CERRADO,0
TK-01788,2026-06-29,2026-07-17,Contabilidad,Accesos,ALTA,formulario,usuario039@lafortuna.com.co,No puedo entrar al sistema Centrica,,CERRADO,1
TK-01405,2025-05-07,,Infraestructura,Sin clasificar,Alta,Mesa de ayuda,usuario010@lafortuna.com.co,El proveedor no ha entregado lo solicitado,El solicitante indica que la novedad se presenta de forma intermitente desde hace tres días.,Escalado,0
